"Data";"Hora (UTC)";"Temp. Ins. (C)";"Temp. Max. (C)";"Temp. Min. (C)";"Umi. Ins. (%)";"Umi. Max. (%)";"Umi. Min. (%)";"Pto Orvalho Ins. (C)";"Pto Orvalho Max. (C)";"Pto Orvalho Min. (C)";"Pressao Ins. (hPa)";"Pressao Max. (hPa)";"Pressao Min. (hPa)";"Vel. Vento (m/s)";"Dir. Vento (m/s)";"Raj. Vento (m/s)";"Radiacao (KJ/m²)";"Chuva (mm)"
"01/04/2026";"0000";"18,3";"18,8";"17,9";"85,0";"87,0";"82,0";"15,4";"15,5";"15,2";"918,0";"918,2";"917,6";"2,9";"96,0";"5,6";"";"0,0"
"01/04/2026";"0100";"17,6";"17,9";"17,3";"89,0";"91,0";"87,0";"15,4";"15,5";"15,4";"918,5";"918,8";"918,2";"2,5";"92,0";"5,3";"";"0,0"
"01/04/2026";"0200";"17,1";"17,3";"17,0";"92,0";"93,0";"91,0";"15,5";"15,6";"15,4";"918,8";"918,9";"918,6";"2,4";"88,0";"5,4";"";"0,0"
"01/04/2026";"0300";"16,7";"17,1";"16,3";"94,0";"95,0";"92,0";"15,4";"15,6";"15,2";"918,3";"918,7";"918,0";"1,7";"91,0";"3,3";"";"0,0"
"01/04/2026";"0400";"16,2";"16,4";"16,1";"95,0";"96,0";"94,0";"15,3";"15,5";"15,1";"917,9";"918,1";"917,8";"2,4";"96,0";"3,9";"";"0,0"
"01/04/2026";"0500";"16,0";"16,1";"15,9";"96,0";"96,0";"95,0";"15,2";"15,3";"15,0";"917,6";"917,9";"917,4";"1,7";"87,0";"3,8";"";"0,0"
"01/04/2026";"0600";"15,8";"16,0";"15,6";"97,0";"98,0";"96,0";"15,2";"15,3";"15,1";"917,1";"917,4";"916,7";"0,7";"104,0";"2,8";"";"0,0"
"01/04/2026";"0700";"16,0";"16,2";"15,7";"96,0";"97,0";"94,0";"15,2";"15,4";"15,0";"916,6";"916,8";"916,4";"0,5";"85,0";"1,5";"";"0,0"
"01/04/2026";"0800";"15,7";"15,9";"15,5";"98,0";"98,0";"97,0";"15,3";"15,4";"15,0";"916,5";"916,6";"916,4";"1,0";"95,0";"2,9";"";"0,0"
"01/04/2026";"0900";"15,9";"16,2";"15,6";"95,0";"98,0";"93,0";"15,0";"15,2";"14,6";"916,8";"917,0";"916,6";"0,8";"135,0";"2,6";"";"0,0"
"01/04/2026";"1000";"15,2";"15,7";"14,9";"97,0";"99,0";"94,0";"14,5";"14,7";"14,4";"917,2";"917,5";"917,0";"2,1";"103,0";"3,0";"";"0,0"
"01/04/2026";"1100";"15,9";"17,0";"15,0";"96,0";"99,0";"89,0";"15,1";"15,4";"14,7";"917,9";"918,2";"917,5";"0,9";"144,0";"2,4";"";"0,0"
"01/04/2026";"1200";"17,8";"18,7";"17,0";"86,0";"90,0";"80,0";"14,9";"15,3";"14,5";"918,3";"918,5";"918,2";"1,4";"141,0";"4,5";"";"0,0"
"01/04/2026";"1300";"20,1";"21,3";"18,7";"75,0";"81,0";"68,0";"15,1";"16,0";"14,3";"918,5";"918,6";"918,4";"1,5";"146,0";"3,8";"";"0,0"
"01/04/2026";"1400";"22,5";"23,4";"21,2";"67,0";"72,0";"62,0";"15,9";"17,4";"14,8";"918,5";"918,6";"918,3";"1,7";"146,0";"4,8";"";"0,0"
"01/04/2026";"1500";"23,1";"23,6";"22,3";"66,0";"70,0";"62,0";"16,2";"17,2";"15,4";"918,2";"918,4";"918,0";"1,6";"216,0";"4,5";"";"0,0"
"01/04/2026";"1600";"23,8";"24,3";"23,5";"64,0";"69,0";"61,0";"16,5";"17,7";"15,7";"917,8";"918,0";"917,5";"1,4";"210,0";"3,1";"";"0,0"
"01/04/2026";"1700";"24,1";"24,9";"23,6";"63,0";"69,0";"57,0";"16,7";"17,5";"16,0";"917,1";"917,4";"916,7";"1,6";"254,0";"3,5";"";"0,0"
"01/04/2026";"1800";"24,6";"25,0";"24,3";"60,0";"67,0";"56,0";"16,7";"18,2";"15,6";"916,5";"916,7";"916,2";"0,5";"143,0";"1,2";"";"0,0"
"01/04/2026";"1900";"24,6";"24,9";"24,2";"59,0";"68,0";"53,0";"16,5";"17,9";"15,4";"916,1";"916,3";"916,0";"1,2";"94,0";"2,5";"";"0,0"
"01/04/2026";"2000";"24,9";"25,6";"24,0";"61,0";"67,0";"56,0";"17,1";"17,8";"16,6";"915,9";"916,0";"915,8";"0,9";"144,0";"2,9";"";"0,0"
"01/04/2026";"2100";"24,4";"24,9";"22,8";"64,0";"73,0";"59,0";"17,3";"17,9";"16,6";"916,0";"916,1";"915,9";"0,4";"130,0";"1,8";"";"0,0"
"01/04/2026";"2200";"21,3";"22,7";"20,3";"76,0";"78,0";"71,0";"16,5";"17,0";"15,8";"916,1";"916,2";"916,0";"1,4";"103,0";"2,4";"";"0,0"
"01/04/2026";"2300";"19,6";"20,3";"19,2";"81,0";"84,0";"78,0";"15,9";"16,1";"15,3";"916,5";"917,0";"916,2";"0,6";"101,0";"1,7";"";"0,0"
"02/04/2026";"0000";"19,4";"19,7";"19,2";"77,0";"81,0";"74,0";"14,9";"15,7";"14,2";"917,4";"917,6";"917,0";"2,1";"275,0";"4,5";"";"0,0"
"02/04/2026";"0100";"19,1";"19,4";"18,8";"76,0";"80,0";"73,0";"14,4";"14,8";"13,9";"917,6";"917,8";"917,5";"0,7";"162,0";"2,2";"";"0,0"
"02/04/2026";"0200";"18,0";"18,8";"17,1";"83,0";"88,0";"79,0";"14,6";"14,8";"14,5";"917,7";"917,8";"917,7";"1,2";"98,0";"2,2";"";"0,0"
"02/04/2026";"0300";"17,4";"17,7";"17,0";"84,0";"88,0";"81,0";"14,2";"14,7";"13,9";"917,7";"917,9";"917,5";"1,2";"109,0";"2,1";"";"0,0"
"02/04/2026";"0400";"17,9";"18,1";"17,6";"84,0";"84,0";"82,0";"14,6";"14,9";"14,3";"917,7";"917,8";"917,6";"0,8";"182,0";"2,6";"";"0,0"
"02/04/2026";"0500";"17,7";"17,9";"17,6";"86,0";"88,0";"84,0";"14,9";"15,3";"14,7";"917,6";"917,7";"917,5";"1,3";"176,0";"4,3";"";"0,0"
"02/04/2026";"0600";"17,5";"17,6";"17,5";"90,0";"92,0";"88,0";"15,5";"15,9";"15,3";"917,3";"917,5";"917,1";"1,5";"100,0";"5,0";"";"0,0"
"02/04/2026";"0700";"17,3";"17,5";"17,1";"94,0";"95,0";"92,0";"16,0";"16,1";"16,0";"917,1";"917,2";"917,1";"0,8";"153,0";"4,0";"";"0,0"
"02/04/2026";"0800";"17,3";"17,5";"17,1";"95,0";"96,0";"95,0";"16,4";"16,6";"16,1";"917,0";"917,1";"917,0";"0,8";"131,0";"3,2";"";"0,0"
"02/04/2026";"0900";"17,5";"17,6";"17,4";"95,0";"96,0";"95,0";"16,6";"16,7";"16,6";"917,2";"917,4";"917,0";"0,6";"169,0";"2,6";"";"0,0"
"02/04/2026";"1000";"17,5";"17,6";"17,3";"96,0";"97,0";"95,0";"16,7";"16,8";"16,6";"917,4";"917,6";"917,3";"0,9";"93,0";"2,7";"";"0,0"
"02/04/2026";"1100";"17,6";"18,5";"17,3";"96,0";"98,0";"93,0";"16,9";"17,2";"16,7";"917,8";"917,9";"917,6";"1,2";"90,0";"3,1";"";"0,0"
"02/04/2026";"1200";"19,4";"20,3";"18,5";"90,0";"93,0";"86,0";"17,3";"17,8";"17,0";"918,2";"918,4";"917,9";"1,8";"205,0";"3,9";"";"0,0"
"02/04/2026";"1300";"21,4";"22,6";"20,4";"82,0";"86,0";"76,0";"17,8";"18,4";"17,3";"918,5";"918,7";"918,4";"2,3";"292,0";"4,0";"";"0,0"
"02/04/2026";"1400";"23,3";"24,1";"22,6";"76,0";"79,0";"72,0";"18,4";"19,4";"17,9";"918,7";"918,8";"918,6";"2,4";"299,0";"4,4";"";"0,0"
"02/04/2026";"1500";"25,1";"25,9";"23,9";"69,0";"76,0";"62,0";"18,8";"19,7";"18,0";"918,7";"918,8";"918,5";"3,5";"314,0";"7,0";"";"0,0"
"02/04/2026";"1600";"26,6";"27,6";"25,8";"59,0";"68,0";"51,0";"18,4";"19,9";"17,3";"918,0";"918,5";"917,5";"2,5";"281,0";"5,6";"";"0,0"
"02/04/2026";"1700";"26,6";"27,6";"25,3";"52,0";"57,0";"44,0";"17,0";"18,7";"15,4";"917,3";"917,6";"917,1";"3,3";"293,0";"6,2";"";"0,0"
"02/04/2026";"1800";"27,3";"28,0";"25,4";"43,0";"55,0";"32,0";"15,9";"18,1";"14,2";"917,0";"917,2";"916,9";"2,5";"265,0";"6,2";"";"0,0"
"02/04/2026";"1900";"27,4";"28,4";"26,3";"38,0";"43,0";"33,0";"15,1";"16,1";"14,2";"917,2";"917,4";"916,9";"1,2";"242,0";"3,6";"";"0,0"
"02/04/2026";"2000";"24,9";"26,4";"22,5";"56,0";"75,0";"39,0";"16,1";"17,6";"14,2";"917,6";"917,9";"917,4";"1,8";"84,0";"5,9";"";"0,0"
"02/04/2026";"2100";"21,5";"22,5";"20,4";"77,0";"80,0";"75,0";"17,0";"17,8";"16,4";"918,0";"918,1";"917,9";"1,0";"91,0";"2,9";"";"0,0"
"02/04/2026";"2200";"19,8";"20,4";"19,0";"83,0";"86,0";"80,0";"16,4";"16,7";"16,2";"918,1";"918,1";"918,0";"0,8";"90,0";"2,3";"";"0,0"
"02/04/2026";"2300";"18,7";"19,0";"18,5";"88,0";"90,0";"86,0";"16,4";"16,5";"16,2";"918,3";"918,7";"918,0";"1,5";"92,0";"3,1";"";"0,0"
"03/04/2026";"0000";"18,4";"18,5";"18,2";"90,0";"91,0";"89,0";"16,4";"16,5";"16,3";"918,8";"919,0";"918,7";"2,3";"124,0";"3,3";"";"0,0"
"03/04/2026";"0100";"17,6";"18,1";"17,4";"94,0";"95,0";"91,0";"16,3";"16,4";"16,2";"919,1";"919,5";"918,9";"2,0";"95,0";"3,4";"";"0,0"
"03/04/2026";"0200";"17,1";"17,5";"16,7";"96,0";"97,0";"94,0";"16,2";"16,4";"16,0";"919,7";"919,8";"919,5";"0,3";"131,0";"1,2";"";"0,0"
"03/04/2026";"0300";"17,0";"17,1";"16,6";"91,0";"96,0";"87,0";"15,1";"16,0";"14,6";"919,6";"919,8";"919,5";"0,5";"154,0";"2,6";"";"0,0"
"03/04/2026";"0400";"16,4";"16,6";"16,2";"91,0";"93,0";"89,0";"14,6";"14,9";"14,4";"919,3";"919,5";"919,2";"0,4";"123,0";"1,2";"";"0,0"
"03/04/2026";"0500";"16,4";"16,7";"16,1";"92,0";"93,0";"90,0";"14,7";"14,8";"14,5";"919,1";"919,3";"919,0";"0,8";"122,0";"1,8";"";"0,0"
"03/04/2026";"0600";"16,2";"16,7";"15,8";"92,0";"95,0";"90,0";"14,7";"14,9";"14,5";"918,9";"919,1";"918,8";"1,0";"92,0";"2,5";"";"0,0"
"03/04/2026";"0700";"15,9";"16,3";"15,5";"94,0";"96,0";"92,0";"14,7";"14,8";"14,7";"918,6";"918,8";"918,4";"0,7";"90,0";"2,1";"";"0,0"
"03/04/2026";"0800";"15,6";"15,7";"15,2";"95,0";"97,0";"94,0";"14,6";"14,8";"14,5";"918,2";"918,3";"918,1";"0,4";"66,0";"0,7";"";"0,0"
"03/04/2026";"0900";"15,4";"15,8";"15,2";"97,0";"98,0";"96,0";"14,9";"15,1";"14,6";"918,5";"918,8";"918,1";"0,4";"72,0";"1,4";"";"0,0"
"03/04/2026";"1000";"15,7";"16,1";"15,5";"97,0";"98,0";"96,0";"15,1";"15,3";"14,8";"919,0";"919,3";"918,8";"0,4";"76,0";"1,8";"";"0,0"
"03/04/2026";"1100";"16,4";"16,9";"16,1";"93,0";"95,0";"91,0";"15,0";"15,2";"14,9";"919,5";"919,8";"919,3";"0,6";"114,0";"2,2";"";"0,0"
"03/04/2026";"1200";"17,4";"18,3";"16,9";"90,0";"92,0";"88,0";"15,4";"16,4";"14,9";"920,2";"920,5";"919,9";"0,6";"152,0";"2,2";"";"0,0"
"03/04/2026";"1300";"19,5";"20,9";"18,4";"82,0";"87,0";"77,0";"15,9";"16,8";"15,2";"920,5";"920,6";"920,4";"1,1";"198,0";"3,4";"";"0,0"
"03/04/2026";"1400";"22,7";"24,2";"21,0";"75,0";"80,0";"70,0";"17,6";"18,8";"16,3";"920,6";"920,6";"920,5";"2,4";"296,0";"4,2";"";"0,0"
"03/04/2026";"1500";"24,8";"25,8";"23,9";"69,0";"74,0";"63,0";"18,5";"19,7";"17,8";"920,4";"920,5";"920,3";"2,6";"275,0";"5,9";"";"0,0"
"03/04/2026";"1600";"25,9";"26,8";"25,3";"65,0";"69,0";"61,0";"18,9";"20,0";"18,1";"920,1";"920,3";"919,9";"2,1";"228,0";"5,7";"";"0,0"
"03/04/2026";"1700";"26,1";"27,0";"25,5";"63,0";"68,0";"59,0";"18,8";"20,0";"18,0";"919,6";"920,0";"919,2";"2,5";"265,0";"5,0";"";"0,0"
"03/04/2026";"1800";"26,4";"27,8";"25,5";"59,0";"64,0";"54,0";"18,3";"19,5";"17,7";"919,1";"919,3";"918,9";"2,6";"282,0";"5,0";"";"0,0"
"03/04/2026";"1900";"25,9";"26,9";"25,5";"61,0";"65,0";"56,0";"18,1";"18,7";"17,5";"918,8";"918,9";"918,8";"1,4";"290,0";"3,1";"";"0,0"
"03/04/2026";"2000";"26,6";"27,4";"25,9";"59,0";"64,0";"56,0";"18,5";"19,2";"17,9";"918,6";"918,8";"918,5";"2,1";"288,0";"4,2";"";"0,0"
"03/04/2026";"2100";"26,1";"26,9";"24,3";"60,0";"71,0";"55,0";"18,1";"18,6";"17,6";"918,7";"918,9";"918,6";"1,9";"198,0";"4,8";"";"0,0"
"03/04/2026";"2200";"23,2";"24,3";"22,3";"76,0";"81,0";"71,0";"18,4";"18,5";"18,2";"918,9";"919,2";"918,7";"1,7";"183,0";"3,3";"";"0,0"
"03/04/2026";"2300";"21,7";"22,3";"20,9";"83,0";"87,0";"81,0";"18,3";"18,4";"18,2";"919,5";"919,9";"919,2";"1,9";"118,0";"3,6";"";"0,0"
"04/04/2026";"0000";"20,3";"20,9";"19,9";"88,0";"90,0";"86,0";"18,0";"18,2";"17,9";"920,1";"920,3";"919,9";"2,0";"109,0";"3,4";"";"0,0"
"04/04/2026";"0100";"19,9";"20,2";"19,5";"90,0";"92,0";"88,0";"17,9";"18,0";"17,8";"920,4";"920,6";"920,3";"2,2";"104,0";"4,1";"";"0,0"
"04/04/2026";"0200";"19,3";"19,6";"19,0";"93,0";"95,0";"92,0";"18,0";"18,1";"17,9";"920,6";"920,7";"920,5";"2,0";"107,0";"3,4";"";"0,0"
"04/04/2026";"0300";"18,7";"19,0";"18,5";"96,0";"97,0";"95,0";"17,9";"18,0";"17,8";"920,5";"920,6";"920,4";"1,2";"88,0";"2,6";"";"0,0"
"04/04/2026";"0400";"18,5";"18,6";"18,3";"98,0";"99,0";"97,0";"18,1";"18,3";"17,9";"920,5";"920,5";"920,4";"0,9";"130,0";"2,4";"";"0,0"
"04/04/2026";"0500";"18,3";"18,5";"18,0";"99,0";"99,0";"98,0";"18,1";"18,2";"17,7";"920,3";"920,6";"920,1";"1,1";"204,0";"2,3";"";"0,0"
"04/04/2026";"0600";"18,0";"18,2";"17,9";"99,0";"100,0";"99,0";"17,9";"18,1";"17,7";"919,9";"920,2";"919,6";"1,8";"96,0";"3,0";"";"0,0"
"04/04/2026";"0700";"17,4";"17,9";"17,0";"100,0";"100,0";"99,0";"17,3";"17,8";"16,9";"919,5";"919,6";"919,4";"0,5";"98,0";"1,3";"";"0,0"
"04/04/2026";"0800";"17,5";"17,6";"17,3";"100,0";"100,0";"100,0";"17,4";"17,6";"17,3";"919,3";"919,4";"919,1";"1,1";"85,0";"2,7";"";"0,0"
"04/04/2026";"0900";"17,5";"17,7";"17,4";"100,0";"100,0";"100,0";"17,5";"17,7";"17,3";"919,4";"919,6";"919,2";"1,1";"92,0";"2,2";"";"0,0"
"04/04/2026";"1000";"17,2";"17,4";"17,1";"100,0";"100,0";"100,0";"17,2";"17,4";"17,1";"919,8";"920,1";"919,6";"0,5";"113,0";"2,7";"";"0,0"
"04/04/2026";"1100";"17,4";"17,6";"17,3";"100,0";"100,0";"100,0";"17,4";"17,6";"17,3";"920,6";"921,0";"920,1";"0,7";"164,0";"1,8";"";"0,0"
"04/04/2026";"1200";"18,1";"18,7";"17,5";"100,0";"100,0";"99,0";"18,0";"18,5";"17,5";"921,3";"921,5";"921,0";"0,6";"166,0";"1,6";"";"0,0"
"04/04/2026";"1300";"20,2";"21,9";"18,7";"89,0";"99,0";"81,0";"18,1";"18,7";"17,6";"921,5";"921,7";"921,4";"1,6";"286,0";"3,9";"";"0,0"
"04/04/2026";"1400";"23,3";"24,8";"21,8";"77,0";"84,0";"70,0";"18,8";"19,6";"18,0";"921,6";"921,7";"921,5";"2,7";"306,0";"5,3";"";"0,0"
"04/04/2026";"1500";"25,5";"26,7";"24,6";"67,0";"76,0";"58,0";"18,8";"19,8";"17,9";"921,4";"921,6";"921,1";"2,9";"304,0";"5,2";"";"0,0"
"04/04/2026";"1600";"26,9";"27,8";"26,1";"55,0";"63,0";"47,0";"17,9";"19,5";"15,9";"921,0";"921,2";"920,9";"4,0";"258,0";"11,2";"";"0,0"
"04/04/2026";"1700";"27,4";"28,2";"26,5";"48,0";"52,0";"44,0";"17,1";"17,8";"16,4";"920,6";"921,0";"920,3";"2,7";"268,0";"7,7";"";"0,0"
"04/04/2026";"1800";"27,9";"28,4";"27,3";"44,0";"48,0";"40,0";"16,8";"17,5";"15,9";"920,3";"920,4";"920,1";"3,4";"281,0";"7,1";"";"0,0"
"04/04/2026";"1900";"27,8";"29,0";"26,9";"47,0";"51,0";"43,0";"17,3";"18,5";"16,3";"920,2";"920,3";"920,0";"2,1";"253,0";"5,1";"";"0,0"
"04/04/2026";"2000";"26,4";"28,1";"24,8";"58,0";"66,0";"46,0";"17,9";"18,7";"17,0";"920,1";"920,2";"920,0";"3,1";"196,0";"5,8";"";"0,0"
"04/04/2026";"2100";"23,8";"24,8";"23,0";"68,0";"70,0";"65,0";"17,4";"18,1";"16,7";"920,1";"920,2";"919,9";"2,6";"200,0";"5,5";"";"0,0"
"04/04/2026";"2200";"22,7";"23,1";"22,3";"69,0";"70,0";"68,0";"16,5";"16,8";"16,2";"920,4";"920,6";"920,1";"2,6";"195,0";"4,9";"";"0,0"
"04/04/2026";"2300";"21,9";"22,3";"21,8";"73,0";"76,0";"70,0";"16,5";"16,9";"16,2";"920,7";"920,8";"920,6";"1,9";"176,0";"4,3";"";"0,0"
"05/04/2026";"0000";"21,5";"21,8";"21,2";"78,0";"81,0";"76,0";"17,2";"17,4";"16,9";"921,1";"921,6";"920,8";"1,0";"223,0";"3,3";"";"0,0"
"05/04/2026";"0100";"20,9";"21,2";"20,4";"84,0";"88,0";"81,0";"17,8";"18,0";"17,4";"921,7";"921,9";"921,5";"1,4";"169,0";"3,2";"";"0,0"
"05/04/2026";"0200";"20,5";"20,5";"20,3";"88,0";"90,0";"87,0";"18,1";"18,3";"17,9";"922,1";"922,3";"921,9";"0,9";"135,0";"1,7";"";"0,0"
"05/04/2026";"0300";"20,0";"20,3";"19,7";"90,0";"92,0";"89,0";"18,0";"18,2";"17,8";"922,2";"922,4";"922,1";"1,3";"131,0";"2,6";"";"0,0"
"05/04/2026";"0400";"19,3";"19,7";"18,7";"92,0";"94,0";"89,0";"17,7";"18,4";"16,5";"922,2";"922,4";"921,9";"1,9";"154,0";"5,0";"";"0,0"
"05/04/2026";"0500";"18,1";"18,6";"18,0";"91,0";"92,0";"90,0";"16,4";"16,6";"16,3";"922,2";"922,3";"922,1";"1,8";"149,0";"4,6";"";"0,0"
"05/04/2026";"0600";"18,0";"18,0";"18,0";"93,0";"93,0";"92,0";"16,5";"16,6";"16,4";"922,5";"922,6";"922,2";"2,0";"168,0";"4,0";"";"0,0"
"05/04/2026";"0700";"17,9";"18,0";"17,8";"93,0";"94,0";"92,0";"16,5";"16,6";"16,4";"922,3";"922,5";"922,2";"1,0";"144,0";"2,8";"";"0,0"
"05/04/2026";"0800";"17,7";"17,8";"17,7";"94,0";"95,0";"94,0";"16,6";"16,7";"16,5";"922,3";"922,5";"922,2";"1,1";"174,0";"2,4";"";"0,0"
"05/04/2026";"0900";"17,6";"17,8";"17,5";"95,0";"96,0";"94,0";"16,6";"16,7";"16,5";"922,7";"923,2";"922,4";"0,4";"117,0";"1,4";"";"0,0"
"05/04/2026";"1000";"17,7";"17,9";"17,6";"95,0";"96,0";"94,0";"16,7";"16,8";"16,6";"923,4";"923,5";"923,2";"1,0";"114,0";"1,8";"";"0,0"
"05/04/2026";"1100";"18,2";"18,5";"17,9";"93,0";"95,0";"91,0";"16,8";"17,0";"16,7";"923,6";"923,9";"923,5";"1,8";"123,0";"3,5";"";"0,0"
"05/04/2026";"1200";"19,0";"19,6";"18,5";"89,0";"92,0";"84,0";"16,8";"17,1";"16,4";"924,1";"924,4";"923,9";"2,9";"104,0";"6,0";"";"0,0"
"05/04/2026";"1300";"20,1";"20,8";"19,5";"83,0";"87,0";"79,0";"16,6";"17,1";"16,2";"924,4";"924,5";"924,3";"2,2";"105,0";"4,6";"";"0,0"
"05/04/2026";"1400";"20,5";"21,0";"20,0";"83,0";"88,0";"78,0";"17,0";"17,6";"16,6";"924,3";"924,4";"924,1";"2,2";"130,0";"4,6";"";"0,0"
"05/04/2026";"1500";"21,7";"22,8";"20,1";"79,0";"89,0";"73,0";"17,6";"18,2";"16,8";"924,0";"924,2";"923,8";"2,7";"126,0";"5,6";"";"0,0"
"05/04/2026";"1600";"21,3";"22,2";"20,5";"79,0";"86,0";"74,0";"17,2";"17,8";"16,5";"923,7";"923,9";"923,4";"2,0";"125,0";"4,8";"";"0,0"
"05/04/2026";"1700";"21,7";"22,5";"20,5";"80,0";"88,0";"75,0";"17,7";"18,8";"17,1";"923,3";"923,5";"923,1";"2,6";"168,0";"5,3";"";"0,0"
"05/04/2026";"1800";"22,3";"23,2";"21,0";"76,0";"82,0";"71,0";"17,5";"18,4";"17,1";"922,8";"923,1";"922,5";"3,3";"128,0";"6,8";"";"0,0"
"05/04/2026";"1900";"22,3";"23,3";"20,8";"75,0";"79,0";"69,0";"17,3";"18,1";"16,4";"922,5";"922,6";"922,3";"3,3";"119,0";"6,2";"";"0,0"
"05/04/2026";"2000";"20,4";"20,8";"19,6";"79,0";"82,0";"77,0";"16,2";"17,1";"15,6";"922,6";"922,7";"922,5";"4,2";"129,0";"7,8";"";"0,0"
"05/04/2026";"2100";"19,0";"19,5";"18,4";"82,0";"85,0";"81,0";"15,5";"15,8";"15,3";"922,7";"922,7";"922,6";"3,7";"110,0";"7,5";"";"0,0"
"05/04/2026";"2200";"18,1";"18,4";"18,0";"85,0";"87,0";"83,0";"15,1";"15,5";"14,6";"922,8";"923,0";"922,6";"4,6";"107,0";"7,7";"";"0,0"
"05/04/2026";"2300";"17,6";"17,9";"17,2";"84,0";"85,0";"83,0";"14,3";"14,6";"14,1";"923,1";"923,4";"922,8";"4,4";"105,0";"8,0";"";"0,0"
"06/04/2026";"0000";"17,0";"17,2";"16,8";"85,0";"86,0";"84,0";"14,0";"14,2";"13,8";"923,4";"923,5";"923,1";"4,6";"97,0";"10,0";"";"0,0"
"06/04/2026";"0100";"16,7";"16,8";"16,6";"86,0";"88,0";"85,0";"14,0";"14,2";"13,9";"923,3";"923,5";"922,9";"4,1";"98,0";"8,5";"";"0,0"
"06/04/2026";"0200";"16,5";"16,7";"16,5";"88,0";"89,0";"87,0";"14,1";"14,3";"14,0";"923,5";"923,6";"923,2";"4,0";"97,0";"8,2";"";"0,0"
"06/04/2026";"0300";"16,4";"16,5";"16,2";"88,0";"89,0";"88,0";"14,0";"14,2";"13,9";"923,6";"923,8";"923,4";"4,2";"95,0";"7,7";"";"0,0"
"06/04/2026";"0400";"16,1";"16,2";"16,0";"90,0";"91,0";"89,0";"14,0";"14,1";"14,0";"923,5";"923,6";"923,4";"3,0";"88,0";"6,8";"";"0,0"
"06/04/2026";"0500";"15,8";"16,0";"15,7";"91,0";"92,0";"90,0";"14,0";"14,1";"14,0";"923,3";"923,5";"923,1";"2,1";"79,0";"5,2";"";"0,0"
"06/04/2026";"0600";"15,7";"15,8";"15,7";"92,0";"92,0";"91,0";"14,0";"14,2";"14,0";"922,9";"923,2";"922,6";"2,5";"79,0";"5,9";"";"0,0"
"06/04/2026";"0700";"15,6";"15,7";"15,6";"92,0";"92,0";"92,0";"14,0";"14,1";"14,0";"922,6";"922,7";"922,5";"2,3";"78,0";"5,7";"";"0,0"
"06/04/2026";"0800";"15,5";"15,6";"15,5";"92,0";"92,0";"92,0";"13,9";"14,0";"13,9";"922,6";"922,8";"922,5";"2,9";"83,0";"6,0";"";"0,0"
"06/04/2026";"0900";"15,4";"15,5";"15,4";"92,0";"93,0";"92,0";"13,9";"14,0";"13,8";"922,6";"922,9";"922,4";"2,4";"82,0";"5,9";"";"0,0"
"06/04/2026";"1000";"15,4";"15,7";"15,3";"93,0";"93,0";"92,0";"14,0";"14,1";"13,9";"923,1";"923,4";"922,9";"2,3";"86,0";"4,8";"";"0,0"
"06/04/2026";"1100";"16,2";"16,8";"15,7";"91,0";"92,0";"88,0";"14,4";"14,7";"14,1";"923,5";"923,7";"923,3";"2,0";"80,0";"4,8";"";"0,0"
"06/04/2026";"1200";"17,5";"17,8";"16,8";"87,0";"89,0";"85,0";"14,9";"15,1";"14,5";"923,8";"924,0";"923,6";"1,9";"75,0";"5,5";"";"0,0"
"06/04/2026";"1300";"19,5";"20,7";"17,9";"80,0";"86,0";"75,0";"15,6";"16,4";"15,0";"923,9";"924,0";"923,8";"1,6";"98,0";"5,0";"";"0,0"
"06/04/2026";"1400";"22,1";"23,3";"20,7";"73,0";"78,0";"68,0";"16,7";"18,0";"15,7";"923,8";"923,9";"923,5";"1,7";"159,0";"5,2";"";"0,0"
"06/04/2026";"1500";"23,9";"24,7";"23,1";"67,0";"72,0";"63,0";"17,3";"18,1";"16,3";"923,3";"923,6";"922,8";"2,6";"175,0";"6,8";"";"0,0"
"06/04/2026";"1600";"25,4";"25,9";"24,6";"64,0";"67,0";"60,0";"18,1";"19,0";"17,4";"922,4";"922,8";"921,9";"1,6";"155,0";"5,0";"";"0,0"
"06/04/2026";"1700";"26,1";"27,2";"24,7";"62,0";"67,0";"58,0";"18,5";"19,7";"17,6";"921,5";"921,9";"921,0";"1,6";"186,0";"3,8";"";"0,0"
"06/04/2026";"1800";"26,2";"27,3";"25,3";"61,0";"64,0";"57,0";"18,3";"19,2";"17,4";"921,0";"921,2";"920,9";"1,8";"170,0";"4,6";"";"0,0"
"06/04/2026";"1900";"26,3";"27,1";"25,7";"61,0";"66,0";"57,0";"18,6";"19,5";"17,9";"920,8";"920,9";"920,7";"1,7";"153,0";"4,7";"";"0,0"
"06/04/2026";"2000";"25,0";"26,4";"24,0";"66,0";"69,0";"60,0";"18,1";"18,8";"17,5";"920,9";"920,9";"920,8";"1,4";"210,0";"4,4";"";"0,0"
"06/04/2026";"2100";"23,0";"23,9";"21,8";"75,0";"83,0";"68,0";"18,0";"18,4";"17,5";"920,7";"920,8";"920,7";"2,9";"91,0";"5,7";"";"0,0"
"06/04/2026";"2200";"20,7";"21,7";"20,0";"87,0";"89,0";"83,0";"18,0";"18,3";"17,8";"920,8";"921,0";"920,6";"3,1";"95,0";"6,0";"";"0,0"
"06/04/2026";"2300";"19,7";"20,0";"19,5";"91,0";"93,0";"90,0";"17,9";"18,0";"17,9";"921,1";"921,3";"921,0";"2,0";"83,0";"3,9";"";"0,0"
"07/04/2026";"0000";"19,4";"19,5";"19,1";"93,0";"94,0";"92,0";"18,0";"18,0";"17,9";"921,4";"921,5";"921,2";"1,2";"83,0";"4,3";"";"0,0"
"07/04/2026";"0100";"19,2";"19,2";"19,1";"94,0";"94,0";"94,0";"18,0";"18,0";"17,9";"921,9";"922,1";"921,6";"1,6";"78,0";"3,9";"";"0,0"
"07/04/2026";"0200";"19,1";"19,2";"19,0";"94,0";"94,0";"93,0";"17,8";"18,0";"17,6";"922,0";"922,1";"921,7";"2,2";"85,0";"4,9";"";"0,0"
"07/04/2026";"0300";"19,0";"19,0";"19,0";"92,0";"93,0";"91,0";"17,4";"17,6";"17,3";"921,6";"921,9";"921,2";"2,4";"87,0";"4,6";"";"0,0"
"07/04/2026";"0400";"18,9";"19,0";"18,9";"92,0";"92,0";"92,0";"17,3";"17,4";"17,2";"920,9";"921,2";"920,5";"1,8";"86,0";"3,9";"";"0,0"
"07/04/2026";"0500";"18,9";"19,0";"18,9";"91,0";"92,0";"89,0";"17,1";"17,3";"16,8";"920,5";"920,6";"920,3";"1,3";"126,0";"5,8";"";"0,0"
"07/04/2026";"0600";"19,3";"19,5";"19,0";"87,0";"89,0";"86,0";"16,7";"16,9";"16,6";"920,2";"920,4";"920,0";"1,1";"119,0";"4,0";"";"0,0"
"07/04/2026";"0700";"19,6";"19,7";"19,4";"86,0";"87,0";"85,0";"16,8";"17,0";"16,6";"919,5";"920,2";"918,7";"1,3";"132,0";"4,4";"";"0,0"
"07/04/2026";"0800";"19,7";"19,9";"19,6";"85,0";"86,0";"83,0";"16,6";"16,7";"16,6";"918,9";"919,1";"918,8";"2,2";"144,0";"8,0";"";"0,0"
"07/04/2026";"0900";"19,7";"19,9";"19,5";"84,0";"85,0";"83,0";"16,6";"16,7";"16,5";"919,0";"919,2";"918,8";"1,1";"158,0";"3,4";"";"0,0"
"07/04/2026";"1000";"19,4";"19,7";"19,2";"86,0";"88,0";"84,0";"16,6";"16,8";"16,5";"919,0";"919,2";"918,8";"1,3";"119,0";"3,7";"";"0,0"
"07/04/2026";"1100";"19,7";"20,2";"19,3";"86,0";"88,0";"84,0";"16,8";"17,1";"16,7";"919,2";"919,5";"919,0";"1,2";"123,0";"3,5";"";"0,0"
"07/04/2026";"1200";"21,1";"21,9";"20,1";"80,0";"84,0";"75,0";"17,2";"17,6";"16,8";"919,5";"919,6";"919,3";"1,7";"161,0";"5,4";"";"0,0"
"07/04/2026";"1300";"22,4";"23,3";"21,8";"75,0";"78,0";"71,0";"17,4";"18,2";"17,0";"919,3";"919,5";"919,2";"2,1";"212,0";"6,7";"";"0,0"
"07/04/2026";"1400";"23,3";"24,2";"23,0";"72,0";"74,0";"67,0";"17,7";"18,3";"17,3";"919,1";"919,4";"918,6";"3,1";"188,0";"7,9";"";"0,0"
"07/04/2026";"1500";"24,6";"25,0";"24,2";"69,0";"71,0";"66,0";"18,3";"19,2";"17,7";"918,2";"918,6";"917,7";"2,8";"285,0";"5,5";"";"0,0"
"07/04/2026";"1600";"24,9";"25,3";"24,7";"69,0";"71,0";"67,0";"18,7";"19,1";"18,2";"917,4";"917,8";"917,0";"2,7";"247,0";"7,5";"";"0,0"
"07/04/2026";"1700";"25,4";"25,7";"25,1";"67,0";"70,0";"64,0";"18,8";"19,5";"18,2";"916,5";"917,1";"915,9";"3,6";"299,0";"7,4";"";"0,0"
"07/04/2026";"1800";"24,5";"25,6";"23,3";"72,0";"82,0";"64,0";"18,9";"19,9";"18,4";"915,5";"915,9";"915,1";"2,6";"310,0";"7,4";"";"0,2"
"07/04/2026";"1900";"24,3";"24,8";"23,8";"74,0";"78,0";"70,0";"19,2";"19,7";"18,6";"914,8";"915,2";"914,5";"3,4";"315,0";"6,1";"";"0,0"
"07/04/2026";"2000";"24,6";"25,3";"24,0";"72,0";"75,0";"68,0";"19,0";"19,8";"18,6";"914,2";"914,6";"914,1";"2,5";"283,0";"5,0";"";"0,0"
"07/04/2026";"2100";"21,0";"23,9";"17,8";"89,0";"98,0";"74,0";"18,8";"20,2";"17,2";"914,8";"915,7";"914,1";"6,0";"301,0";"11,0";"";"7,7"
"07/04/2026";"2200";"17,5";"17,8";"17,1";"98,0";"99,0";"97,0";"17,0";"17,3";"16,6";"915,7";"916,1";"915,2";"4,2";"306,0";"10,0";"";"4,4"
"07/04/2026";"2300";"17,0";"17,1";"16,9";"98,0";"99,0";"97,0";"16,6";"16,7";"16,5";"914,7";"915,3";"913,2";"1,5";"141,0";"4,6";"";"1,2"
"08/04/2026";"0000";"16,9";"17,0";"16,8";"99,0";"99,0";"98,0";"16,6";"16,7";"16,5";"914,8";"915,9";"913,2";"2,0";"261,0";"4,9";"";"0,2"
"08/04/2026";"0100";"16,7";"16,8";"16,7";"98,0";"99,0";"97,0";"16,4";"16,5";"16,2";"915,1";"915,3";"914,9";"3,1";"316,0";"8,1";"";"0,0"
"08/04/2026";"0200";"16,9";"17,0";"16,7";"97,0";"97,0";"97,0";"16,3";"16,4";"16,2";"915,0";"915,2";"914,9";"3,8";"323,0";"6,4";"";"0,0"
"08/04/2026";"0300";"17,1";"17,3";"17,0";"97,0";"98,0";"97,0";"16,6";"16,8";"16,4";"914,6";"915,0";"914,4";"4,1";"318,0";"8,1";"";"0,0"
"08/04/2026";"0400";"17,5";"17,6";"17,3";"96,0";"97,0";"95,0";"16,8";"16,8";"16,7";"914,3";"914,4";"914,2";"4,4";"314,0";"8,6";"";"0,0"
"08/04/2026";"0500";"17,5";"17,6";"17,4";"96,0";"97,0";"95,0";"16,7";"16,9";"16,5";"913,8";"914,2";"913,4";"3,7";"306,0";"7,8";"";"0,0"
"08/04/2026";"0600";"17,5";"17,5";"17,4";"96,0";"97,0";"95,0";"16,6";"16,8";"16,4";"913,5";"913,7";"913,3";"4,1";"315,0";"7,4";"";"0,0"
"08/04/2026";"0700";"17,4";"17,5";"17,4";"96,0";"97,0";"95,0";"16,7";"16,8";"16,5";"913,6";"913,7";"913,5";"4,3";"310,0";"9,2";"";"0,0"
"08/04/2026";"0800";"17,5";"17,6";"17,3";"94,0";"95,0";"94,0";"16,4";"16,6";"16,2";"913,7";"913,7";"913,6";"4,0";"312,0";"8,2";"";"0,0"
"08/04/2026";"0900";"17,2";"17,3";"17,1";"94,0";"96,0";"92,0";"15,9";"16,4";"15,6";"914,0";"914,2";"913,7";"3,9";"308,0";"7,3";"";"0,0"
"08/04/2026";"1000";"17,0";"17,2";"16,6";"94,0";"99,0";"91,0";"15,8";"16,3";"15,4";"914,6";"914,9";"914,2";"2,9";"307,0";"6,1";"";"0,6"
"08/04/2026";"1100";"16,5";"16,6";"16,4";"99,0";"100,0";"97,0";"16,3";"16,4";"15,9";"915,2";"915,4";"914,9";"4,7";"304,0";"9,5";"";"0,4"
"08/04/2026";"1200";"16,8";"17,0";"16,6";"95,0";"97,0";"94,0";"15,8";"16,0";"15,6";"915,6";"915,9";"915,3";"4,1";"302,0";"7,6";"";"0,0"
"08/04/2026";"1300";"17,3";"17,9";"17,0";"91,0";"95,0";"85,0";"15,4";"16,1";"14,8";"916,1";"916,4";"915,9";"4,6";"298,0";"9,2";"";"0,2"
"08/04/2026";"1400";"18,0";"18,5";"17,3";"85,0";"91,0";"80,0";"15,0";"15,9";"14,3";"916,5";"916,7";"916,3";"4,1";"302,0";"8,0";"";"0,0"
"08/04/2026";"1500";"19,4";"20,6";"18,1";"76,0";"82,0";"70,0";"14,6";"15,4";"14,0";"916,5";"916,6";"916,3";"4,5";"298,0";"9,1";"";"0,0"
"08/04/2026";"1600";"20,1";"20,8";"19,7";"70,0";"74,0";"66,0";"14,2";"14,8";"13,6";"916,1";"916,4";"915,9";"4,8";"308,0";"9,5";"";"0,0"
"08/04/2026";"1700";"20,1";"20,6";"19,8";"69,0";"73,0";"66,0";"13,9";"14,6";"13,5";"915,8";"916,0";"915,5";"4,5";"310,0";"8,5";"";"0,0"
"08/04/2026";"1800";"20,0";"21,0";"19,6";"70,0";"73,0";"67,0";"14,1";"15,4";"13,6";"915,4";"915,6";"915,3";"4,4";"300,0";"9,5";"";"0,0"
"08/04/2026";"1900";"20,8";"21,3";"20,0";"67,0";"70,0";"61,0";"14,2";"15,0";"13,4";"915,2";"915,3";"915,1";"4,4";"297,0";"7,5";"";"0,0"
"08/04/2026";"2000";"19,5";"20,7";"18,8";"70,0";"74,0";"65,0";"13,5";"14,4";"13,2";"915,4";"915,6";"915,2";"3,5";"296,0";"6,9";"";"0,0"
"08/04/2026";"2100";"18,8";"19,8";"18,1";"73,0";"76,0";"69,0";"13,5";"13,9";"13,2";"915,8";"915,9";"915,5";"3,1";"291,0";"6,4";"";"0,0"
"08/04/2026";"2200";"17,7";"18,1";"17,3";"77,0";"80,0";"76,0";"13,1";"13,4";"12,9";"916,1";"916,4";"915,9";"2,7";"286,0";"6,2";"";"0,0"
"08/04/2026";"2300";"16,9";"17,2";"16,4";"81,0";"84,0";"79,0";"13,1";"13,4";"12,9";"916,6";"916,9";"916,4";"3,7";"290,0";"7,4";"";"0,0"
"09/04/2026";"0000";"16,2";"16,4";"16,1";"86,0";"88,0";"84,0";"13,5";"13,8";"13,2";"917,2";"917,5";"916,8";"2,0";"285,0";"3,9";"";"0,0"
"09/04/2026";"0100";"16,1";"16,2";"16,0";"87,0";"89,0";"86,0";"13,6";"13,8";"13,4";"917,5";"917,8";"917,4";"2,9";"291,0";"7,8";"";"0,0"
"09/04/2026";"0200";"15,8";"16,0";"15,6";"90,0";"91,0";"88,0";"13,8";"13,9";"13,6";"917,8";"918,0";"917,6";"2,6";"293,0";"5,3";"";"0,0"
"09/04/2026";"0300";"15,5";"15,7";"15,3";"91,0";"93,0";"90,0";"13,7";"13,9";"13,6";"917,9";"918,0";"917,8";"2,0";"297,0";"4,1";"";"0,0"
"09/04/2026";"0400";"15,1";"15,3";"14,8";"95,0";"98,0";"92,0";"14,1";"14,4";"13,7";"917,8";"918,0";"917,7";"2,3";"293,0";"4,7";"";"0,0"
"09/04/2026";"0500";"14,6";"14,8";"14,4";"98,0";"98,0";"97,0";"14,2";"14,5";"13,9";"918,0";"918,1";"917,9";"1,8";"267,0";"4,2";"";"3,6"
"09/04/2026";"0600";"14,4";"14,4";"14,3";"98,0";"99,0";"98,0";"14,0";"14,1";"13,9";"918,0";"918,1";"917,9";"2,1";"270,0";"4,5";"";"0,0"
"09/04/2026";"0700";"14,2";"14,3";"14,2";"98,0";"99,0";"98,0";"13,9";"14,0";"13,8";"917,9";"918,0";"917,8";"1,6";"295,0";"3,8";"";"0,0"
"09/04/2026";"0800";"14,3";"14,3";"14,2";"99,0";"99,0";"98,0";"14,0";"14,1";"13,9";"918,0";"918,2";"917,9";"1,9";"291,0";"3,4";"";"0,0"
"09/04/2026";"0900";"14,2";"14,3";"14,1";"99,0";"99,0";"99,0";"14,0";"14,1";"13,8";"903,2";"918,9";"";"1,6";"286,0";"3,6";"";"0,0"
"09/04/2026";"1000";"14,0";"14,1";"14,0";"99,0";"99,0";"98,0";"13,8";"13,9";"13,6";"919,3";"919,7";"918,9";"2,2";"286,0";"4,1";"";"0,0"
"09/04/2026";"1100";"14,0";"14,4";"13,8";"97,0";"98,0";"96,0";"13,4";"13,9";"13,2";"920,3";"920,7";"919,6";"2,2";"282,0";"5,2";"";"0,0"
"09/04/2026";"1200";"14,8";"15,5";"14,3";"94,0";"97,0";"91,0";"13,7";"14,2";"13,3";"921,0";"921,3";"920,7";"3,0";"291,0";"5,5";"";"0,0"
"09/04/2026";"1300";"15,4";"16,0";"15,1";"90,0";"94,0";"85,0";"13,5";"14,1";"12,8";"921,5";"921,6";"921,3";"2,4";"251,0";"4,9";"";"0,0"
"09/04/2026";"1400";"16,9";"18,2";"15,9";"82,0";"88,0";"74,0";"13,3";"13,9";"12,3";"921,6";"921,7";"921,6";"2,8";"278,0";"5,4";"";"0,0"
"09/04/2026";"1500";"17,6";"18,7";"17,0";"77,0";"82,0";"71,0";"13,0";"14,3";"12,1";"921,6";"921,8";"921,4";"2,4";"279,0";"5,5";"";"0,0"
"09/04/2026";"1600";"17,8";"19,4";"17,0";"77,0";"82,0";"68,0";"13,2";"14,1";"12,5";"921,3";"921,5";"921,0";"2,4";"292,0";"4,2";"";"0,0"
"09/04/2026";"1700";"19,1";"19,7";"17,9";"68,0";"75,0";"62,0";"12,6";"13,6";"11,9";"920,7";"921,1";"920,3";"3,6";"274,0";"6,8";"";"0,0"
"09/04/2026";"1800";"19,5";"20,9";"18,3";"64,0";"70,0";"57,0";"12,3";"14,1";"11,3";"920,3";"920,4";"920,0";"2,5";"258,0";"6,2";"";"0,0"
"09/04/2026";"1900";"19,6";"20,4";"18,8";"61,0";"66,0";"58,0";"11,8";"12,6";"11,2";"920,1";"920,2";"920,0";"1,7";"253,0";"5,5";"";"0,0"
"09/04/2026";"2000";"19,4";"20,3";"18,3";"62,0";"68,0";"56,0";"11,7";"12,8";"11,1";"920,4";"920,6";"920,2";"2,2";"203,0";"5,7";"";"0,0"
"09/04/2026";"2100";"17,7";"18,7";"16,7";"66,0";"72,0";"62,0";"10,9";"11,5";"10,7";"920,6";"920,6";"920,5";"1,9";"200,0";"4,1";"";"0,0"
"09/04/2026";"2200";"15,7";"16,6";"15,3";"74,0";"77,0";"70,0";"10,6";"10,7";"10,4";"920,6";"920,8";"920,5";"2,7";"199,0";"5,0";"";"0,0"
"09/04/2026";"2300";"14,7";"15,3";"13,9";"81,0";"84,0";"77,0";"10,8";"10,9";"10,6";"921,0";"921,2";"920,8";"1,5";"193,0";"3,4";"";"0,0"
"10/04/2026";"0000";"13,5";"13,9";"13,2";"85,0";"86,0";"84,0";"10,6";"10,8";"10,3";"921,3";"921,5";"921,1";"1,0";"200,0";"3,0";"";"0,0"
"10/04/2026";"0100";"12,8";"13,2";"12,5";"88,0";"90,0";"86,0";"10,3";"10,4";"10,3";"921,6";"921,6";"921,5";"1,2";"189,0";"2,4";"";"0,0"
"10/04/2026";"0200";"12,2";"12,5";"11,6";"91,0";"94,0";"89,0";"10,4";"10,5";"10,3";"921,7";"921,7";"921,6";"0,7";"148,0";"1,5";"";"0,0"
"10/04/2026";"0300";"10,9";"11,6";"10,4";"97,0";"98,0";"94,0";"10,2";"10,4";"10,1";"921,6";"921,7";"921,5";"0,5";"149,0";"1,2";"";"0,0"
"10/04/2026";"0400";"10,4";"10,5";"10,4";"99,0";"99,0";"98,0";"10,2";"10,4";"10,1";"921,6";"921,8";"921,5";"0,6";"101,0";"1,2";"";"0,0"
"10/04/2026";"0500";"10,1";"10,4";"9,9";"99,0";"100,0";"99,0";"10,0";"10,2";"9,7";"921,8";"922,0";"921,7";"0,8";"78,0";"1,6";"";"0,0"
"10/04/2026";"0600";"10,2";"10,4";"9,8";"100,0";"100,0";"100,0";"10,2";"10,4";"9,8";"921,7";"921,8";"921,7";"1,0";"109,0";"1,8";"";"0,0"
"10/04/2026";"0700";"10,1";"10,6";"9,6";"100,0";"100,0";"100,0";"10,0";"10,6";"9,6";"921,7";"921,8";"921,6";"1,1";"136,0";"2,6";"";"0,0"
"10/04/2026";"0800";"10,2";"10,6";"9,9";"100,0";"100,0";"99,0";"10,1";"10,6";"9,8";"921,9";"922,0";"921,8";"1,8";"98,0";"2,9";"";"0,0"
"10/04/2026";"0900";"9,8";"9,9";"9,8";"100,0";"100,0";"100,0";"9,8";"9,9";"9,8";"922,3";"922,5";"922,0";"1,5";"92,0";"2,6";"";"0,0"
"10/04/2026";"1000";"9,6";"9,8";"9,3";"100,0";"100,0";"100,0";"9,6";"9,8";"9,3";"922,7";"923,0";"922,5";"0,7";"107,0";"1,6";"";"0,0"
"10/04/2026";"1100";"10,1";"11,0";"9,1";"100,0";"100,0";"100,0";"10,1";"10,9";"9,1";"923,2";"923,5";"923,0";"1,9";"101,0";"3,6";"";"0,0"
"10/04/2026";"1200";"11,9";"12,3";"11,0";"96,0";"99,0";"95,0";"11,1";"11,4";"10,8";"923,7";"923,9";"923,5";"0,5";"157,0";"1,4";"";"0,0"
"10/04/2026";"1300";"13,9";"15,5";"12,3";"87,0";"96,0";"78,0";"11,3";"12,4";"10,5";"924,1";"924,2";"923,9";"1,3";"122,0";"3,4";"";"0,0"
"10/04/2026";"1400";"16,6";"17,8";"15,4";"75,0";"84,0";"69,0";"11,7";"12,6";"10,6";"924,3";"924,3";"924,2";"1,7";"113,0";"4,5";"";"0,0"
"10/04/2026";"1500";"17,9";"19,1";"16,7";"65,0";"72,0";"56,0";"10,9";"12,1";"9,4";"924,1";"924,3";"923,9";"1,3";"122,0";"2,9";"";"0,0"
"10/04/2026";"1600";"19,8";"20,7";"18,8";"57,0";"64,0";"50,0";"11,2";"13,3";"10,1";"923,7";"923,9";"923,5";"1,5";"181,0";"4,0";"";"0,0"
"10/04/2026";"1700";"19,7";"20,7";"18,7";"56,0";"61,0";"49,0";"10,8";"12,0";"10,0";"923,2";"923,5";"922,9";"1,1";"103,0";"2,3";"";"0,0"
"10/04/2026";"1800";"19,1";"20,9";"18,4";"61,0";"71,0";"51,0";"11,2";"13,2";"9,1";"922,8";"922,9";"922,6";"1,3";"229,0";"3,1";"";"0,0"
"10/04/2026";"1900";"20,5";"21,5";"19,4";"49,0";"59,0";"43,0";"10,2";"12,0";"9,4";"922,5";"922,6";"922,4";"1,3";"196,0";"2,7";"";"0,0"
"10/04/2026";"2000";"21,4";"21,5";"21,2";"44,0";"47,0";"41,0";"10,3";"10,8";"9,7";"922,4";"922,4";"922,3";"1,4";"214,0";"3,4";"";"0,0"
"10/04/2026";"2100";"19,4";"21,0";"17,7";"59,0";"69,0";"47,0";"11,3";"11,7";"10,5";"922,4";"922,5";"922,4";"2,3";"191,0";"5,2";"";"0,0"
"10/04/2026";"2200";"16,5";"17,6";"15,7";"74,0";"78,0";"69,0";"11,4";"11,6";"11,3";"922,5";"922,7";"922,4";"2,3";"171,0";"4,4";"";"0,0"
"10/04/2026";"2300";"14,8";"15,6";"14,2";"82,0";"84,0";"79,0";"11,2";"11,4";"11,1";"922,9";"923,1";"922,7";"2,8";"131,0";"5,2";"";"0,0"
"11/04/2026";"0000";"13,9";"14,3";"13,4";"87,0";"89,0";"84,0";"11,3";"11,5";"11,1";"923,3";"923,5";"923,0";"3,6";"105,0";"6,1";"";"0,0"
"11/04/2026";"0100";"13,0";"13,4";"12,6";"90,0";"91,0";"89,0";"10,9";"11,3";"10,7";"923,6";"923,8";"923,5";"4,3";"98,0";"7,2";"";"0,0"
"11/04/2026";"0200";"12,3";"12,6";"12,0";"92,0";"92,0";"90,0";"10,6";"10,8";"10,4";"923,9";"924,0";"923,7";"3,2";"99,0";"6,4";"";"0,0"
"11/04/2026";"0300";"11,9";"12,0";"11,6";"92,0";"93,0";"92,0";"10,3";"10,5";"10,1";"923,6";"923,8";"923,4";"3,7";"99,0";"6,0";"";"0,0"
"11/04/2026";"0400";"11,7";"11,8";"11,5";"92,0";"93,0";"91,0";"10,0";"10,2";"9,9";"923,4";"923,5";"923,3";"3,2";"91,0";"5,6";"";"0,0"
"11/04/2026";"0500";"11,5";"11,7";"11,3";"92,0";"93,0";"91,0";"10,0";"10,1";"9,9";"923,2";"923,4";"923,2";"3,2";"92,0";"5,4";"";"0,0"
"11/04/2026";"0600";"11,7";"11,8";"11,5";"91,0";"92,0";"90,0";"9,9";"10,0";"9,8";"923,1";"923,2";"923,0";"3,3";"94,0";"5,7";"";"0,0"
"11/04/2026";"0700";"11,3";"11,5";"11,2";"93,0";"93,0";"92,0";"9,8";"9,9";"9,8";"923,0";"923,1";"922,9";"3,1";"94,0";"5,2";"";"0,0"
"11/04/2026";"0800";"11,1";"11,2";"11,0";"93,0";"94,0";"93,0";"9,8";"9,9";"9,7";"923,0";"923,1";"922,9";"3,4";"95,0";"5,7";"";"0,0"
"11/04/2026";"0900";"10,9";"11,0";"10,9";"94,0";"94,0";"94,0";"9,7";"9,8";"9,7";"924,6";"1000,0";"923,1";"3,5";"98,0";"5,3";"";"0,0"
"11/04/2026";"1000";"10,8";"10,9";"10,8";"95,0";"95,0";"94,0";"9,8";"9,8";"9,7";"923,8";"924,1";"923,5";"3,2";"96,0";"5,1";"";"0,0"
"11/04/2026";"1100";"11,6";"12,6";"10,8";"93,0";"95,0";"90,0";"10,3";"10,7";"9,8";"924,2";"924,4";"924,0";"1,9";"83,0";"4,2";"";"0,0"
"11/04/2026";"1200";"13,8";"15,0";"12,7";"88,0";"90,0";"84,0";"11,3";"11,9";"10,5";"924,7";"924,9";"924,5";"0,9";"139,0";"3,1";"";"0,0"
"11/04/2026";"1300";"16,9";"18,2";"15,1";"77,0";"85,0";"71,0";"12,3";"13,2";"11,7";"924,9";"925,1";"924,8";"1,6";"144,0";"4,4";"";"0,0"
"11/04/2026";"1400";"19,4";"20,6";"18,2";"69,0";"73,0";"64,0";"13,1";"14,6";"12,3";"925,0";"925,1";"924,9";"1,8";"198,0";"5,2";"";"0,0"
"11/04/2026";"1500";"21,0";"22,0";"20,1";"64,0";"70,0";"59,0";"13,8";"15,0";"13,1";"925,0";"925,1";"924,9";"1,7";"140,0";"5,6";"";"0,0"
"11/04/2026";"1600";"23,0";"23,5";"22,0";"59,0";"64,0";"52,0";"14,7";"15,7";"13,7";"924,5";"924,9";"924,2";"1,4";"148,0";"4,2";"";"0,0"
"11/04/2026";"1700";"23,9";"24,5";"23,2";"54,0";"61,0";"48,0";"14,6";"16,3";"13,6";"923,7";"924,1";"923,4";"2,3";"267,0";"5,9";"";"0,0"
"11/04/2026";"1800";"24,5";"25,1";"24,0";"48,0";"54,0";"42,0";"14,1";"15,3";"12,9";"923,2";"923,4";"923,0";"1,5";"225,0";"4,2";"";"0,0"
"11/04/2026";"1900";"25,0";"25,5";"24,5";"45,0";"51,0";"39,0";"14,0";"15,2";"13,0";"922,9";"923,0";"922,8";"1,3";"173,0";"3,7";"";"0,0"
"11/04/2026";"2000";"24,8";"25,5";"23,9";"46,0";"53,0";"40,0";"14,0";"15,0";"13,4";"922,9";"923,0";"922,9";"1,0";"116,0";"3,1";"";"0,0"
"11/04/2026";"2100";"22,5";"23,8";"20,3";"54,0";"61,0";"49,0";"13,2";"14,3";"12,1";"922,9";"923,0";"922,8";"1,7";"85,0";"3,8";"";"0,0"
"11/04/2026";"2200";"19,3";"20,1";"19,0";"61,0";"63,0";"59,0";"11,6";"12,7";"11,0";"923,0";"923,3";"922,8";"0,7";"140,0";"2,2";"";"0,0"
"11/04/2026";"2300";"19,3";"19,7";"19,0";"61,0";"63,0";"58,0";"11,4";"11,7";"11,1";"923,4";"923,7";"923,2";"0,9";"157,0";"4,1";"";"0,0"
"12/04/2026";"0000";"17,9";"19,0";"17,0";"69,0";"74,0";"63,0";"11,6";"11,9";"11,4";"923,9";"924,0";"923,7";"1,9";"91,0";"4,2";"";"0,0"
"12/04/2026";"0100";"16,5";"16,9";"16,2";"77,0";"80,0";"74,0";"11,9";"12,4";"11,6";"924,1";"924,4";"924,0";"1,2";"82,0";"3,5";"";"0,0"
"12/04/2026";"0200";"16,0";"16,2";"15,9";"82,0";"83,0";"80,0";"12,4";"12,6";"12,1";"924,3";"924,6";"923,9";"2,2";"85,0";"4,6";"";"0,0"
"12/04/2026";"0300";"15,6";"15,9";"15,3";"86,0";"88,0";"83,0";"12,8";"13,0";"12,5";"924,0";"924,1";"923,8";"1,8";"87,0";"4,3";"";"0,0"
"12/04/2026";"0400";"15,5";"15,6";"15,4";"88,0";"89,0";"87,0";"13,1";"13,2";"13,0";"923,9";"924,1";"923,7";"1,2";"82,0";"4,2";"";"0,0"
"12/04/2026";"0500";"15,8";"15,9";"15,6";"87,0";"88,0";"86,0";"13,1";"13,3";"13,0";"923,8";"924,1";"923,5";"0,7";"140,0";"3,0";"";"0,0"
"12/04/2026";"0600";"16,0";"16,2";"15,9";"85,0";"86,0";"83,0";"13,0";"13,2";"12,8";"923,7";"924,0";"923,3";"0,7";"123,0";"2,3";"";"0,0"
"12/04/2026";"0700";"15,9";"16,3";"15,4";"87,0";"93,0";"82,0";"13,3";"13,9";"12,7";"924,6";"925,3";"923,7";"2,5";"311,0";"4,4";"";"0,2"
"12/04/2026";"0800";"15,1";"15,4";"15,0";"95,0";"97,0";"92,0";"14,2";"14,4";"13,7";"924,9";"925,2";"924,6";"1,3";"209,0";"3,8";"";"2,0"
"12/04/2026";"0900";"14,9";"15,0";"14,7";"98,0";"99,0";"97,0";"14,5";"14,6";"14,3";"925,5";"925,6";"925,1";"1,0";"158,0";"3,4";"";"3,4"
"12/04/2026";"1000";"14,3";"14,7";"13,7";"98,0";"99,0";"94,0";"13,9";"14,4";"12,5";"925,5";"926,0";"924,7";"1,8";"163,0";"6,4";"";"4,4"
"12/04/2026";"1100";"12,9";"13,7";"12,5";"94,0";"97,0";"91,0";"11,7";"12,5";"11,4";"926,1";"926,2";"925,6";"1,9";"128,0";"5,6";"";"3,8"
"12/04/2026";"1200";"12,8";"13,3";"12,5";"98,0";"99,0";"96,0";"12,4";"13,0";"11,9";"925,1";"925,7";"924,4";"2,0";"141,0";"7,3";"";"3,0"
"12/04/2026";"1300";"14,5";"15,7";"13,4";"97,0";"99,0";"88,0";"13,9";"14,5";"13,1";"924,2";"924,8";"923,9";"1,3";"162,0";"4,0";"";"0,0"
"12/04/2026";"1400";"15,9";"16,2";"15,6";"88,0";"92,0";"84,0";"13,5";"14,2";"12,9";"925,0";"925,5";"924,8";"1,8";"151,0";"5,7";"";"0,0"
"12/04/2026";"1500";"16,9";"17,5";"16,3";"85,0";"89,0";"82,0";"14,0";"14,9";"13,3";"925,0";"925,4";"924,5";"1,4";"156,0";"4,2";"";"0,0"
"12/04/2026";"1600";"17,8";"18,1";"17,5";"83,0";"89,0";"80,0";"14,4";"15,4";"13,7";"923,4";"924,5";"922,5";"2,5";"180,0";"6,4";"";"0,0"
"12/04/2026";"1700";"17,9";"18,2";"17,6";"80,0";"83,0";"77,0";"14,0";"14,5";"13,5";"923,3";"923,8";"922,8";"1,7";"204,0";"5,6";"";"0,0"
"12/04/2026";"1800";"18,0";"18,3";"17,8";"82,0";"85,0";"78,0";"14,4";"14,9";"13,8";"923,3";"923,6";"922,8";"2,6";"247,0";"5,7";"";"0,0"
"12/04/2026";"1900";"17,7";"18,0";"17,4";"81,0";"83,0";"79,0";"13,9";"14,4";"13,5";"922,5";"922,8";"922,2";"2,6";"250,0";"4,9";"";"0,0"
"12/04/2026";"2000";"17,3";"17,5";"17,0";"82,0";"85,0";"81,0";"13,7";"14,1";"13,5";"922,7";"922,9";"922,5";"2,2";"298,0";"4,2";"";"0,0"
"12/04/2026";"2100";"16,6";"17,0";"16,2";"86,0";"88,0";"84,0";"13,8";"14,2";"13,6";"922,6";"922,8";"922,4";"1,8";"289,0";"4,0";"";"0,0"
"12/04/2026";"2200";"16,0";"16,3";"15,8";"88,0";"90,0";"86,0";"13,7";"13,9";"13,6";"922,5";"922,7";"922,4";"0,9";"206,0";"2,4";"";"0,0"
"12/04/2026";"2300";"15,5";"15,7";"15,2";"91,0";"93,0";"90,0";"13,7";"13,8";"13,6";"922,8";"923,0";"922,6";"0,8";"190,0";"1,6";"";"0,0"
"13/04/2026";"0000";"14,7";"15,2";"14,4";"95,0";"97,0";"92,0";"13,7";"13,8";"13,4";"922,8";"923,0";"922,6";"1,7";"106,0";"2,5";"";"0,0"
"13/04/2026";"0100";"14,4";"14,5";"14,2";"97,0";"97,0";"96,0";"13,7";"13,8";"13,6";"922,6";"922,7";"922,5";"0,9";"117,0";"2,5";"";"0,0"
"13/04/2026";"0200";"14,2";"14,3";"13,9";"98,0";"99,0";"97,0";"13,8";"14,0";"13,6";"922,6";"922,7";"922,4";"1,6";"99,0";"2,8";"";"0,0"
"13/04/2026";"0300";"13,7";"13,9";"13,5";"100,0";"100,0";"99,0";"13,6";"13,8";"13,4";"922,3";"922,5";"922,2";"0,5";"173,0";"1,5";"";"0,0"
"13/04/2026";"0400";"13,7";"13,9";"13,5";"100,0";"100,0";"100,0";"13,7";"13,9";"13,5";"922,6";"922,7";"922,4";"2,0";"100,0";"3,0";"";"0,0"
"13/04/2026";"0500";"13,6";"13,8";"13,3";"100,0";"100,0";"100,0";"13,5";"13,8";"13,2";"922,6";"922,7";"922,3";"0,9";"105,0";"2,4";"";"0,0"
"13/04/2026";"0600";"13,3";"13,4";"13,1";"100,0";"100,0";"100,0";"13,2";"13,4";"13,0";"922,1";"922,3";"921,8";"0,6";"212,0";"0,9";"";"0,0"
"13/04/2026";"0700";"13,0";"13,1";"12,9";"100,0";"100,0";"100,0";"13,0";"13,1";"12,9";"921,3";"921,7";"920,9";"1,0";"108,0";"2,0";"";"0,0"
"13/04/2026";"0800";"12,9";"13,0";"12,8";"100,0";"100,0";"100,0";"12,9";"13,0";"12,7";"920,9";"921,1";"920,8";"1,4";"106,0";"2,5";"";"0,0"
"13/04/2026";"0900";"13,0";"13,2";"12,8";"100,0";"100,0";"100,0";"12,9";"13,1";"12,8";"921,3";"921,6";"921,1";"1,7";"109,0";"2,9";"";"0,0"
"13/04/2026";"1000";"13,3";"13,7";"12,9";"100,0";"100,0";"97,0";"13,2";"13,6";"12,8";"921,5";"921,7";"921,4";"1,7";"125,0";"3,4";"";"0,0"
"13/04/2026";"1100";"13,5";"13,8";"13,2";"98,0";"99,0";"97,0";"13,1";"13,6";"12,8";"921,9";"922,2";"921,6";"2,2";"102,0";"3,4";"";"0,0"
"13/04/2026";"1200";"14,6";"15,4";"13,9";"95,0";"98,0";"92,0";"13,6";"14,2";"13,2";"922,4";"922,8";"922,2";"2,4";"99,0";"4,3";"";"0,0"
"13/04/2026";"1300";"17,2";"18,6";"15,5";"88,0";"94,0";"80,0";"14,7";"15,5";"14,0";"923,1";"923,3";"922,8";"2,3";"102,0";"4,1";"";"0,0"
"13/04/2026";"1400";"19,8";"20,6";"18,7";"79,0";"85,0";"74,0";"15,6";"16,3";"15,0";"923,4";"923,5";"923,3";"2,5";"96,0";"5,0";"";"0,0"
"13/04/2026";"1500";"21,3";"22,2";"20,5";"74,0";"79,0";"69,0";"16,2";"17,3";"15,5";"923,2";"923,5";"922,9";"1,6";"135,0";"4,1";"";"0,0"
"13/04/2026";"1600";"24,1";"24,1";"24,1";"63,0";"63,0";"63,0";"16,6";"16,6";"16,6";"922,4";"922,4";"922,4";"1,9";"106,0";"2,5";"";"0,0"
"13/04/2026";"1700";"24,5";"24,9";"24,2";"60,0";"64,0";"56,0";"16,5";"17,4";"15,8";"922,0";"922,2";"921,9";"1,2";"118,0";"3,2";"";"0,0"
"13/04/2026";"1800";"24,3";"25,2";"23,3";"60,0";"66,0";"54,0";"16,2";"17,2";"15,7";"921,7";"921,9";"921,4";"1,0";"150,0";"2,3";"";"0,0"
"13/04/2026";"1900";"25,4";"26,1";"24,0";"55,0";"61,0";"51,0";"16,4";"17,9";"15,7";"921,3";"921,4";"921,2";"1,4";"138,0";"3,8";"";"0,0"
"13/04/2026";"2000";"25,7";"26,3";"25,5";"52,0";"57,0";"49,0";"16,1";"17,7";"15,5";"921,2";"921,3";"921,0";"1,4";"153,0";"2,6";"";"0,0"
"13/04/2026";"2100";"23,9";"25,5";"22,2";"66,0";"76,0";"51,0";"17,1";"17,6";"15,6";"921,2";"921,3";"921,1";"2,0";"179,0";"4,1";"";"0,0"
"13/04/2026";"2200";"21,3";"22,2";"20,7";"81,0";"83,0";"77,0";"17,4";"17,6";"17,2";"921,2";"921,5";"921,1";"2,3";"176,0";"5,5";"";"0,0"
"13/04/2026";"2300";"19,7";"20,7";"18,9";"87,0";"90,0";"83,0";"17,1";"17,2";"17,0";"921,5";"921,6";"921,4";"2,5";"126,0";"4,9";"";"0,0"
"14/04/2026";"0000";"18,7";"18,9";"18,5";"92,0";"92,0";"91,0";"17,0";"17,1";"16,8";"921,8";"921,9";"921,6";"3,7";"122,0";"6,3";"";"0,0"
"14/04/2026";"0100";"17,9";"18,4";"17,4";"93,0";"94,0";"91,0";"16,4";"16,7";"16,2";"922,0";"922,2";"921,8";"3,3";"105,0";"5,4";"";"0,0"
"14/04/2026";"0200";"17,0";"17,4";"16,6";"95,0";"96,0";"94,0";"16,1";"16,2";"15,8";"922,1";"922,2";"922,0";"2,7";"104,0";"4,2";"";"0,0"
"14/04/2026";"0300";"16,5";"16,6";"16,2";"96,0";"97,0";"96,0";"15,8";"15,9";"15,7";"922,1";"922,2";"922,0";"2,2";"105,0";"3,9";"";"0,0"
"14/04/2026";"0400";"16,2";"16,2";"16,0";"97,0";"98,0";"97,0";"15,6";"15,7";"15,4";"922,3";"922,4";"922,2";"2,7";"101,0";"4,3";"";"0,0"
"14/04/2026";"0500";"15,8";"16,0";"15,7";"98,0";"98,0";"97,0";"15,3";"15,5";"15,2";"922,4";"922,5";"922,2";"2,7";"93,0";"5,1";"";"0,0"
"14/04/2026";"0600";"15,6";"15,7";"15,4";"97,0";"98,0";"97,0";"15,1";"15,2";"15,0";"921,9";"922,2";"921,6";"3,3";"97,0";"5,4";"";"0,0"
"14/04/2026";"0700";"15,3";"15,4";"15,1";"98,0";"98,0";"97,0";"14,9";"15,0";"14,7";"921,2";"921,6";"920,8";"3,4";"100,0";"5,2";"";"0,0"
"14/04/2026";"0800";"15,1";"15,3";"14,9";"98,0";"99,0";"97,0";"14,7";"14,8";"14,6";"920,7";"920,9";"920,6";"3,2";"96,0";"5,7";"";"0,0"
"14/04/2026";"0900";"15,1";"15,3";"14,8";"98,0";"99,0";"97,0";"14,7";"14,9";"14,5";"920,6";"920,7";"920,4";"3,2";"97,0";"5,2";"";"0,0"
"14/04/2026";"1000";"14,6";"14,7";"14,5";"100,0";"100,0";"99,0";"14,6";"14,6";"14,5";"920,5";"920,7";"920,4";"3,4";"99,0";"5,5";"";"0,0"
"14/04/2026";"1100";"14,9";"15,4";"14,6";"100,0";"100,0";"100,0";"14,8";"15,4";"14,6";"921,3";"921,8";"920,7";"0,5";"93,0";"2,4";"";"0,0"
"14/04/2026";"1200";"15,8";"16,1";"15,5";"100,0";"100,0";"99,0";"15,7";"16,0";"15,5";"922,1";"922,8";"921,8";"1,2";"87,0";"3,5";"";"0,0"
"14/04/2026";"1300";"17,7";"18,8";"16,1";"93,0";"100,0";"82,0";"16,3";"17,1";"15,2";"923,0";"923,1";"922,8";"1,2";"148,0";"3,0";"";"0,0"
"14/04/2026";"1400";"19,8";"20,8";"18,8";"79,0";"86,0";"74,0";"15,7";"16,7";"15,0";"922,7";"923,0";"922,3";"1,5";"137,0";"4,5";"";"0,2"
"14/04/2026";"1500";"21,2";"21,7";"20,8";"73,0";"79,0";"67,0";"15,8";"16,9";"15,0";"922,1";"922,4";"921,6";"2,1";"217,0";"4,8";"";"0,0"
"14/04/2026";"1600";"22,1";"22,9";"21,5";"69,0";"73,0";"63,0";"15,8";"16,5";"15,3";"921,3";"921,7";"920,8";"2,1";"169,0";"7,1";"";"0,0"
"14/04/2026";"1700";"23,5";"23,6";"23,4";"62,0";"64,0";"61,0";"15,9";"16,2";"15,7";"920,2";"920,3";"920,2";"2,1";"218,0";"4,8";"";"0,0"
"14/04/2026";"1800";"23,9";"24,4";"23,4";"61,0";"66,0";"58,0";"16,1";"17,2";"15,4";"920,0";"920,2";"919,8";"1,9";"217,0";"3,7";"";"0,0"
"14/04/2026";"1900";"23,7";"24,4";"23,0";"59,0";"62,0";"55,0";"15,5";"16,4";"14,8";"919,8";"919,9";"919,8";"1,4";"220,0";"4,6";"";"0,0"
"14/04/2026";"2000";"23,8";"24,3";"23,0";"59,0";"63,0";"56,0";"15,6";"16,8";"15,2";"919,9";"920,0";"919,8";"1,0";"207,0";"2,5";"";"0,0"
"14/04/2026";"2100";"22,0";"23,0";"20,4";"67,0";"73,0";"61,0";"15,4";"16,3";"14,9";"919,9";"920,1";"919,9";"0,6";"122,0";"1,2";"";"0,0"
"14/04/2026";"2200";"19,5";"20,3";"19,2";"76,0";"78,0";"73,0";"14,8";"15,2";"14,6";"920,1";"920,2";"920,0";"0,8";"109,0";"2,0";"";"0,0"
"14/04/2026";"2300";"19,0";"19,3";"18,5";"78,0";"79,0";"76,0";"14,5";"14,7";"14,3";"920,3";"920,5";"920,2";"1,1";"102,0";"2,3";"";"0,0"
"15/04/2026";"0000";"18,3";"18,5";"17,9";"81,0";"83,0";"79,0";"14,5";"14,7";"14,3";"920,2";"920,3";"920,1";"1,1";"96,0";"2,4";"";"0,0"
"15/04/2026";"0100";"17,5";"17,8";"17,3";"87,0";"89,0";"84,0";"15,0";"15,2";"14,6";"920,1";"920,3";"920,0";"1,9";"85,0";"3,8";"";"0,0"
"15/04/2026";"0200";"16,9";"17,3";"16,6";"90,0";"92,0";"88,0";"15,0";"15,2";"14,7";"919,9";"920,1";"919,7";"2,0";"89,0";"4,5";"";"0,0"
"15/04/2026";"0300";"16,5";"16,7";"16,2";"94,0";"97,0";"91,0";"15,3";"15,7";"14,9";"919,7";"919,9";"919,4";"0,8";"89,0";"4,2";"";"0,0"
"15/04/2026";"0400";"15,9";"16,2";"15,7";"97,0";"97,0";"96,0";"15,2";"15,6";"14,8";"919,9";"920,0";"919,7";"1,1";"88,0";"2,8";"";"0,0"
"15/04/2026";"0500";"15,5";"15,7";"15,4";"94,0";"96,0";"93,0";"14,4";"14,8";"14,1";"920,5";"920,8";"920,0";"1,6";"81,0";"3,4";"";"0,0"
"15/04/2026";"0600";"15,2";"15,4";"15,1";"95,0";"96,0";"92,0";"14,1";"14,7";"13,7";"920,6";"920,9";"920,4";"1,0";"114,0";"4,1";"";"0,0"
"15/04/2026";"0700";"14,9";"15,3";"14,6";"92,0";"93,0";"90,0";"13,2";"13,6";"12,6";"920,3";"920,5";"920,0";"0,7";"95,0";"2,1";"";"0,0"
"15/04/2026";"0800";"14,5";"14,7";"14,3";"90,0";"91,0";"88,0";"12,5";"12,7";"12,3";"920,1";"920,2";"919,9";"1,0";"81,0";"2,7";"";"0,0"
"15/04/2026";"0900";"14,4";"14,5";"14,2";"91,0";"92,0";"90,0";"12,6";"12,8";"12,5";"920,2";"920,4";"920,0";"3,1";"87,0";"6,6";"";"0,0"
"15/04/2026";"1000";"13,9";"14,2";"13,8";"92,0";"93,0";"92,0";"12,4";"12,6";"12,3";"920,5";"920,6";"920,4";"3,1";"87,0";"6,2";"";"0,0"
"15/04/2026";"1100";"14,2";"14,4";"13,9";"90,0";"92,0";"89,0";"12,2";"12,4";"12,1";"920,7";"921,0";"920,5";"2,4";"85,0";"5,3";"";"0,0"
"15/04/2026";"1200";"15,5";"16,6";"14,4";"87,0";"90,0";"83,0";"12,9";"13,6";"12,2";"921,2";"921,4";"920,9";"1,5";"90,0";"4,0";"";"0,0"
"15/04/2026";"1300";"17,3";"17,7";"16,7";"82,0";"85,0";"79,0";"13,7";"14,2";"13,2";"921,5";"921,6";"921,4";"2,2";"79,0";"5,7";"";"0,0"
"15/04/2026";"1400";"19,0";"19,9";"17,6";"79,0";"84,0";"74,0";"14,8";"15,9";"13,8";"921,6";"921,7";"921,5";"1,4";"83,0";"3,8";"";"0,0"
"15/04/2026";"1500";"21,1";"21,6";"20,0";"74,0";"79,0";"70,0";"16,0";"16,9";"14,8";"921,2";"921,6";"920,9";"1,0";"101,0";"3,1";"";"0,0"
"15/04/2026";"1600";"23,3";"24,3";"21,6";"68,0";"79,0";"61,0";"16,9";"18,1";"16,2";"920,6";"920,9";"920,0";"2,1";"164,0";"6,8";"";"0,0"
"15/04/2026";"1700";"24,3";"24,8";"23,8";"61,0";"64,0";"59,0";"16,6";"17,2";"16,0";"919,8";"919,8";"919,7";"2,3";"248,0";"6,8";"";"0,0"
"15/04/2026";"1800";"24,6";"25,1";"24,2";"60,0";"62,0";"57,0";"16,6";"17,3";"16,1";"919,2";"919,4";"919,1";"1,9";"168,0";"5,6";"";"0,0"
"15/04/2026";"1900";"24,6";"25,2";"23,2";"59,0";"64,0";"56,0";"16,4";"17,5";"15,7";"918,9";"919,1";"918,7";"2,1";"193,0";"7,1";"";"0,0"
"15/04/2026";"2000";"23,5";"24,8";"22,2";"64,0";"71,0";"58,0";"16,3";"17,3";"15,5";"918,7";"918,8";"918,6";"0,6";"158,0";"1,7";"";"0,0"
"15/04/2026";"2100";"21,3";"22,2";"20,6";"71,0";"74,0";"67,0";"15,6";"16,4";"15,1";"918,6";"918,7";"918,4";"0,7";"138,0";"3,5";"";"0,0"
"15/04/2026";"2200";"20,0";"20,5";"19,7";"75,0";"77,0";"73,0";"15,0";"15,3";"14,7";"918,5";"918,7";"918,4";"0,7";"126,0";"2,6";"";"0,0"
"15/04/2026";"2300";"19,7";"19,9";"19,2";"75,0";"76,0";"73,0";"14,6";"14,9";"14,4";"919,0";"919,1";"918,7";"0,7";"148,0";"2,8";"";"0,0"
"16/04/2026";"0000";"18,9";"19,2";"18,7";"77,0";"79,0";"76,0";"14,4";"14,6";"14,2";"918,8";"919,0";"918,6";"0,8";"99,0";"4,0";"";"0,0"
"16/04/2026";"0100";"18,5";"18,7";"18,3";"78,0";"81,0";"76,0";"14,2";"14,5";"13,8";"918,8";"919,0";"918,6";"1,2";"80,0";"3,7";"";"0,0"
"16/04/2026";"0200";"18,0";"18,3";"17,8";"83,0";"85,0";"81,0";"14,6";"14,8";"14,4";"918,8";"919,1";"918,6";"1,1";"76,0";"4,1";"";"0,0"
"16/04/2026";"0300";"17,3";"17,8";"16,9";"86,0";"88,0";"85,0";"14,6";"14,8";"14,3";"918,7";"918,8";"918,6";"0,7";"95,0";"2,6";"";"0,0"
"16/04/2026";"0400";"17,4";"17,5";"16,9";"86,0";"87,0";"84,0";"14,6";"14,8";"14,3";"918,7";"918,8";"918,5";"0,9";"118,0";"3,0";"";"0,0"
"16/04/2026";"0500";"17,3";"17,3";"17,3";"88,0";"88,0";"87,0";"14,8";"15,0";"14,7";"918,7";"918,8";"918,5";"1,0";"131,0";"3,0";"";"0,0"
"16/04/2026";"0600";"17,0";"17,3";"16,8";"89,0";"90,0";"87,0";"14,8";"14,9";"14,7";"918,4";"918,5";"918,1";"0,8";"122,0";"2,8";"";"0,0"
"16/04/2026";"0700";"17,1";"17,2";"16,9";"89,0";"90,0";"88,0";"14,8";"15,0";"14,7";"917,8";"918,1";"917,6";"1,0";"149,0";"3,2";"";"0,0"
"16/04/2026";"0800";"17,1";"17,2";"16,8";"89,0";"93,0";"88,0";"14,9";"15,4";"14,6";"917,5";"917,6";"917,3";"0,8";"100,0";"2,5";"";"0,2"
"16/04/2026";"0900";"16,5";"16,7";"16,4";"94,0";"95,0";"91,0";"15,2";"15,5";"14,8";"917,6";"917,8";"917,4";"0,9";"121,0";"3,4";"";"0,0"
"16/04/2026";"1000";"16,4";"16,7";"16,3";"92,0";"94,0";"91,0";"14,9";"15,1";"14,6";"917,7";"917,8";"917,5";"0,8";"99,0";"2,4";"";"0,0"
"16/04/2026";"1100";"16,9";"17,2";"16,6";"90,0";"91,0";"88,0";"14,8";"15,2";"14,6";"917,9";"918,1";"917,7";"1,0";"94,0";"3,0";"";"0,0"
"16/04/2026";"1200";"17,9";"18,5";"17,2";"86,0";"89,0";"82,0";"15,0";"15,3";"14,7";"918,3";"918,4";"918,1";"1,1";"148,0";"3,4";"";"0,0"
"16/04/2026";"1300";"20,0";"20,8";"18,5";"77,0";"83,0";"72,0";"15,4";"16,2";"14,9";"918,2";"918,3";"918,2";"1,2";"174,0";"3,2";"";"0,0"
"16/04/2026";"1400";"20,4";"22,2";"19,1";"78,0";"90,0";"67,0";"16,1";"17,5";"15,0";"918,2";"918,4";"918,1";"0,9";"152,0";"2,5";"";"0,8"
"16/04/2026";"1500";"20,8";"21,3";"19,9";"79,0";"85,0";"74,0";"16,6";"17,4";"15,6";"917,7";"918,1";"917,3";"1,0";"157,0";"3,7";"";"0,0"
"16/04/2026";"1600";"22,6";"23,8";"21,2";"72,0";"79,0";"65,0";"17,0";"18,1";"16,1";"916,9";"917,3";"916,4";"3,1";"190,0";"6,4";"";"0,0"
"16/04/2026";"1700";"23,4";"24,4";"22,7";"69,0";"73,0";"64,0";"17,3";"18,3";"16,7";"916,0";"916,4";"915,7";"1,6";"180,0";"5,6";"";"0,0"
"16/04/2026";"1800";"23,9";"24,4";"23,4";"68,0";"72,0";"65,0";"17,5";"18,4";"16,9";"915,3";"915,7";"915,1";"1,2";"210,0";"3,3";"";"0,0"
"16/04/2026";"1900";"23,1";"23,9";"22,5";"73,0";"77,0";"70,0";"17,6";"18,5";"16,9";"915,0";"915,1";"914,9";"2,1";"243,0";"4,8";"";"0,0"
"16/04/2026";"2000";"23,3";"24,1";"22,7";"73,0";"76,0";"69,0";"17,8";"18,5";"17,4";"914,6";"915,0";"914,2";"1,3";"234,0";"4,5";"";"0,0"
"16/04/2026";"2100";"22,1";"23,2";"21,2";"78,0";"82,0";"72,0";"17,6";"18,0";"17,3";"914,2";"914,3";"914,0";"1,2";"201,0";"4,2";"";"0,0"
"16/04/2026";"2200";"21,2";"21,4";"20,9";"80,0";"81,0";"78,0";"17,1";"17,5";"16,9";"914,2";"914,3";"914,0";"1,6";"201,0";"6,6";"";"0,0"
"16/04/2026";"2300";"20,6";"20,8";"20,1";"81,0";"83,0";"80,0";"16,9";"17,0";"16,8";"914,4";"914,7";"914,2";"1,0";"185,0";"5,2";"";"0,0"
"17/04/2026";"0000";"19,8";"20,2";"19,7";"84,0";"85,0";"83,0";"16,7";"16,8";"16,6";"914,6";"914,7";"914,5";"1,2";"149,0";"4,5";"";"0,0"
"17/04/2026";"0100";"18,9";"19,6";"18,2";"93,0";"99,0";"86,0";"17,4";"17,9";"16,8";"915,1";"915,5";"914,6";"2,1";"306,0";"3,8";"";"6,5"
"17/04/2026";"0200";"18,3";"18,3";"18,2";"98,0";"99,0";"98,0";"17,9";"18,0";"17,8";"915,4";"915,5";"915,4";"0,7";"112,0";"3,0";"";"0,2"
"17/04/2026";"0300";"18,2";"18,3";"18,1";"98,0";"99,0";"98,0";"17,9";"18,0";"17,8";"915,4";"915,6";"915,2";"1,4";"172,0";"3,6";"";"0,0"
"17/04/2026";"0400";"18,1";"18,2";"18,1";"99,0";"99,0";"98,0";"17,8";"17,9";"17,8";"914,9";"915,2";"914,7";"1,5";"302,0";"3,5";"";"0,0"
"17/04/2026";"0500";"18,3";"18,4";"18,1";"99,0";"100,0";"99,0";"18,1";"18,2";"17,9";"914,7";"914,9";"914,6";"2,4";"305,0";"4,2";"";"0,0"
"17/04/2026";"0600";"17,9";"18,2";"17,7";"99,0";"100,0";"99,0";"17,8";"18,1";"17,5";"914,5";"914,6";"914,5";"2,5";"308,0";"4,2";"";"0,0"
"17/04/2026";"0700";"17,6";"17,7";"17,4";"99,0";"99,0";"99,0";"17,4";"17,5";"17,3";"914,3";"914,6";"914,1";"2,1";"305,0";"3,9";"";"0,0"
"17/04/2026";"0800";"17,2";"17,4";"16,9";"99,0";"100,0";"99,0";"17,1";"17,3";"16,7";"914,2";"914,2";"914,1";"1,8";"317,0";"3,0";"";"0,0"
"17/04/2026";"0900";"16,9";"17,0";"16,8";"99,0";"100,0";"99,0";"16,8";"16,8";"16,7";"914,3";"914,5";"914,2";"2,4";"325,0";"4,0";"";"0,0"
"17/04/2026";"1000";"16,9";"16,9";"16,8";"98,0";"99,0";"97,0";"16,5";"16,7";"16,3";"914,6";"914,8";"914,5";"3,3";"318,0";"7,6";"";"0,0"
"17/04/2026";"1100";"16,9";"17,0";"16,8";"97,0";"98,0";"96,0";"16,3";"16,4";"16,2";"915,1";"915,5";"914,8";"2,0";"309,0";"3,4";"";"0,0"
"17/04/2026";"1200";"17,4";"17,7";"17,0";"94,0";"97,0";"91,0";"16,2";"16,5";"15,9";"915,8";"916,1";"915,6";"3,3";"313,0";"5,8";"";"0,0"
"17/04/2026";"1300";"18,1";"18,4";"17,7";"90,0";"94,0";"87,0";"16,2";"16,7";"15,7";"916,2";"916,3";"916,1";"3,2";"305,0";"6,2";"";"0,0"
"17/04/2026";"1400";"18,5";"19,2";"18,2";"87,0";"90,0";"84,0";"15,9";"16,5";"15,5";"916,3";"916,4";"916,1";"2,4";"298,0";"5,7";"";"0,0"
"17/04/2026";"1500";"19,3";"19,7";"18,9";"83,0";"86,0";"80,0";"15,8";"16,4";"15,1";"915,9";"916,1";"915,7";"2,2";"299,0";"4,9";"";"0,0"
"17/04/2026";"1600";"20,0";"20,5";"19,3";"80,0";"86,0";"74,0";"15,9";"17,0";"15,3";"915,5";"915,7";"915,0";"3,1";"299,0";"6,3";"";"0,0"
"17/04/2026";"1700";"20,6";"21,0";"20,2";"76,0";"80,0";"73,0";"15,7";"16,3";"15,2";"914,8";"915,0";"914,4";"2,6";"304,0";"4,7";"";"0,0"
"17/04/2026";"1800";"21,4";"22,2";"20,2";"73,0";"77,0";"68,0";"16,0";"16,6";"15,5";"914,4";"914,5";"914,3";"4,0";"299,0";"6,6";"";"0,0"
"17/04/2026";"1900";"21,8";"22,2";"21,0";"71,0";"76,0";"67,0";"15,9";"16,8";"15,3";"914,3";"914,4";"914,1";"3,5";"309,0";"7,4";"";"0,0"
"17/04/2026";"2000";"21,4";"21,7";"21,0";"71,0";"74,0";"68,0";"15,6";"16,3";"15,1";"914,3";"914,3";"914,1";"2,7";"302,0";"5,1";"";"0,0"
"17/04/2026";"2100";"20,5";"21,5";"19,3";"73,0";"78,0";"68,0";"15,0";"15,6";"14,6";"914,4";"914,6";"914,3";"1,4";"301,0";"3,0";"";"0,0"
"17/04/2026";"2200";"17,9";"19,2";"17,1";"84,0";"87,0";"77,0";"14,6";"14,9";"14,4";"914,6";"914,8";"914,5";"0,7";"286,0";"2,1";"";"0,0"
"17/04/2026";"2300";"16,7";"17,1";"16,4";"88,0";"90,0";"87,0";"14,4";"14,7";"14,1";"914,9";"915,0";"914,7";"1,2";"310,0";"2,2";"";"0,0"
"18/04/2026";"0000";"17,0";"17,4";"16,6";"86,0";"88,0";"84,0";"14,2";"14,3";"14,1";"915,1";"915,2";"915,0";"1,4";"311,0";"2,5";"";"0,0"
"18/04/2026";"0100";"16,3";"16,7";"15,4";"89,0";"94,0";"87,0";"14,1";"14,3";"14,0";"915,3";"915,5";"915,2";"1,1";"326,0";"1,8";"";"0,0"
"18/04/2026";"0200";"15,3";"15,4";"15,1";"94,0";"95,0";"93,0";"14,1";"14,2";"13,9";"915,6";"915,7";"915,5";"1,2";"314,0";"2,2";"";"0,0"
"18/04/2026";"0300";"14,9";"15,3";"14,5";"95,0";"96,0";"94,0";"14,0";"14,2";"13,8";"915,5";"915,7";"915,3";"0,9";"305,0";"2,1";"";"0,0"
"18/04/2026";"0400";"14,4";"14,6";"14,2";"97,0";"98,0";"96,0";"13,8";"14,0";"13,6";"915,3";"915,4";"915,2";"1,0";"309,0";"2,0";"";"0,0"
"18/04/2026";"0500";"14,7";"15,2";"14,4";"94,0";"96,0";"91,0";"13,6";"13,7";"13,4";"914,9";"915,2";"914,7";"0,5";"300,0";"1,4";"";"0,0"
"18/04/2026";"0600";"14,3";"14,6";"14,1";"97,0";"98,0";"95,0";"13,6";"14,0";"13,2";"914,5";"914,7";"914,1";"0,9";"304,0";"1,7";"";"0,0"
"18/04/2026";"0700";"14,2";"14,4";"14,1";"97,0";"98,0";"96,0";"13,7";"13,8";"13,4";"914,3";"914,6";"914,1";"1,0";"294,0";"2,1";"";"0,0"
"18/04/2026";"0800";"14,0";"14,2";"13,7";"98,0";"99,0";"97,0";"13,6";"13,7";"13,3";"914,6";"914,7";"914,4";"1,2";"289,0";"1,9";"";"0,0"
"18/04/2026";"0900";"13,9";"14,1";"13,8";"99,0";"99,0";"98,0";"13,7";"13,8";"13,5";"914,9";"915,2";"914,7";"1,3";"290,0";"2,6";"";"0,0"
"18/04/2026";"1000";"14,0";"14,1";"13,9";"99,0";"99,0";"98,0";"13,7";"13,8";"13,6";"915,5";"915,7";"915,2";"1,4";"294,0";"2,5";"";"0,0"
"18/04/2026";"1100";"14,2";"14,5";"14,0";"98,0";"99,0";"97,0";"13,9";"14,0";"13,7";"915,7";"915,9";"915,6";"1,3";"285,0";"2,4";"";"0,0"
"18/04/2026";"1200";"15,0";"15,5";"14,6";"96,0";"97,0";"94,0";"14,2";"14,5";"14,0";"916,1";"916,4";"915,9";"2,5";"305,0";"4,5";"";"0,0"
"18/04/2026";"1300";"16,0";"16,9";"15,4";"92,0";"95,0";"87,0";"14,4";"15,0";"14,1";"916,6";"916,8";"916,4";"2,1";"303,0";"3,9";"";"0,0"
"18/04/2026";"1400";"17,4";"18,1";"16,6";"83,0";"89,0";"79,0";"14,1";"14,7";"13,6";"916,9";"917,0";"916,7";"2,9";"295,0";"5,3";"";"0,0"
"18/04/2026";"1500";"18,8";"19,9";"17,4";"75,0";"83,0";"70,0";"13,8";"14,7";"13,0";"916,8";"917,0";"916,4";"2,9";"305,0";"5,3";"";"0,0"
"18/04/2026";"1600";"20,5";"20,8";"20,3";"67,0";"72,0";"65,0";"14,0";"15,0";"13,3";"916,1";"916,3";"915,9";"3,4";"317,0";"6,0";"";"0,0"
"18/04/2026";"1700";"21,5";"22,2";"20,9";"64,0";"71,0";"60,0";"14,3";"15,2";"13,1";"915,7";"915,9";"915,6";"2,5";"303,0";"5,2";"";"0,0"
"18/04/2026";"1800";"22,6";"22,9";"22,2";"54,0";"66,0";"48,0";"13,4";"15,5";"12,2";"915,5";"915,6";"915,3";"2,4";"272,0";"5,3";"";"0,0"
"18/04/2026";"1900";"22,6";"22,9";"22,4";"51,0";"55,0";"48,0";"12,8";"13,5";"12,1";"915,4";"915,5";"915,3";"1,9";"243,0";"4,4";"";"0,0"
"18/04/2026";"2000";"22,4";"22,8";"22,0";"51,0";"54,0";"48,0";"12,5";"13,3";"11,8";"915,7";"915,8";"915,5";"1,5";"254,0";"3,7";"";"0,0"
"18/04/2026";"2100";"20,7";"22,1";"18,9";"59,0";"68,0";"52,0";"12,4";"12,8";"12,2";"915,7";"915,8";"915,6";"0,8";"288,0";"1,4";"";"0,0"
"18/04/2026";"2200";"16,9";"18,8";"16,1";"76,0";"81,0";"69,0";"12,1";"12,7";"11,5";"915,7";"916,0";"915,6";"1,0";"202,0";"1,8";"";"0,0"
"18/04/2026";"2300";"16,0";"16,5";"15,3";"77,0";"80,0";"75,0";"11,4";"11,9";"10,4";"916,2";"916,3";"916,0";"0,8";"183,0";"1,3";"";"0,0"
"19/04/2026";"0000";"15,1";"15,3";"14,8";"73,0";"77,0";"70,0";"9,8";"10,8";"9,3";"916,7";"916,9";"916,3";"1,3";"177,0";"2,1";"";"0,0"
"19/04/2026";"0100";"15,2";"15,5";"15,0";"71,0";"72,0";"69,0";"9,4";"9,6";"9,1";"917,1";"917,3";"916,9";"1,2";"185,0";"2,4";"";"0,0"
"19/04/2026";"0200";"14,2";"15,0";"13,8";"76,0";"79,0";"72,0";"9,5";"9,8";"9,2";"917,3";"917,4";"917,2";"0,8";"146,0";"1,4";"";"0,0"
"19/04/2026";"0300";"13,1";"13,8";"12,5";"81,0";"83,0";"78,0";"9,3";"9,7";"8,7";"917,1";"917,2";"917,0";"1,5";"122,0";"2,1";"";"0,0"
"19/04/2026";"0400";"12,2";"12,7";"11,9";"86,0";"90,0";"81,0";"9,5";"10,0";"8,7";"917,1";"917,2";"917,0";"1,2";"111,0";"1,8";"";"0,0"
"19/04/2026";"0500";"12,0";"12,1";"11,7";"90,0";"95,0";"88,0";"10,0";"10,7";"9,7";"917,0";"917,2";"916,9";"1,3";"99,0";"1,9";"";"0,0"
"19/04/2026";"0600";"11,5";"11,7";"11,2";"97,0";"98,0";"95,0";"10,9";"11,1";"10,3";"916,9";"917,0";"916,8";"1,5";"103,0";"2,7";"";"0,0"
"19/04/2026";"0700";"10,8";"11,2";"10,4";"99,0";"99,0";"98,0";"10,5";"10,8";"10,2";"916,6";"916,8";"916,4";"1,8";"115,0";"3,1";"";"0,0"
"19/04/2026";"0800";"10,3";"10,5";"10,0";"99,0";"99,0";"98,0";"10,0";"10,3";"9,7";"916,5";"916,7";"916,3";"1,9";"126,0";"2,6";"";"0,0"
"19/04/2026";"0900";"9,9";"10,1";"9,5";"98,0";"99,0";"98,0";"9,5";"9,8";"9,2";"917,0";"917,3";"916,7";"1,7";"103,0";"2,5";"";"0,0"
"19/04/2026";"1000";"9,1";"9,5";"8,7";"99,0";"100,0";"98,0";"8,9";"9,3";"8,6";"917,7";"918,0";"917,3";"1,9";"105,0";"3,0";"";"0,0"
"19/04/2026";"1100";"9,1";"9,5";"8,7";"100,0";"100,0";"100,0";"9,1";"9,4";"8,7";"918,3";"918,6";"918,0";"2,0";"104,0";"2,8";"";"0,0"
"19/04/2026";"1200";"10,3";"11,4";"9,4";"100,0";"100,0";"99,0";"10,3";"11,2";"9,4";"919,1";"919,5";"918,7";"1,8";"98,0";"2,6";"";"0,2"
"19/04/2026";"1300";"14,5";"17,2";"11,4";"87,0";"99,0";"73,0";"11,8";"12,9";"10,6";"919,8";"920,0";"919,5";"0,5";"181,0";"1,6";"";"0,0"
"19/04/2026";"1400";"18,6";"19,9";"17,2";"66,0";"79,0";"52,0";"11,8";"13,2";"9,9";"920,1";"920,2";"920,0";"1,0";"133,0";"2,7";"";"0,0"
"19/04/2026";"1500";"21,0";"22,0";"19,9";"53,0";"61,0";"48,0";"11,6";"12,9";"10,2";"920,1";"920,2";"920,0";"1,2";"275,0";"2,8";"";"0,0"
"19/04/2026";"1600";"22,8";"23,7";"21,8";"48,0";"55,0";"40,0";"12,4";"14,1";"11,2";"919,7";"920,1";"919,3";"1,3";"235,0";"3,1";"";"0,0"
"19/04/2026";"1700";"24,1";"24,5";"23,4";"43,0";"48,0";"37,0";"12,6";"13,6";"11,4";"919,2";"919,3";"919,1";"1,7";"257,0";"3,2";"";"0,0"
"19/04/2026";"1800";"24,5";"25,1";"24,2";"40,0";"46,0";"35,0";"12,6";"13,8";"11,7";"918,9";"919,1";"918,7";"1,4";"249,0";"3,3";"";"0,0"
"19/04/2026";"1900";"24,7";"25,2";"24,4";"39,0";"44,0";"35,0";"12,5";"13,6";"11,7";"918,6";"918,7";"918,6";"1,9";"151,0";"4,3";"";"0,0"
"19/04/2026";"2000";"24,2";"24,6";"23,8";"36,0";"41,0";"33,0";"11,4";"12,4";"10,5";"918,7";"918,8";"918,6";"1,3";"168,0";"3,1";"";"0,0"
"19/04/2026";"2100";"22,2";"23,8";"20,2";"45,0";"57,0";"35,0";"11,1";"11,6";"10,7";"919,0";"919,1";"918,8";"1,6";"190,0";"3,3";"";"0,0"
"19/04/2026";"2200";"19,2";"20,2";"18,3";"65,0";"70,0";"56,0";"12,2";"12,6";"11,5";"919,5";"919,8";"919,2";"2,1";"163,0";"4,5";"";"0,0"
"19/04/2026";"2300";"17,6";"18,2";"16,9";"74,0";"78,0";"70,0";"12,3";"12,6";"12,0";"920,3";"920,5";"919,9";"1,8";"143,0";"4,1";"";"0,0"
"20/04/2026";"0000";"16,5";"17,0";"15,6";"79,0";"83,0";"77,0";"12,3";"12,5";"12,1";"920,6";"920,9";"920,5";"2,5";"113,0";"4,0";"";"0,0"
"20/04/2026";"0100";"15,3";"15,9";"14,8";"84,0";"87,0";"81,0";"12,1";"12,3";"12,0";"921,0";"921,1";"920,9";"2,9";"108,0";"4,7";"";"0,0"
"20/04/2026";"0200";"15,1";"15,3";"15,0";"89,0";"91,0";"85,0";"12,8";"13,4";"12,3";"921,0";"921,1";"920,9";"3,2";"110,0";"5,0";"";"0,0"
"20/04/2026";"0300";"14,5";"15,0";"14,0";"94,0";"97,0";"91,0";"13,3";"13,4";"13,2";"921,1";"921,2";"921,0";"3,3";"111,0";"5,3";"";"0,0"
"20/04/2026";"0400";"13,7";"14,0";"13,4";"98,0";"99,0";"97,0";"13,3";"13,4";"13,2";"920,8";"921,0";"920,5";"3,1";"117,0";"4,9";"";"0,0"
"20/04/2026";"0500";"13,5";"13,6";"13,3";"99,0";"99,0";"99,0";"13,3";"13,5";"13,0";"920,4";"920,6";"920,3";"2,7";"100,0";"4,6";"";"0,0"
"20/04/2026";"0600";"13,1";"13,3";"12,8";"99,0";"100,0";"99,0";"13,0";"13,1";"12,8";"920,1";"920,4";"920,0";"3,3";"105,0";"4,9";"";"0,0"
"20/04/2026";"0700";"12,6";"12,8";"12,2";"100,0";"100,0";"100,0";"12,5";"12,8";"12,2";"920,1";"920,3";"920,0";"0,8";"143,0";"2,4";"";"0,0"
"20/04/2026";"0800";"12,1";"12,5";"11,8";"100,0";"100,0";"100,0";"12,1";"12,5";"11,7";"920,1";"920,2";"920,0";"2,1";"105,0";"3,9";"";"0,0"
"20/04/2026";"0900";"11,4";"11,7";"11,1";"100,0";"100,0";"100,0";"11,4";"11,7";"11,0";"920,3";"920,4";"920,2";"1,6";"130,0";"3,8";"";"0,0"
"20/04/2026";"1000";"10,9";"11,0";"10,7";"100,0";"100,0";"100,0";"10,9";"11,0";"10,7";"920,5";"920,7";"920,2";"1,7";"82,0";"4,8";"";"0,0"
"20/04/2026";"1100";"11,4";"11,6";"11,1";"100,0";"100,0";"100,0";"11,3";"11,6";"11,0";"920,9";"921,2";"920,6";"2,1";"87,0";"4,7";"";"0,2"
"20/04/2026";"1200";"11,8";"12,4";"11,5";"100,0";"100,0";"100,0";"11,8";"12,4";"11,4";"921,3";"921,5";"921,1";"2,4";"84,0";"5,8";"";"0,0"
"20/04/2026";"1300";"13,2";"14,4";"12,4";"98,0";"100,0";"93,0";"12,8";"13,5";"12,3";"921,4";"921,6";"921,2";"3,4";"90,0";"6,6";"";"0,0"
"20/04/2026";"1400";"16,9";"19,0";"14,5";"82,0";"92,0";"73,0";"13,3";"14,1";"12,7";"921,7";"921,7";"921,6";"1,9";"83,0";"4,5";"";"0,0"
"20/04/2026";"1500";"20,5";"21,8";"19,1";"67,0";"74,0";"61,0";"14,0";"14,7";"13,4";"921,2";"921,6";"920,9";"2,1";"81,0";"5,1";"";"0,0"
"20/04/2026";"1600";"23,4";"24,8";"21,8";"58,0";"66,0";"50,0";"15,0";"16,4";"14,2";"920,7";"920,9";"920,6";"1,1";"95,0";"3,9";"";"0,0"
"20/04/2026";"1700";"26,1";"26,8";"24,9";"47,0";"55,0";"34,0";"15,5";"17,0";"13,7";"920,7";"920,8";"920,4";"1,4";"203,0";"3,2";"";"0,0"
"20/04/2026";"1800";"27,2";"27,8";"26,6";"36,0";"45,0";"29,0";"14,4";"16,0";"13,5";"920,2";"920,4";"920,0";"1,7";"194,0";"4,8";"";"0,0"
"20/04/2026";"1900";"27,0";"27,5";"26,1";"35,0";"44,0";"30,0";"14,0";"15,2";"13,0";"919,9";"920,0";"919,8";"1,5";"163,0";"3,2";"";"0,0"
"20/04/2026";"2000";"26,7";"27,7";"24,9";"34,0";"41,0";"29,0";"13,4";"15,8";"11,9";"920,0";"920,2";"919,8";"1,0";"251,0";"2,5";"";"0,0"
"20/04/2026";"2100";"22,9";"24,7";"21,1";"51,0";"65,0";"38,0";"13,1";"14,3";"12,0";"920,2";"920,3";"920,2";"0,9";"232,0";"1,6";"";"0,0"
"20/04/2026";"2200";"20,1";"21,0";"19,0";"71,0";"75,0";"66,0";"14,2";"14,5";"13,8";"920,2";"920,4";"920,1";"1,0";"246,0";"2,0";"";"0,0"
"20/04/2026";"2300";"18,4";"18,9";"17,8";"75,0";"79,0";"72,0";"13,4";"13,9";"13,0";"920,5";"920,8";"920,3";"1,2";"150,0";"2,6";"";"0,0"
"21/04/2026";"0000";"18,1";"18,6";"17,7";"74,0";"76,0";"70,0";"12,8";"13,1";"12,6";"920,9";"921,0";"920,8";"1,8";"118,0";"2,9";"";"0,0"
"21/04/2026";"0100";"17,3";"18,0";"16,7";"77,0";"80,0";"74,0";"12,6";"13,0";"12,2";"920,9";"921,1";"920,6";"1,2";"126,0";"2,9";"";"0,0"
"21/04/2026";"0200";"16,5";"17,4";"16,1";"80,0";"82,0";"75,0";"12,6";"12,7";"12,3";"921,0";"921,3";"920,8";"1,4";"102,0";"4,0";"";"0,0"
"21/04/2026";"0300";"15,9";"16,5";"15,3";"81,0";"85,0";"76,0";"12,1";"12,4";"11,6";"920,9";"921,1";"920,8";"2,0";"122,0";"3,0";"";"0,0"
"21/04/2026";"0400";"15,4";"15,5";"15,2";"83,0";"85,0";"82,0";"12,1";"12,3";"11,9";"920,8";"921,0";"920,6";"2,1";"104,0";"3,6";"";"0,0"
"21/04/2026";"0500";"15,0";"15,3";"14,8";"85,0";"87,0";"83,0";"12,0";"12,2";"11,9";"920,9";"921,0";"920,8";"2,6";"111,0";"4,2";"";"0,0"
"21/04/2026";"0600";"15,0";"15,3";"14,9";"86,0";"87,0";"84,0";"12,2";"12,4";"12,0";"920,7";"920,9";"920,6";"1,8";"94,0";"3,9";"";"0,0"
"21/04/2026";"0700";"14,6";"14,9";"14,4";"89,0";"91,0";"88,0";"12,4";"12,6";"12,3";"920,6";"920,7";"920,3";"1,6";"113,0";"3,2";"";"0,0"
"21/04/2026";"0800";"14,4";"14,6";"14,2";"90,0";"92,0";"89,0";"12,4";"12,6";"12,2";"920,6";"920,9";"920,4";"1,6";"112,0";"2,9";"";"0,0"
"21/04/2026";"0900";"14,3";"14,5";"14,2";"90,0";"91,0";"89,0";"12,3";"12,4";"12,1";"921,2";"921,5";"921,0";"0,2";"166,0";"0,8";"";"0,0"
"21/04/2026";"1000";"14,3";"15,1";"14,1";"90,0";"92,0";"85,0";"12,3";"12,6";"12,1";"921,4";"922,1";"920,9";"1,8";"206,0";"4,6";"";"0,0"
"21/04/2026";"1100";"15,0";"15,4";"14,8";"87,0";"89,0";"85,0";"12,5";"13,1";"12,2";"922,1";"922,3";"921,8";"0,3";"111,0";"1,6";"";"0,0"
"21/04/2026";"1200";"15,8";"16,4";"15,4";"86,0";"88,0";"83,0";"13,0";"13,5";"12,4";"922,3";"922,5";"922,1";"1,5";"98,0";"2,8";"";"0,0"
"21/04/2026";"1300";"16,5";"17,1";"16,0";"82,0";"86,0";"75,0";"12,8";"13,4";"12,0";"922,8";"923,1";"922,2";"0,7";"138,0";"2,4";"";"0,0"
"21/04/2026";"1400";"17,5";"18,0";"17,1";"75,0";"79,0";"72,0";"12,6";"13,3";"12,1";"922,7";"922,8";"922,7";"0,9";"144,0";"2,4";"";"0,0"
"21/04/2026";"1500";"18,4";"19,4";"17,8";"73,0";"76,0";"68,0";"13,0";"14,5";"12,1";"922,7";"922,9";"922,3";"0,9";"148,0";"2,3";"";"0,0"
"21/04/2026";"1600";"19,2";"19,4";"19,1";"71,0";"74,0";"67,0";"13,3";"14,0";"12,8";"922,3";"922,5";"922,1";"1,4";"233,0";"2,6";"";"0,0"
"21/04/2026";"1700";"19,6";"19,9";"19,2";"70,0";"75,0";"65,0";"13,6";"14,8";"12,7";"921,8";"922,1";"921,4";"0,5";"113,0";"1,8";"";"0,0"
"21/04/2026";"1800";"20,1";"20,3";"19,9";"70,0";"75,0";"65,0";"14,0";"15,0";"13,0";"921,4";"921,6";"921,2";"1,1";"95,0";"1,9";"";"0,0"
"21/04/2026";"1900";"20,0";"20,3";"19,4";"72,0";"78,0";"65,0";"14,4";"15,5";"13,0";"921,1";"921,3";"920,8";"2,2";"110,0";"3,4";"";"0,0"
"21/04/2026";"2000";"19,7";"20,2";"19,1";"74,0";"77,0";"70,0";"14,6";"15,3";"13,6";"920,8";"920,9";"920,7";"1,1";"96,0";"2,3";"";"0,0"
"21/04/2026";"2100";"18,6";"19,1";"18,2";"78,0";"84,0";"72,0";"14,3";"15,2";"13,5";"920,8";"921,1";"920,7";"0,8";"181,0";"3,1";"";"0,0"
"21/04/2026";"2200";"17,7";"18,2";"17,2";"84,0";"87,0";"78,0";"14,5";"15,1";"13,4";"921,0";"921,2";"920,9";"0,6";"112,0";"3,4";"";"0,0"
"21/04/2026";"2300";"17,2";"17,4";"17,0";"82,0";"86,0";"78,0";"13,6";"14,3";"13,0";"921,0";"921,1";"920,9";"1,4";"114,0";"2,0";"";"0,0"
"22/04/2026";"0000";"17,7";"17,9";"17,3";"77,0";"81,0";"75,0";"13,2";"13,7";"12,8";"921,2";"921,4";"921,1";"0,7";"191,0";"1,4";"";"0,0"
"22/04/2026";"0100";"17,2";"17,5";"17,0";"84,0";"86,0";"79,0";"14,0";"14,3";"13,2";"921,5";"921,6";"921,4";"0,4";"176,0";"3,0";"";"0,0"
"22/04/2026";"0200";"17,0";"17,2";"16,7";"87,0";"89,0";"84,0";"14,3";"14,7";"13,7";"921,5";"921,6";"921,4";"0,5";"129,0";"1,6";"";"0,0"
"22/04/2026";"0300";"17,7";"18,1";"17,0";"78,0";"84,0";"75,0";"13,4";"13,9";"12,9";"921,4";"921,4";"921,3";"0,9";"126,0";"2,8";"";"0,0"
"22/04/2026";"0400";"17,7";"18,1";"17,3";"77,0";"80,0";"74,0";"13,1";"13,4";"12,8";"921,4";"921,5";"921,4";"0,6";"149,0";"2,1";"";"0,0"
"22/04/2026";"0500";"16,7";"17,3";"16,3";"81,0";"84,0";"79,0";"12,9";"13,3";"12,7";"921,3";"921,4";"921,2";"0,7";"84,0";"2,3";"";"0,0"
"22/04/2026";"0600";"16,8";"17,0";"16,6";"82,0";"84,0";"79,0";"13,2";"13,4";"12,9";"921,1";"921,2";"920,8";"1,3";"102,0";"3,2";"";"0,0"
"22/04/2026";"0700";"17,1";"17,3";"16,8";"80,0";"81,0";"78,0";"13,0";"13,2";"12,9";"920,8";"920,9";"920,7";"0,5";"159,0";"1,8";"";"0,0"
"22/04/2026";"0800";"16,3";"16,8";"16,0";"85,0";"87,0";"82,0";"13,4";"13,7";"13,1";"920,8";"921,0";"920,6";"0,6";"105,0";"2,2";"";"0,0"
"22/04/2026";"0900";"15,8";"16,0";"15,5";"87,0";"88,0";"86,0";"13,2";"13,4";"13,1";"921,1";"921,3";"920,9";"0,4";"149,0";"1,5";"";"0,0"
"22/04/2026";"1000";"15,1";"15,5";"14,9";"90,0";"92,0";"88,0";"13,1";"13,4";"13,0";"921,4";"921,7";"921,3";"0,7";"112,0";"2,1";"";"0,0"
"22/04/2026";"1100";"15,7";"16,8";"15,0";"89,0";"92,0";"84,0";"13,5";"14,1";"13,1";"921,9";"922,3";"921,6";"0,8";"115,0";"2,6";"";"0,0"
"22/04/2026";"1200";"17,3";"17,9";"16,8";"84,0";"86,0";"81,0";"14,0";"14,6";"13,6";"922,6";"922,9";"922,3";"1,6";"193,0";"3,4";"";"0,0"
"22/04/2026";"1300";"19,4";"20,5";"17,9";"79,0";"84,0";"73,0";"15,2";"16,1";"14,6";"923,0";"923,0";"922,9";"1,2";"172,0";"3,0";"";"0,0"
"22/04/2026";"1400";"22,0";"22,8";"20,5";"75,0";"80,0";"71,0";"17,0";"18,2";"15,4";"922,9";"923,0";"922,8";"2,9";"310,0";"5,0";"";"0,0"
"22/04/2026";"1500";"23,3";"23,9";"22,6";"73,0";"78,0";"70,0";"18,0";"18,6";"17,5";"922,6";"922,8";"922,4";"3,3";"307,0";"5,8";"";"0,0"
"22/04/2026";"1600";"23,9";"25,3";"23,0";"71,0";"76,0";"65,0";"18,0";"19,2";"17,2";"922,2";"922,5";"922,0";"2,5";"299,0";"5,1";"";"0,0"
"22/04/2026";"1700";"24,8";"25,3";"24,0";"64,0";"68,0";"61,0";"17,6";"18,3";"17,0";"921,7";"922,0";"921,4";"2,7";"297,0";"6,1";"";"0,0"
"22/04/2026";"1800";"25,5";"25,9";"24,3";"61,0";"67,0";"57,0";"17,7";"18,4";"17,2";"921,3";"921,6";"921,1";"2,4";"308,0";"4,9";"";"0,0"
"22/04/2026";"1900";"25,6";"26,1";"24,9";"59,0";"63,0";"54,0";"17,4";"18,4";"16,8";"921,2";"921,3";"921,1";"2,8";"281,0";"5,4";"";"0,0"
"22/04/2026";"2000";"25,0";"25,3";"24,3";"62,0";"66,0";"59,0";"17,5";"18,0";"16,8";"921,3";"921,4";"921,2";"1,8";"237,0";"3,6";"";"0,0"
"22/04/2026";"2100";"23,5";"24,9";"22,3";"70,0";"76,0";"63,0";"17,6";"18,0";"17,3";"921,7";"921,8";"921,4";"1,7";"185,0";"3,6";"";"0,0"
"22/04/2026";"2200";"21,6";"22,3";"21,0";"79,0";"82,0";"76,0";"17,4";"17,6";"17,3";"922,1";"922,4";"921,8";"1,7";"182,0";"3,8";"";"0,0"
"22/04/2026";"2300";"21,0";"21,1";"20,8";"82,0";"84,0";"82,0";"17,5";"17,6";"17,4";"922,7";"922,9";"922,4";"1,2";"155,0";"2,4";"";"0,0"
"23/04/2026";"0000";"20,3";"20,7";"20,0";"86,0";"88,0";"84,0";"17,5";"17,5";"17,4";"923,2";"923,4";"922,9";"1,4";"123,0";"3,3";"";"0,0"
"23/04/2026";"0100";"19,2";"20,0";"18,7";"91,0";"93,0";"88,0";"17,4";"17,5";"17,2";"923,4";"923,5";"923,3";"2,0";"106,0";"3,3";"";"0,0"
"23/04/2026";"0200";"18,5";"18,7";"18,3";"94,0";"95,0";"93,0";"17,3";"17,4";"17,3";"923,3";"923,5";"923,2";"1,9";"105,0";"3,2";"";"0,0"
"23/04/2026";"0300";"18,3";"18,4";"18,1";"95,0";"95,0";"93,0";"17,2";"17,3";"17,0";"923,2";"923,3";"923,1";"1,8";"116,0";"2,9";"";"0,0"
"23/04/2026";"0400";"17,8";"18,0";"17,3";"95,0";"96,0";"94,0";"16,9";"17,1";"16,4";"923,0";"923,1";"922,9";"1,4";"106,0";"2,3";"";"0,0"
"23/04/2026";"0500";"17,4";"17,7";"17,1";"96,0";"98,0";"95,0";"16,7";"16,9";"16,4";"922,8";"922,9";"922,7";"1,7";"131,0";"3,0";"";"0,0"
"23/04/2026";"0600";"17,0";"17,1";"16,7";"98,0";"98,0";"97,0";"16,5";"16,7";"16,3";"922,6";"922,7";"922,4";"2,2";"110,0";"3,1";"";"0,0"
"23/04/2026";"0700";"16,3";"16,7";"16,0";"99,0";"100,0";"98,0";"16,1";"16,4";"15,8";"922,4";"922,5";"922,2";"2,0";"121,0";"2,8";"";"0,0"
"23/04/2026";"0800";"15,9";"16,0";"15,7";"100,0";"100,0";"99,0";"15,8";"16,0";"15,6";"922,2";"922,3";"922,1";"2,2";"131,0";"3,3";"";"0,0"
"23/04/2026";"0900";"15,8";"16,0";"15,6";"100,0";"100,0";"100,0";"15,8";"16,0";"15,6";"922,5";"922,8";"922,2";"1,6";"107,0";"2,9";"";"0,0"
"23/04/2026";"1000";"15,8";"16,0";"15,7";"100,0";"100,0";"100,0";"15,7";"16,0";"15,6";"923,3";"923,6";"922,9";"1,9";"131,0";"3,1";"";"0,0"
"23/04/2026";"1100";"16,3";"16,6";"16,0";"100,0";"100,0";"100,0";"16,2";"16,5";"16,0";"923,9";"924,1";"923,6";"1,5";"120,0";"2,5";"";"0,0"
"23/04/2026";"1200";"16,9";"17,5";"16,6";"99,0";"100,0";"97,0";"16,7";"17,2";"16,5";"924,3";"924,5";"924,1";"2,8";"104,0";"4,1";"";"0,0"
"23/04/2026";"1300";"18,8";"19,4";"17,5";"91,0";"97,0";"87,0";"17,0";"17,5";"16,7";"924,8";"925,0";"924,5";"2,0";"94,0";"4,7";"";"0,0"
"23/04/2026";"1400";"20,0";"20,7";"19,4";"85,0";"88,0";"80,0";"17,0";"17,9";"16,6";"924,9";"925,1";"924,7";"2,9";"111,0";"5,2";"";"0,0"
"23/04/2026";"1500";"22,0";"23,7";"20,8";"78,0";"84,0";"69,0";"17,6";"18,6";"16,9";"924,4";"924,7";"924,0";"1,3";"119,0";"4,2";"";"0,0"
"23/04/2026";"1600";"22,6";"23,4";"22,3";"73,0";"77,0";"70,0";"17,3";"18,1";"16,6";"923,8";"924,0";"923,5";"1,8";"109,0";"2,7";"";"0,0"
"23/04/2026";"1700";"22,5";"23,2";"22,3";"76,0";"79,0";"72,0";"17,8";"18,4";"16,9";"923,0";"923,5";"922,7";"1,5";"128,0";"2,8";"";"0,0"
"23/04/2026";"1800";"23,2";"23,5";"23,1";"73,0";"78,0";"70,0";"17,9";"18,7";"17,3";"922,6";"922,8";"922,2";"1,4";"110,0";"2,6";"";"0,0"
"23/04/2026";"1900";"23,6";"23,8";"23,2";"73,0";"77,0";"69,0";"18,2";"18,9";"17,5";"922,3";"922,5";"922,1";"1,0";"91,0";"2,5";"";"0,0"
"23/04/2026";"2000";"22,7";"23,5";"22,2";"78,0";"80,0";"74,0";"18,2";"19,0";"17,6";"922,0";"922,2";"921,7";"0,6";"183,0";"1,9";"";"0,0"
"23/04/2026";"2100";"21,4";"22,1";"20,3";"86,0";"93,0";"81,0";"18,5";"19,0";"18,2";"922,2";"922,4";"922,1";"0,8";"147,0";"1,6";"";"0,2"
"23/04/2026";"2200";"19,8";"20,3";"19,5";"93,0";"94,0";"91,0";"18,4";"18,8";"18,0";"922,5";"922,8";"922,3";"2,1";"99,0";"4,4";"";"0,0"
"23/04/2026";"2300";"19,1";"19,5";"18,8";"91,0";"93,0";"90,0";"17,3";"18,1";"16,8";"923,2";"923,5";"922,8";"3,2";"99,0";"6,5";"";"0,0"
"24/04/2026";"0000";"18,5";"18,8";"18,4";"91,0";"92,0";"90,0";"16,8";"17,0";"16,7";"923,4";"923,5";"923,3";"3,0";"93,0";"6,4";"";"0,0"
"24/04/2026";"0100";"18,2";"18,3";"18,0";"93,0";"94,0";"92,0";"16,8";"16,8";"16,7";"923,5";"923,8";"923,3";"3,1";"99,0";"5,5";"";"0,0"
"24/04/2026";"0200";"17,8";"18,0";"17,7";"95,0";"95,0";"94,0";"16,8";"16,8";"16,7";"923,7";"923,8";"923,6";"2,1";"89,0";"4,3";"";"0,0"
"24/04/2026";"0300";"17,8";"17,8";"17,7";"95,0";"95,0";"95,0";"16,8";"16,9";"16,8";"923,3";"923,7";"923,1";"2,5";"91,0";"4,8";"";"0,0"
"24/04/2026";"0400";"17,7";"17,8";"17,5";"96,0";"97,0";"95,0";"16,9";"16,9";"16,8";"922,6";"923,0";"922,2";"2,3";"95,0";"4,7";"";"0,0"
"24/04/2026";"0500";"17,5";"17,5";"17,4";"97,0";"98,0";"97,0";"16,9";"17,0";"16,9";"922,1";"922,3";"921,9";"1,9";"88,0";"4,2";"";"0,0"
"24/04/2026";"0600";"17,3";"17,4";"17,2";"98,0";"98,0";"97,0";"16,8";"16,9";"16,8";"921,9";"922,0";"921,7";"1,9";"83,0";"4,0";"";"0,0"
"24/04/2026";"0700";"17,2";"17,3";"17,1";"98,0";"99,0";"98,0";"16,9";"16,9";"16,8";"921,5";"921,7";"921,3";"2,1";"83,0";"4,2";"";"0,0"
"24/04/2026";"0800";"17,1";"17,1";"17,1";"99,0";"99,0";"99,0";"16,9";"16,9";"16,9";"921,4";"921,5";"921,3";"1,3";"84,0";"3,7";"";"0,0"
"24/04/2026";"0900";"17,0";"17,1";"16,8";"99,0";"99,0";"99,0";"16,8";"16,9";"16,6";"921,6";"921,7";"921,4";"2,2";"87,0";"4,6";"";"0,0"
"24/04/2026";"1000";"16,8";"16,9";"16,7";"99,0";"99,0";"98,0";"16,6";"16,7";"16,4";"922,0";"922,5";"921,8";"0,6";"129,0";"1,8";"";"0,0"
"24/04/2026";"1100";"16,9";"17,3";"16,7";"93,0";"98,0";"88,0";"15,6";"16,4";"14,8";"922,7";"922,9";"922,5";"0,8";"160,0";"2,5";"";"0,0"
"24/04/2026";"1200";"17,7";"18,0";"17,3";"85,0";"89,0";"80,0";"14,7";"15,2";"14,0";"922,9";"923,0";"922,7";"0,9";"139,0";"3,1";"";"0,0"
"24/04/2026";"1300";"17,8";"18,0";"17,6";"83,0";"86,0";"80,0";"14,4";"14,9";"13,9";"922,8";"923,0";"922,3";"1,0";"132,0";"4,2";"";"0,0"
"24/04/2026";"1400";"18,3";"18,8";"17,9";"81,0";"86,0";"77,0";"14,4";"15,1";"14,0";"922,3";"922,5";"922,0";"1,1";"151,0";"2,8";"";"0,0"
"24/04/2026";"1500";"19,3";"19,5";"18,8";"76,0";"80,0";"73,0";"14,5";"15,1";"13,9";"921,9";"922,3";"921,5";"1,1";"146,0";"3,5";"";"0,0"
"24/04/2026";"1600";"20,2";"20,6";"19,3";"73,0";"77,0";"68,0";"14,8";"15,5";"14,2";"921,3";"921,6";"921,0";"1,0";"186,0";"2,6";"";"0,0"
"24/04/2026";"1700";"20,0";"20,7";"19,4";"76,0";"88,0";"69,0";"15,2";"17,0";"14,2";"920,8";"921,1";"920,3";"0,6";"166,0";"1,3";"";"0,2"
"24/04/2026";"1800";"19,7";"20,3";"19,1";"83,0";"89,0";"72,0";"16,2";"17,2";"14,4";"919,9";"920,2";"919,5";"0,9";"159,0";"2,6";"";"0,4"
"24/04/2026";"1900";"19,5";"19,9";"19,2";"84,0";"88,0";"79,0";"16,4";"17,1";"15,2";"919,5";"919,9";"919,3";"0,7";"249,0";"2,0";"";"0,0"
"24/04/2026";"2000";"18,7";"19,2";"18,3";"90,0";"93,0";"82,0";"16,7";"17,3";"15,6";"919,8";"920,0";"919,6";"0,8";"297,0";"1,8";"";"0,2"
"24/04/2026";"2100";"17,9";"18,3";"17,5";"93,0";"95,0";"89,0";"16,5";"17,1";"15,8";"919,5";"919,6";"919,3";"0,4";"165,0";"1,4";"";"0,0"
"24/04/2026";"2200";"17,4";"17,6";"17,3";"94,0";"97,0";"92,0";"16,3";"16,8";"15,9";"919,2";"919,4";"919,0";"0,5";"134,0";"1,8";"";"0,0"
"24/04/2026";"2300";"17,1";"17,3";"17,0";"96,0";"97,0";"94,0";"16,3";"16,7";"16,1";"919,0";"919,2";"918,9";"0,3";"119,0";"1,4";"";"0,0"
"25/04/2026";"0000";"16,8";"17,1";"16,6";"97,0";"99,0";"96,0";"16,3";"16,4";"16,1";"919,2";"919,3";"919,0";"1,0";"154,0";"2,6";"";"1,4"
"25/04/2026";"0100";"16,6";"16,7";"16,5";"99,0";"99,0";"99,0";"16,4";"16,5";"16,4";"919,1";"919,6";"918,9";"1,2";"309,0";"2,4";"";"4,2"
"25/04/2026";"0200";"16,5";"16,5";"16,5";"100,0";"100,0";"99,0";"16,4";"16,5";"16,3";"919,8";"919,9";"919,6";"0,3";"242,0";"1,7";"";"9,3"
"25/04/2026";"0300";"16,4";"16,5";"16,3";"100,0";"100,0";"100,0";"16,4";"16,5";"16,3";"919,5";"919,7";"919,4";"1,0";"203,0";"2,3";"";"0,8"
"25/04/2026";"0400";"16,4";"16,5";"16,4";"100,0";"100,0";"100,0";"16,4";"16,5";"16,4";"919,1";"919,7";"918,7";"0,9";"207,0";"2,5";"";"0,2"
"25/04/2026";"0500";"16,5";"16,5";"16,4";"100,0";"100,0";"100,0";"16,5";"16,5";"16,4";"919,2";"919,4";"919,0";"1,4";"299,0";"2,8";"";"0,2"
"25/04/2026";"0600";"16,6";"16,6";"16,5";"100,0";"100,0";"100,0";"16,5";"16,6";"16,5";"918,8";"919,2";"918,1";"1,5";"104,0";"3,0";"";"0,6"
"25/04/2026";"0700";"16,5";"16,6";"16,4";"100,0";"100,0";"100,0";"16,5";"16,5";"16,4";"917,1";"918,1";"915,9";"1,3";"137,0";"3,7";"";"0,2"
"25/04/2026";"0800";"16,4";"16,6";"16,3";"100,0";"100,0";"100,0";"16,4";"16,6";"16,3";"916,9";"917,2";"916,5";"2,0";"287,0";"3,3";"";"0,0"
"25/04/2026";"0900";"16,3";"16,4";"16,3";"100,0";"100,0";"100,0";"16,3";"16,4";"16,2";"917,8";"918,1";"917,3";"1,7";"282,0";"3,3";"";"0,0"
"25/04/2026";"1000";"16,1";"16,3";"15,9";"100,0";"100,0";"100,0";"16,1";"16,3";"15,8";"918,1";"918,2";"918,0";"1,7";"265,0";"3,7";"";"0,0"
"25/04/2026";"1100";"16,1";"16,5";"15,9";"100,0";"100,0";"99,0";"16,0";"16,4";"15,8";"918,5";"918,8";"918,1";"1,6";"297,0";"2,7";"";"0,0"
"25/04/2026";"1200";"16,7";"17,2";"16,4";"99,0";"100,0";"95,0";"16,4";"16,8";"16,0";"918,9";"919,2";"918,7";"2,1";"285,0";"3,9";"";"0,0"
"25/04/2026";"1300";"17,9";"18,8";"17,0";"92,0";"98,0";"85,0";"16,4";"16,9";"15,7";"919,4";"919,5";"919,2";"2,4";"275,0";"4,7";"";"0,0"
"25/04/2026";"1400";"18,5";"19,3";"17,9";"88,0";"92,0";"82,0";"16,2";"16,8";"15,5";"919,5";"919,7";"919,2";"2,3";"294,0";"3,8";"";"0,0"
"25/04/2026";"1500";"19,0";"19,8";"18,2";"83,0";"89,0";"78,0";"15,7";"16,5";"15,0";"919,0";"919,3";"918,7";"2,5";"304,0";"4,4";"";"0,0"
"25/04/2026";"1600";"19,6";"20,2";"19,3";"81,0";"85,0";"75,0";"15,7";"16,6";"14,6";"918,3";"918,7";"917,9";"2,1";"266,0";"4,8";"";"0,0"
"25/04/2026";"1700";"20,4";"21,5";"19,3";"76,0";"83,0";"70,0";"15,7";"16,6";"15,1";"917,6";"917,9";"917,2";"3,1";"321,0";"5,1";"";"0,0"
"25/04/2026";"1800";"20,9";"21,5";"20,3";"74,0";"78,0";"69,0";"15,7";"16,3";"14,9";"917,2";"917,3";"917,1";"1,6";"290,0";"4,5";"";"0,0"
"25/04/2026";"1900";"21,0";"21,4";"20,5";"73,0";"77,0";"69,0";"15,6";"16,5";"14,9";"917,1";"917,2";"917,0";"1,7";"288,0";"4,0";"";"0,0"
"25/04/2026";"2000";"21,0";"21,5";"19,7";"73,0";"80,0";"70,0";"15,7";"16,1";"15,2";"917,1";"917,3";"917,1";"1,6";"295,0";"2,9";"";"0,0"
"25/04/2026";"2100";"19,0";"19,7";"18,5";"84,0";"87,0";"79,0";"15,7";"15,9";"15,6";"917,3";"917,3";"917,2";"0,9";"263,0";"2,0";"";"0,0"
"25/04/2026";"2200";"18,1";"18,5";"17,2";"88,0";"92,0";"85,0";"15,6";"15,7";"15,5";"917,2";"917,3";"917,1";"0,9";"315,0";"1,7";"";"0,0"
"25/04/2026";"2300";"17,3";"17,8";"17,0";"93,0";"95,0";"90,0";"15,9";"16,1";"15,6";"917,5";"917,6";"917,4";"0,6";"267,0";"1,4";"";"0,0"
"26/04/2026";"0000";"16,6";"17,7";"15,8";"95,0";"97,0";"91,0";"15,7";"16,1";"15,2";"917,6";"917,8";"917,4";"0,3";"236,0";"1,0";"";"0,0"
"26/04/2026";"0100";"15,7";"15,9";"15,3";"99,0";"100,0";"98,0";"15,4";"15,7";"15,1";"917,4";"917,6";"917,2";"0,5";"135,0";"1,1";"";"0,0"
"26/04/2026";"0200";"15,5";"15,6";"15,3";"100,0";"100,0";"99,0";"15,5";"15,6";"15,3";"917,2";"917,4";"916,9";"1,4";"115,0";"1,9";"";"0,0"
"26/04/2026";"0300";"15,3";"15,5";"15,2";"100,0";"100,0";"100,0";"15,3";"15,5";"15,2";"916,8";"917,2";"916,5";"0,6";"103,0";"1,2";"";"0,0"
"26/04/2026";"0400";"15,3";"15,5";"15,1";"100,0";"100,0";"100,0";"15,3";"15,5";"15,1";"916,6";"917,2";"916,1";"1,1";"189,0";"2,1";"";"0,0"
"26/04/2026";"0500";"15,4";"15,6";"15,3";"100,0";"100,0";"100,0";"15,4";"15,6";"15,2";"916,6";"917,3";"915,9";"0,8";"185,0";"2,0";"";"0,0"
"26/04/2026";"0600";"15,4";"15,5";"15,2";"100,0";"100,0";"100,0";"15,4";"15,5";"15,2";"916,0";"916,2";"915,6";"0,7";"126,0";"2,3";"";"0,0"
"26/04/2026";"0700";"15,3";"15,4";"15,2";"100,0";"100,0";"100,0";"15,3";"15,4";"15,2";"915,1";"915,9";"914,1";"1,0";"162,0";"1,8";"";"0,2"
"26/04/2026";"0800";"15,4";"15,6";"15,3";"100,0";"100,0";"100,0";"15,4";"15,6";"15,3";"914,5";"914,9";"914,2";"0,6";"201,0";"0,9";"";"0,6"
"26/04/2026";"0900";"15,5";"15,5";"15,4";"100,0";"100,0";"100,0";"15,5";"15,5";"15,4";"914,6";"915,1";"914,4";"0,7";"289,0";"1,6";"";"0,4"
"26/04/2026";"1000";"15,5";"15,6";"15,5";"100,0";"100,0";"100,0";"15,5";"15,6";"15,5";"915,2";"915,5";"914,9";"0,6";"139,0";"1,4";"";"0,0"
"26/04/2026";"1100";"15,7";"15,9";"15,5";"100,0";"100,0";"100,0";"15,7";"16,0";"15,5";"915,5";"915,7";"915,2";"0,4";"238,0";"0,9";"";"0,2"
"26/04/2026";"1200";"16,1";"16,3";"15,9";"100,0";"100,0";"100,0";"16,1";"16,3";"15,9";"915,8";"916,1";"915,6";"0,9";"236,0";"2,7";"";"0,4"
"26/04/2026";"1300";"17,0";"18,0";"16,3";"99,0";"100,0";"95,0";"16,8";"17,7";"16,3";"916,2";"916,4";"916,1";"1,3";"306,0";"2,5";"";"0,0"
"26/04/2026";"1400";"18,0";"18,5";"17,8";"93,0";"95,0";"91,0";"16,6";"17,1";"16,2";"916,1";"916,3";"915,9";"1,7";"299,0";"3,3";"";"0,0"
"26/04/2026";"1500";"19,3";"20,2";"18,6";"86,0";"91,0";"77,0";"16,4";"17,6";"15,6";"915,8";"916,0";"915,5";"2,9";"324,0";"4,5";"";"0,0"
"26/04/2026";"1600";"20,3";"21,4";"19,8";"77,0";"87,0";"71,0";"15,8";"17,2";"14,8";"915,3";"915,5";"915,0";"2,8";"314,0";"5,8";"";"0,0"
"26/04/2026";"1700";"21,2";"22,2";"20,3";"74,0";"79,0";"68,0";"16,1";"17,3";"15,5";"914,6";"915,0";"914,1";"1,7";"264,0";"3,8";"";"0,0"
"26/04/2026";"1800";"22,4";"23,0";"21,8";"67,0";"73,0";"61,0";"15,8";"16,8";"14,9";"914,1";"914,2";"913,9";"2,9";"289,0";"5,7";"";"0,0"
"26/04/2026";"1900";"22,4";"22,7";"22,1";"63,0";"69,0";"55,0";"15,0";"16,4";"13,4";"913,9";"914,0";"913,8";"2,1";"284,0";"4,5";"";"0,0"
"26/04/2026";"2000";"22,0";"22,3";"21,6";"59,0";"64,0";"56,0";"13,9";"14,5";"13,4";"914,2";"914,7";"913,9";"1,4";"291,0";"3,3";"";"0,0"
"26/04/2026";"2100";"20,1";"21,7";"18,6";"69,0";"75,0";"61,0";"13,8";"14,4";"13,4";"915,1";"915,4";"914,6";"1,0";"285,0";"2,2";"";"0,0"
"26/04/2026";"2200";"17,9";"18,5";"17,5";"76,0";"82,0";"71,0";"13,1";"14,0";"12,2";"915,6";"915,8";"915,4";"1,1";"269,0";"2,6";"";"0,0"
"26/04/2026";"2300";"17,8";"17,9";"17,5";"71,0";"73,0";"70,0";"12,0";"12,3";"11,9";"916,2";"916,6";"915,7";"0,6";"213,0";"2,7";"";"0,0"
"27/04/2026";"0000";"16,5";"17,5";"16,1";"83,0";"89,0";"74,0";"13,0";"14,3";"12,0";"916,6";"916,8";"916,5";"1,4";"214,0";"2,1";"";"0,0"
"27/04/2026";"0100";"16,2";"16,6";"16,0";"90,0";"91,0";"87,0";"14,2";"14,4";"13,4";"917,0";"917,4";"916,7";"1,4";"289,0";"2,7";"";"0,0"
"27/04/2026";"0200";"15,6";"16,1";"15,1";"87,0";"89,0";"84,0";"12,9";"13,5";"12,8";"917,4";"917,5";"917,3";"1,1";"297,0";"2,1";"";"0,0"
"27/04/2026";"0300";"14,6";"15,1";"13,9";"93,0";"97,0";"89,0";"13,2";"13,5";"12,9";"917,4";"917,5";"917,3";"0,7";"315,0";"1,8";"";"0,0"
"27/04/2026";"0400";"13,5";"14,0";"13,4";"98,0";"100,0";"97,0";"13,2";"14,0";"13,0";"917,5";"917,6";"917,3";"1,2";"297,0";"2,1";"";"0,0"
"27/04/2026";"0500";"14,1";"14,3";"13,8";"98,0";"100,0";"97,0";"13,7";"14,0";"13,2";"917,3";"917,4";"917,1";"1,3";"307,0";"2,1";"";"0,0"
"27/04/2026";"0600";"13,1";"13,8";"12,7";"98,0";"99,0";"97,0";"12,8";"13,3";"12,4";"917,0";"917,2";"916,7";"1,5";"320,0";"2,5";"";"0,0"
"27/04/2026";"0700";"12,5";"13,0";"12,1";"99,0";"100,0";"95,0";"12,3";"12,6";"11,9";"916,5";"916,7";"916,3";"1,9";"287,0";"5,4";"";"0,0"
"27/04/2026";"0800";"12,4";"13,1";"11,8";"98,0";"100,0";"95,0";"12,0";"12,3";"11,6";"916,8";"917,0";"916,6";"1,8";"303,0";"3,3";"";"0,0"
"27/04/2026";"0900";"11,7";"12,0";"11,4";"100,0";"100,0";"100,0";"11,7";"12,0";"11,4";"917,4";"917,7";"917,0";"1,2";"287,0";"3,4";"";"0,0"
"27/04/2026";"1000";"10,9";"11,4";"10,4";"99,0";"100,0";"98,0";"10,7";"11,4";"10,0";"918,3";"918,7";"917,8";"1,4";"322,0";"2,3";"";"0,0"
"27/04/2026";"1100";"11,1";"11,3";"10,8";"100,0";"100,0";"100,0";"11,0";"11,3";"10,7";"918,7";"918,9";"918,6";"2,6";"310,0";"4,3";"";"0,0"
"27/04/2026";"1200";"11,7";"12,2";"11,2";"95,0";"99,0";"88,0";"10,7";"11,2";"9,7";"919,1";"919,5";"918,8";"2,8";"311,0";"5,1";"";"0,0"
"27/04/2026";"1300";"13,1";"13,9";"12,3";"76,0";"89,0";"64,0";"8,3";"10,2";"6,7";"919,6";"919,8";"919,5";"4,5";"312,0";"8,0";"";"0,0"
"27/04/2026";"1400";"14,8";"15,4";"14,0";"66,0";"70,0";"63,0";"8,1";"8,9";"7,3";"919,5";"919,7";"919,4";"4,8";"313,0";"8,5";"";"0,0"
"27/04/2026";"1500";"15,7";"16,2";"15,2";"63,0";"69,0";"56,0";"8,3";"9,4";"7,1";"919,5";"919,7";"919,3";"3,5";"288,0";"7,1";"";"0,2"
"27/04/2026";"1600";"15,8";"16,5";"15,0";"64,0";"69,0";"59,0";"8,5";"9,5";"7,1";"919,2";"919,5";"919,0";"3,1";"277,0";"7,0";"";"0,0"
"27/04/2026";"1700";"15,9";"16,3";"15,6";"49,0";"61,0";"39,0";"5,7";"7,9";"3,5";"919,1";"919,2";"918,9";"4,7";"303,0";"8,0";"";"0,0"
"27/04/2026";"1800";"16,0";"16,3";"15,6";"43,0";"47,0";"38,0";"4,5";"5,4";"3,4";"919,0";"919,0";"918,8";"2,7";"288,0";"5,9";"";"0,0"
"27/04/2026";"1900";"15,8";"16,1";"15,3";"39,0";"43,0";"34,0";"3,6";"4,5";"2,7";"919,1";"919,2";"918,9";"2,4";"283,0";"6,5";"";"0,0"
"27/04/2026";"2000";"15,2";"16,2";"14,7";"39,0";"43,0";"37,0";"3,1";"4,0";"2,5";"919,5";"919,7";"919,2";"1,6";"282,0";"3,3";"";"0,0"
"27/04/2026";"2100";"13,0";"14,7";"11,4";"45,0";"50,0";"37,0";"1,9";"3,0";"1,1";"919,8";"919,9";"919,7";"1,0";"278,0";"2,5";"";"0,0"
"27/04/2026";"2200";"10,8";"11,3";"10,4";"49,0";"55,0";"45,0";"0,7";"1,9";"-0,2";"920,0";"920,1";"919,9";"1,2";"222,0";"2,3";"";"0,0"
"27/04/2026";"2300";"9,7";"10,4";"9,1";"49,0";"53,0";"46,0";"-0,4";"0,0";"-1,0";"920,4";"920,6";"920,0";"0,8";"246,0";"2,3";"";"0,0"
"28/04/2026";"0000";"8,5";"9,2";"7,9";"54,0";"62,0";"49,0";"-0,7";"1,0";"-1,3";"920,9";"921,2";"920,6";"1,0";"237,0";"2,0";"";"0,0"
"28/04/2026";"0100";"8,0";"8,7";"6,5";"59,0";"73,0";"52,0";"-0,2";"1,6";"-1,1";"921,2";"921,2";"921,1";"0,7";"298,0";"1,8";"";"0,0"
"28/04/2026";"0200";"5,7";"6,5";"5,3";"75,0";"80,0";"70,0";"0,6";"2,2";"-0,4";"921,2";"921,3";"921,1";"0,4";"268,0";"0,9";"";"0,0"
"28/04/2026";"0300";"5,2";"5,6";"4,8";"76,0";"80,0";"71,0";"0,4";"1,2";"-0,3";"921,2";"921,3";"921,1";"0,5";"244,0";"0,8";"";"0,0"
"28/04/2026";"0400";"4,7";"5,0";"4,5";"78,0";"82,0";"75,0";"0,2";"1,0";"-0,3";"920,9";"921,1";"920,8";"0,6";"98,0";"1,0";"";"0,0"
"28/04/2026";"0500";"4,1";"4,6";"3,8";"85,0";"92,0";"78,0";"1,0";"2,3";"-0,2";"920,7";"920,8";"920,4";"0,9";"110,0";"1,3";"";"0,0"
"28/04/2026";"0600";"3,8";"4,1";"3,7";"94,0";"97,0";"92,0";"2,6";"3,0";"2,3";"920,2";"920,5";"920,0";"1,0";"119,0";"1,4";"";"0,0"
"28/04/2026";"0700";"3,8";"4,0";"3,4";"96,0";"99,0";"93,0";"2,9";"3,6";"2,4";"919,9";"920,0";"919,8";"1,2";"109,0";"1,6";"";"0,0"
"28/04/2026";"0800";"2,5";"3,6";"1,5";"96,0";"99,0";"94,0";"1,8";"2,5";"1,2";"919,8";"919,9";"919,7";"0,9";"83,0";"2,0";"";"0,0"
"28/04/2026";"0900";"1,6";"1,8";"1,4";"100,0";"100,0";"99,0";"1,5";"1,8";"1,2";"920,2";"920,4";"920,0";"1,5";"117,0";"2,4";"";"0,0"
"28/04/2026";"1000";"1,3";"1,7";"0,9";"100,0";"100,0";"100,0";"1,3";"1,7";"0,8";"920,8";"921,1";"920,5";"1,2";"95,0";"1,9";"";"0,0"
"28/04/2026";"1100";"1,4";"2,3";"0,8";"100,0";"100,0";"100,0";"1,4";"2,2";"0,8";"921,6";"922,2";"921,1";"0,9";"92,0";"2,1";"";"0,0"
"28/04/2026";"1200";"3,4";"4,6";"2,3";"100,0";"100,0";"100,0";"3,3";"4,6";"2,3";"922,3";"922,5";"922,1";"1,1";"104,0";"2,5";"";"0,0"
"28/04/2026";"1300";"6,2";"8,8";"4,6";"93,0";"100,0";"80,0";"4,8";"5,5";"3,8";"922,5";"922,6";"922,4";"1,4";"117,0";"2,8";"";"0,0"
"28/04/2026";"1400";"11,0";"12,7";"8,9";"67,0";"80,0";"57,0";"4,4";"5,5";"2,8";"922,7";"922,8";"922,5";"1,6";"171,0";"3,2";"";"0,0"
"28/04/2026";"1500";"14,3";"15,8";"12,8";"55,0";"65,0";"46,0";"5,3";"6,4";"4,3";"922,4";"922,8";"922,0";"2,2";"307,0";"4,3";"";"0,0"
"28/04/2026";"1600";"16,9";"18,1";"15,3";"48,0";"54,0";"43,0";"6,6";"7,8";"4,9";"921,7";"922,0";"921,2";"2,3";"308,0";"4,0";"";"0,0"
"28/04/2026";"1700";"18,5";"19,1";"17,7";"41,0";"47,0";"34,0";"6,6";"7,8";"5,8";"920,9";"921,2";"920,5";"2,2";"300,0";"5,4";"";"0,0"
"28/04/2026";"1800";"19,4";"19,7";"19,0";"31,0";"40,0";"23,0";"5,6";"7,0";"3,9";"920,3";"920,5";"920,2";"2,0";"301,0";"4,1";"";"0,0"
"28/04/2026";"1900";"19,3";"19,7";"19,1";"32,0";"38,0";"28,0";"5,7";"7,0";"5,0";"920,2";"920,4";"920,0";"1,5";"259,0";"3,2";"";"0,0"
"28/04/2026";"2000";"18,8";"19,2";"18,3";"34,0";"40,0";"31,0";"5,7";"6,5";"5,0";"920,0";"920,1";"919,9";"0,8";"250,0";"2,3";"";"0,0"
"28/04/2026";"2100";"16,4";"18,2";"14,7";"41,0";"43,0";"35,0";"4,5";"6,1";"3,1";"919,9";"920,0";"919,7";"1,3";"228,0";"2,3";"";"0,0"
"28/04/2026";"2200";"13,4";"14,7";"12,0";"45,0";"56,0";"39,0";"2,5";"3,7";"1,6";"919,8";"920,0";"919,6";"1,3";"258,0";"2,1";"";"0,0"
"28/04/2026";"2300";"12,6";"13,3";"11,6";"46,0";"62,0";"42,0";"1,9";"4,0";"1,2";"920,1";"920,2";"920,0";"0,8";"249,0";"1,7";"";"0,0"
"29/04/2026";"0000";"10,3";"11,5";"9,7";"59,0";"67,0";"51,0";"2,0";"4,8";"0,7";"920,3";"920,4";"920,2";"0,3";"242,0";"1,2";"";"0,0"
"29/04/2026";"0100";"9,7";"10,0";"9,3";"60,0";"65,0";"55,0";"1,8";"2,7";"1,0";"920,5";"920,7";"920,3";"0,4";"48,0";"0,8";"";"0,0"
"29/04/2026";"0200";"9,3";"9,9";"8,8";"63,0";"71,0";"59,0";"2,0";"3,3";"1,0";"920,5";"920,7";"920,3";"0,6";"91,0";"1,5";"";"0,0"
"29/04/2026";"0300";"8,7";"9,3";"8,3";"77,0";"83,0";"68,0";"4,2";"5,1";"2,9";"920,5";"920,7";"920,2";"1,9";"120,0";"3,2";"";"0,0"
"29/04/2026";"0400";"8,9";"9,1";"8,6";"77,0";"82,0";"75,0";"4,2";"5,1";"3,8";"920,2";"920,3";"920,1";"1,8";"97,0";"3,0";"";"0,0"
"29/04/2026";"0500";"8,7";"9,2";"8,5";"76,0";"78,0";"72,0";"3,9";"4,4";"3,6";"920,0";"920,2";"919,5";"1,9";"105,0";"3,2";"";"0,0"
"29/04/2026";"0600";"8,5";"8,8";"8,2";"82,0";"86,0";"76,0";"4,9";"5,6";"3,9";"919,2";"919,5";"918,7";"1,9";"107,0";"3,1";"";"0,0"
"29/04/2026";"0700";"8,5";"8,7";"8,3";"89,0";"92,0";"82,0";"6,4";"6,8";"5,0";"918,3";"918,7";"918,0";"1,7";"109,0";"2,8";"";"0,0"
"29/04/2026";"0800";"8,3";"9,0";"8,0";"92,0";"99,0";"85,0";"6,7";"8,8";"5,2";"918,0";"918,2";"917,8";"0,4";"116,0";"1,5";"";"0,0"
"29/04/2026";"0900";"9,3";"10,1";"8,7";"100,0";"100,0";"99,0";"9,2";"10,1";"8,6";"918,0";"918,1";"917,9";"0,5";"102,0";"1,7";"";"0,0"
"29/04/2026";"1000";"8,8";"10,0";"8,2";"100,0";"100,0";"100,0";"8,8";"9,9";"8,1";"918,3";"918,5";"918,0";"1,6";"108,0";"2,8";"";"0,0"
"29/04/2026";"1100";"9,1";"10,2";"8,4";"100,0";"100,0";"100,0";"9,0";"10,1";"8,3";"918,7";"919,2";"918,5";"2,4";"120,0";"3,6";"";"0,0"
"29/04/2026";"1200";"11,0";"12,1";"10,2";"98,0";"100,0";"96,0";"10,6";"11,3";"10,1";"905,2";"919,7";"";"1,5";"107,0";"2,9";"";"0,0"
"29/04/2026";"1300";"12,6";"12,8";"12,2";"93,0";"96,0";"91,0";"11,2";"11,5";"10,9";"919,8";"920,0";"919,6";"2,2";"107,0";"3,4";"";"0,0"
"29/04/2026";"1400";"13,8";"14,4";"12,7";"88,0";"93,0";"85,0";"11,4";"11,7";"11,1";"919,7";"919,9";"919,6";"2,3";"101,0";"4,4";"";"0,0"
"29/04/2026";"1500";"15,3";"16,2";"14,3";"82,0";"86,0";"76,0";"11,6";"12,2";"11,2";"919,6";"919,8";"919,3";"1,5";"113,0";"4,0";"";"0,0"
"29/04/2026";"1600";"17,4";"18,5";"16,2";"76,0";"82,0";"72,0";"12,6";"13,5";"11,7";"918,6";"919,3";"918,1";"1,3";"97,0";"2,7";"";"0,0"
"29/04/2026";"1700";"18,9";"19,7";"18,0";"72,0";"76,0";"65,0";"13,2";"14,0";"12,4";"918,1";"918,3";"918,0";"1,1";"258,0";"2,8";"";"0,0"
"29/04/2026";"1800";"20,1";"20,6";"19,6";"59,0";"72,0";"49,0";"11,9";"14,4";"10,3";"917,6";"918,0";"917,3";"0,8";"161,0";"2,0";"";"0,0"
"29/04/2026";"1900";"20,6";"21,1";"20,0";"54,0";"61,0";"48,0";"11,5";"12,8";"10,3";"917,4";"917,6";"917,3";"1,0";"127,0";"2,6";"";"0,0"
"29/04/2026";"2000";"20,3";"21,3";"18,7";"61,0";"75,0";"46,0";"12,5";"13,8";"10,3";"917,8";"918,3";"917,4";"1,4";"293,0";"2,2";"";"0,0"
"29/04/2026";"2100";"18,1";"18,7";"17,0";"74,0";"77,0";"70,0";"12,9";"13,9";"12,0";"918,6";"918,8";"918,2";"1,7";"200,0";"3,8";"";"0,0"
"29/04/2026";"2200";"16,0";"17,0";"15,6";"78,0";"79,0";"75,0";"11,6";"12,1";"11,0";"918,9";"919,2";"918,7";"1,7";"190,0";"3,0";"";"0,0"
"29/04/2026";"2300";"15,1";"15,6";"14,4";"79,0";"82,0";"77,0";"10,9";"11,1";"10,8";"919,3";"919,5";"919,2";"1,7";"197,0";"3,4";"";"0,0"
"30/04/2026";"0000";"13,6";"14,3";"13,3";"87,0";"90,0";"83,0";"11,1";"11,4";"10,8";"919,7";"919,9";"919,4";"1,2";"165,0";"3,0";"";"0,0"
"30/04/2026";"0100";"12,3";"13,4";"11,4";"93,0";"97,0";"89,0";"11,0";"11,3";"10,7";"919,9";"920,0";"919,8";"1,1";"100,0";"2,2";"";"0,0"
"30/04/2026";"0200";"11,7";"12,2";"11,3";"96,0";"98,0";"94,0";"11,0";"11,2";"10,7";"919,7";"920,1";"919,4";"0,9";"87,0";"2,6";"";"0,0"
"30/04/2026";"0300";"11,2";"11,6";"11,0";"97,0";"99,0";"95,0";"10,7";"11,0";"10,3";"919,7";"919,9";"919,4";"1,1";"98,0";"2,2";"";"0,0"
"30/04/2026";"0400";"10,9";"11,3";"10,4";"99,0";"99,0";"96,0";"10,6";"11,0";"9,8";"920,1";"920,6";"919,8";"0,4";"264,0";"0,8";"";"0,0"
"30/04/2026";"0500";"10,4";"10,6";"10,0";"100,0";"100,0";"99,0";"10,3";"10,5";"9,9";"920,6";"920,7";"920,6";"0,8";"106,0";"1,4";"";"0,0"
"30/04/2026";"0600";"9,9";"10,3";"9,5";"100,0";"100,0";"100,0";"9,9";"10,3";"9,5";"920,5";"920,5";"920,4";"2,0";"102,0";"3,2";"";"0,0"
"30/04/2026";"0700";"8,7";"9,5";"8,3";"100,0";"100,0";"100,0";"8,7";"9,4";"8,2";"920,3";"920,4";"920,3";"0,5";"82,0";"1,6";"";"0,0"
"30/04/2026";"0800";"9,0";"9,5";"8,2";"100,0";"100,0";"100,0";"8,9";"9,5";"8,2";"920,4";"920,5";"920,3";"0,3";"106,0";"1,1";"";"0,0"
"30/04/2026";"0900";"";"";"";"";"";"";"";"";"";"";"";"";"";"";"";"";""
"30/04/2026";"1000";"9,5";"9,6";"9,4";"100,0";"100,0";"100,0";"9,5";"9,6";"9,4";"920,9";"921,1";"920,7";"1,7";"92,0";"3,2";"";"0,0"
"30/04/2026";"1100";"9,7";"10,0";"9,4";"100,0";"100,0";"100,0";"9,7";"10,0";"9,4";"921,6";"922,0";"921,1";"1,2";"77,0";"3,0";"";"0,0"
"30/04/2026";"1200";"10,1";"10,5";"9,8";"100,0";"100,0";"100,0";"10,1";"10,4";"9,8";"922,3";"922,5";"922,0";"1,7";"96,0";"3,1";"";"0,2"
"30/04/2026";"1300";"10,8";"11,3";"10,2";"100,0";"100,0";"99,0";"10,8";"11,3";"10,2";"922,8";"923,0";"922,5";"1,0";"95,0";"2,7";"";"0,0"
"30/04/2026";"1400";"11,6";"12,5";"11,0";"99,0";"100,0";"98,0";"11,4";"12,3";"10,9";"922,9";"923,0";"922,7";"1,4";"106,0";"3,3";"";"0,0"
"30/04/2026";"1500";"13,6";"15,3";"12,1";"94,0";"99,0";"82,0";"12,3";"13,7";"11,5";"922,5";"922,7";"922,2";"1,7";"102,0";"3,3";"";"0,0"
"30/04/2026";"1600";"17,5";"19,3";"15,5";"68,0";"82,0";"59,0";"11,1";"12,4";"9,0";"921,9";"922,3";"921,6";"1,8";"92,0";"3,8";"";"0,0"
"30/04/2026";"1700";"20,2";"21,1";"19,1";"57,0";"63,0";"49,0";"11,5";"13,4";"10,1";"921,4";"921,6";"921,3";"1,6";"126,0";"3,5";"";"0,0"
"30/04/2026";"1800";"21,3";"21,8";"20,6";"47,0";"55,0";"36,0";"10,7";"12,0";"8,9";"921,0";"921,4";"920,8";"1,7";"101,0";"3,7";"";"0,0"
"30/04/2026";"1900";"22,0";"22,4";"21,7";"37,0";"45,0";"30,0";"9,4";"10,8";"8,2";"920,7";"920,8";"920,6";"1,3";"142,0";"2,9";"";"0,0"
"30/04/2026";"2000";"22,4";"22,9";"22,1";"35,0";"45,0";"31,0";"9,3";"11,8";"8,6";"920,7";"920,9";"920,6";"0,5";"158,0";"1,3";"";"0,0"
"30/04/2026";"2100";"18,7";"22,9";"16,4";"51,0";"62,0";"36,0";"9,0";"10,9";"7,1";"920,9";"921,1";"920,8";"0,4";"180,0";"0,8";"";"0,0"
"30/04/2026";"2200";"15,8";"16,5";"15,4";"56,0";"63,0";"52,0";"7,0";"8,4";"6,4";"921,2";"921,5";"921,0";"1,8";"130,0";"3,4";"";"0,0"
"30/04/2026";"2300";"15,9";"16,3";"15,3";"62,0";"67,0";"55,0";"8,4";"8,8";"7,2";"921,6";"921,8";"921,4";"2,9";"101,0";"4,8";"";"0,0"
"01/05/2026";"0000";"15,0";"15,3";"14,7";"69,0";"72,0";"66,0";"8,8";"9,2";"8,5";"922,1";"922,3";"921,8";"3,3";"104,0";"5,3";"";"0,0"
"01/05/2026";"0100";"14,1";"14,8";"13,6";"77,0";"80,0";"71,0";"9,4";"9,7";"9,0";"922,5";"922,6";"922,1";"3,7";"98,0";"5,8";"";"0,0"
"01/05/2026";"0200";"13,4";"13,8";"13,1";"83,0";"85,0";"79,0";"10,0";"10,2";"9,6";"922,8";"922,9";"922,7";"3,1";"98,0";"4,5";"";"0,0"
"01/05/2026";"0300";"13,0";"13,2";"12,9";"87,0";"89,0";"86,0";"10,5";"10,8";"10,1";"922,8";"922,9";"922,7";"3,7";"98,0";"5,9";"";"0,0"
"01/05/2026";"0400";"12,6";"12,9";"12,1";"91,0";"94,0";"89,0";"10,9";"11,1";"10,8";"922,6";"922,8";"922,4";"2,9";"94,0";"5,0";"";"0,0"
"01/05/2026";"0500";"12,1";"12,3";"11,9";"96,0";"97,0";"94,0";"11,2";"11,7";"10,8";"922,2";"922,3";"922,0";"2,0";"99,0";"3,8";"";"0,0"
"01/05/2026";"0600";"12,3";"12,6";"12,0";"98,0";"98,0";"97,0";"11,9";"12,2";"11,5";"921,8";"922,0";"921,4";"1,1";"91,0";"3,1";"";"0,0"
"01/05/2026";"0700";"12,7";"12,8";"12,4";"98,0";"99,0";"97,0";"12,2";"12,4";"11,9";"921,4";"921,4";"921,3";"0,7";"125,0";"2,4";"";"0,0"
"01/05/2026";"0800";"12,6";"12,8";"12,3";"97,0";"98,0";"97,0";"12,0";"12,2";"11,7";"921,3";"921,4";"921,1";"2,0";"97,0";"3,6";"";"0,0"
"01/05/2026";"0900";"12,3";"12,5";"12,1";"97,0";"97,0";"95,0";"11,6";"11,8";"11,4";"921,2";"921,4";"921,1";"1,9";"95,0";"3,7";"";"0,0"
"01/05/2026";"1000";"12,3";"12,6";"12,1";"96,0";"97,0";"94,0";"11,5";"11,6";"11,2";"921,7";"922,1";"921,4";"0,9";"141,0";"3,2";"";"0,0"
"01/05/2026";"1100";"12,9";"13,6";"12,6";"94,0";"95,0";"91,0";"11,7";"12,0";"11,3";"922,3";"922,6";"922,0";"1,1";"129,0";"3,5";"";"0,0"
"01/05/2026";"1200";"14,3";"15,1";"13,6";"89,0";"92,0";"86,0";"12,2";"12,6";"11,8";"922,7";"922,9";"922,5";"1,1";"147,0";"3,7";"";"0,0"
"01/05/2026";"1300";"16,4";"17,9";"15,1";"81,0";"87,0";"75,0";"12,7";"13,2";"12,3";"922,5";"922,6";"922,3";"2,1";"131,0";"8,2";"";"0,0"
"01/05/2026";"1400";"19,0";"20,0";"17,9";"72,0";"76,0";"67,0";"13,4";"14,5";"12,5";"922,5";"922,7";"922,2";"1,9";"166,0";"5,7";"";"0,0"
"01/05/2026";"1500";"21,0";"21,9";"20,1";"66,0";"71,0";"62,0";"14,2";"14,9";"13,6";"922,2";"922,6";"922,0";"2,8";"240,0";"5,9";"";"0,0"
"01/05/2026";"1600";"22,8";"23,5";"21,8";"61,0";"66,0";"57,0";"15,0";"15,8";"14,4";"921,5";"922,0";"920,8";"1,9";"203,0";"4,6";"";"0,0"
"01/05/2026";"1700";"24,0";"24,6";"23,6";"59,0";"62,0";"55,0";"15,8";"16,5";"14,9";"920,4";"920,8";"919,8";"1,6";"229,0";"5,2";"";"0,0"
"01/05/2026";"1800";"25,0";"25,7";"24,3";"57,0";"60,0";"52,0";"16,3";"17,6";"15,4";"919,3";"919,7";"918,7";"2,0";"243,0";"5,1";"";"0,0"
"01/05/2026";"1900";"26,0";"26,2";"25,6";"53,0";"59,0";"51,0";"16,7";"17,4";"16,1";"918,4";"918,7";"918,2";"3,0";"273,0";"6,2";"";"0,0"
"01/05/2026";"2000";"25,2";"26,2";"23,8";"56,0";"62,0";"51,0";"16,3";"17,0";"15,8";"918,4";"918,6";"918,3";"3,0";"321,0";"5,1";"";"0,0"
"01/05/2026";"2100";"23,6";"23,9";"23,3";"61,0";"63,0";"59,0";"15,8";"16,2";"15,6";"918,7";"918,8";"918,6";"2,4";"322,0";"5,2";"";"0,0"
"01/05/2026";"2200";"22,9";"23,3";"22,7";"64,0";"66,0";"62,0";"15,8";"16,0";"15,6";"918,9";"919,1";"918,7";"2,0";"299,0";"4,4";"";"0,0"
"01/05/2026";"2300";"22,1";"22,7";"20,1";"69,0";"82,0";"66,0";"16,0";"16,5";"15,8";"919,2";"919,5";"919,0";"1,9";"154,0";"4,5";"";"0,0"
"02/05/2026";"0000";"18,4";"20,0";"17,6";"87,0";"90,0";"83,0";"15,9";"16,6";"15,5";"919,3";"919,6";"919,1";"2,2";"136,0";"5,2";"";"0,0"
"02/05/2026";"0100";"17,2";"17,5";"17,0";"92,0";"94,0";"90,0";"15,6";"15,7";"15,5";"919,6";"919,9";"919,2";"4,2";"100,0";"7,4";"";"0,0"
"02/05/2026";"0200";"17,1";"17,3";"17,0";"94,0";"94,0";"93,0";"15,9";"16,0";"15,6";"919,1";"919,4";"918,8";"2,9";"83,0";"6,4";"";"0,0"
"02/05/2026";"0300";"16,4";"17,4";"15,6";"93,0";"94,0";"90,0";"15,0";"16,1";"14,0";"919,8";"921,0";"918,7";"3,6";"178,0";"9,7";"";"1,0"
"02/05/2026";"0400";"14,9";"15,5";"14,7";"98,0";"99,0";"95,0";"14,5";"14,6";"14,4";"920,0";"920,7";"919,3";"4,0";"106,0";"7,7";"";"16,0"
"02/05/2026";"0500";"14,7";"14,8";"14,7";"100,0";"100,0";"99,0";"14,7";"14,8";"14,6";"919,8";"920,9";"919,0";"2,4";"124,0";"5,1";"";"19,2"
"02/05/2026";"0600";"14,7";"14,7";"14,6";"100,0";"100,0";"100,0";"14,7";"14,7";"14,6";"920,3";"920,9";"919,6";"3,3";"98,0";"5,6";"";"6,9"
"02/05/2026";"0700";"14,6";"14,6";"14,6";"100,0";"100,0";"100,0";"14,6";"14,6";"14,5";"919,9";"920,3";"919,5";"1,0";"114,0";"3,3";"";"6,3"
"02/05/2026";"0800";"14,7";"14,9";"14,6";"100,0";"100,0";"100,0";"14,7";"14,9";"14,6";"918,7";"919,7";"917,2";"3,7";"277,0";"8,1";"";"4,8"
"02/05/2026";"0900";"15,1";"15,3";"14,9";"100,0";"100,0";"100,0";"15,1";"15,3";"14,9";"917,8";"918,7";"916,2";"2,9";"311,0";"4,8";"";"0,8"
"02/05/2026";"1000";"15,5";"15,6";"15,3";"99,0";"100,0";"99,0";"15,3";"15,4";"15,2";"918,1";"918,5";"917,2";"2,2";"318,0";"3,9";"";"0,0"
"02/05/2026";"1100";"15,7";"15,8";"15,6";"98,0";"99,0";"98,0";"15,4";"15,5";"15,3";"918,5";"919,3";"917,9";"2,1";"325,0";"3,7";"";"0,0"
"02/05/2026";"1200";"15,9";"16,2";"15,8";"98,0";"99,0";"97,0";"15,6";"15,7";"15,4";"919,9";"920,4";"919,3";"2,1";"317,0";"3,4";"";"0,0"
"02/05/2026";"1300";"16,5";"16,7";"16,2";"97,0";"98,0";"96,0";"15,8";"16,0";"15,7";"921,2";"921,6";"920,5";"3,1";"310,0";"4,9";"";"0,0"
"02/05/2026";"1400";"16,7";"16,9";"16,5";"98,0";"98,0";"97,0";"16,2";"16,5";"15,9";"921,6";"921,9";"921,4";"2,7";"298,0";"5,2";"";"0,0"
"02/05/2026";"1500";"16,9";"17,3";"16,8";"97,0";"99,0";"94,0";"16,4";"16,6";"16,0";"921,6";"921,8";"921,4";"2,3";"262,0";"5,6";"";"0,2"
"02/05/2026";"1600";"18,1";"18,9";"17,3";"90,0";"94,0";"83,0";"16,1";"16,8";"15,3";"921,8";"922,1";"921,5";"2,1";"276,0";"4,7";"";"0,0"
"02/05/2026";"1700";"19,0";"19,2";"18,7";"85,0";"88,0";"81,0";"16,0";"16,6";"15,2";"921,9";"922,1";"921,7";"3,0";"287,0";"5,1";"";"0,0"
"02/05/2026";"1800";"19,1";"19,4";"18,8";"82,0";"86,0";"78,0";"15,4";"16,1";"14,6";"921,8";"921,9";"921,7";"2,5";"254,0";"5,8";"";"0,0"
"02/05/2026";"1900";"18,7";"19,0";"18,3";"78,0";"83,0";"74,0";"14,3";"15,4";"13,4";"922,0";"922,2";"921,9";"1,7";"257,0";"4,3";"";"0,0"
"02/05/2026";"2000";"17,4";"18,2";"16,7";"82,0";"89,0";"77,0";"13,9";"14,4";"13,3";"922,4";"922,7";"922,2";"2,3";"233,0";"5,5";"";"0,0"
"02/05/2026";"2100";"16,0";"16,6";"15,2";"87,0";"90,0";"85,0";"13,5";"14,2";"13,3";"922,8";"923,2";"922,5";"1,6";"256,0";"4,4";"";"0,0"
"02/05/2026";"2200";"14,6";"15,2";"14,1";"90,0";"92,0";"89,0";"12,6";"13,3";"12,3";"923,7";"924,1";"923,1";"1,6";"282,0";"4,2";"";"0,0"
"02/05/2026";"2300";"13,8";"14,2";"13,1";"92,0";"95,0";"91,0";"12,2";"12,5";"11,9";"924,1";"924,1";"924,0";"0,9";"271,0";"2,5";"";"0,0"
"03/05/2026";"0000";"13,1";"13,3";"12,9";"95,0";"96,0";"94,0";"12,2";"12,3";"12,0";"924,2";"924,5";"924,1";"1,1";"235,0";"3,4";"";"0,0"
"03/05/2026";"0100";"12,7";"13,2";"11,9";"91,0";"95,0";"88,0";"10,9";"12,1";"10,0";"925,1";"925,4";"924,6";"1,3";"206,0";"3,5";"";"0,0"
"03/05/2026";"0200";"11,8";"12,0";"11,7";"90,0";"93,0";"84,0";"9,7";"10,2";"8,5";"925,7";"926,0";"925,4";"2,3";"196,0";"4,8";"";"0,0"
"03/05/2026";"0300";"11,3";"11,7";"10,6";"84,0";"87,0";"81,0";"8,2";"8,9";"7,6";"925,9";"926,0";"925,7";"1,9";"178,0";"4,6";"";"0,0"
"03/05/2026";"0400";"10,2";"10,6";"9,3";"85,0";"90,0";"81,0";"7,2";"7,5";"6,7";"925,8";"925,9";"925,7";"1,6";"183,0";"4,3";"";"0,0"
"03/05/2026";"0500";"8,3";"9,3";"7,5";"87,0";"92,0";"84,0";"5,7";"7,5";"4,7";"925,9";"926,0";"925,7";"1,8";"179,0";"4,3";"";"0,0"
"03/05/2026";"0600";"6,9";"7,5";"6,3";"89,0";"92,0";"86,0";"4,7";"4,9";"4,5";"925,4";"925,7";"925,2";"1,5";"178,0";"2,8";"";"0,0"
"03/05/2026";"0700";"5,8";"6,2";"5,4";"93,0";"94,0";"91,0";"4,3";"4,6";"3,8";"925,1";"925,2";"925,0";"1,4";"194,0";"3,6";"";"0,0"
"03/05/2026";"0800";"5,2";"5,6";"4,7";"91,0";"94,0";"88,0";"3,4";"3,8";"3,2";"925,0";"925,0";"924,9";"1,1";"181,0";"2,5";"";"0,0"
"03/05/2026";"0900";"4,3";"4,7";"3,7";"95,0";"96,0";"92,0";"3,3";"3,4";"2,9";"925,1";"925,2";"924,9";"0,4";"126,0";"1,3";"";"0,0"
"03/05/2026";"1000";"3,7";"";"";"97,0";"";"";"3,2";"";"";"925,3";"";"";"";"";"";"";"0,0"
"03/05/2026";"1100";"4,7";"";"";"94,0";"";"";"3,5";"";"";"925,7";"";"";"";"";"";"";"0,0"
"03/05/2026";"1200";"5,8";"";"";"90,0";"";"";"3,9";"";"";"926,1";"";"";"";"";"";"";"0,0"
"03/05/2026";"1300";"7,8";"";"";"81,0";"";"";"4,0";"";"";"926,5";"";"";"";"";"";"";"0,0"
"03/05/2026";"1400";"10,0";"";"";"73,0";"";"";"4,7";"";"";"926,6";"";"";"";"";"";"";"0,0"
"03/05/2026";"1500";"11,6";"";"";"69,0";"";"";"5,4";"";"";"926,3";"";"";"";"";"";"";"0,0"
"03/05/2026";"1600";"12,9";"";"";"61,0";"";"";"5,0";"";"";"925,6";"";"";"";"";"";"";"0,0"
"03/05/2026";"1700";"14,4";"";"";"50,0";"";"";"4,4";"";"";"924,9";"";"";"";"";"";"";"0,0"
"03/05/2026";"1800";"15,6";"";"";"48,0";"";"";"5,3";"";"";"924,2";"";"";"";"";"";"";"0,0"
"03/05/2026";"1900";"16,8";"";"";"44,0";"";"";"5,6";"";"";"923,8";"";"";"";"";"";"";"0,0"
"03/05/2026";"2000";"16,6";"";"";"41,0";"";"";"4,9";"";"";"923,3";"";"";"";"";"";"";"0,0"
"03/05/2026";"2100";"13,7";"";"";"59,0";"";"";"5,5";"";"";"923,1";"";"";"";"";"";"";"0,0"
"03/05/2026";"2200";"10,5";"";"";"70,0";"";"";"4,6";"";"";"922,8";"";"";"";"";"";"";"0,0"
"03/05/2026";"2300";"10,1";"";"";"74,0";"";"";"4,8";"";"";"922,5";"";"";"";"";"";"";"0,0"
"04/05/2026";"0000";"9,7";"";"";"78,0";"";"";"5,3";"";"";"922,8";"";"";"";"";"";"";"0,0"
"04/05/2026";"0100";"";"";"";"";"";"";"";"";"";"";"";"";"";"";"";"";""
"04/05/2026";"0200";"8,6";"9,0";"8,4";"89,0";"91,0";"86,0";"6,4";"6,6";"6,2";"922,3";"922,5";"922,2";"3,4";"101,0";"5,7";"";"0,0"
"04/05/2026";"0300";"8,4";"8,8";"8,0";"92,0";"94,0";"91,0";"6,8";"7,1";"6,5";"922,6";"922,7";"922,4";"3,4";"98,0";"5,5";"";"0,0"
"04/05/2026";"0400";"8,8";"9,2";"8,7";"95,0";"96,0";"92,0";"7,8";"8,5";"7,1";"922,5";"922,6";"922,3";"0,9";"101,0";"2,8";"";"0,0"
"04/05/2026";"0500";"9,2";"9,4";"8,9";"96,0";"97,0";"95,0";"8,4";"8,7";"8,1";"922,1";"922,5";"921,8";"1,6";"96,0";"3,9";"";"0,0"
"04/05/2026";"0600";"9,2";"9,4";"9,0";"97,0";"97,0";"96,0";"8,6";"8,7";"8,4";"921,5";"921,9";"921,1";"1,3";"98,0";"3,0";"";"0,0"
"04/05/2026";"0700";"9,1";"9,4";"8,9";"97,0";"98,0";"96,0";"8,5";"8,8";"8,2";"920,9";"921,1";"920,8";"1,5";"85,0";"3,5";"";"0,0"
"04/05/2026";"0800";"9,2";"9,5";"9,1";"97,0";"97,0";"95,0";"8,6";"8,9";"8,3";"920,7";"920,9";"920,6";"0,9";"146,0";"2,6";"";"0,0"
"04/05/2026";"0900";"9,4";"9,5";"9,2";"95,0";"96,0";"94,0";"8,4";"8,7";"8,2";"920,8";"921,1";"920,7";"0,9";"110,0";"3,4";"";"0,0"
"04/05/2026";"1000";"9,4";"9,6";"9,2";"96,0";"97,0";"96,0";"8,6";"8,9";"8,4";"921,0";"921,3";"920,9";"1,6";"88,0";"3,2";"";"0,0"
"04/05/2026";"1100";"9,8";"10,6";"9,4";"96,0";"97,0";"95,0";"9,0";"9,7";"8,6";"921,5";"921,9";"921,2";"1,8";"85,0";"4,4";"";"0,0"
"04/05/2026";"1200";"11,2";"11,9";"10,6";"94,0";"95,0";"92,0";"9,9";"10,5";"9,6";"922,1";"922,3";"921,9";"1,1";"78,0";"3,4";"";"0,0"
"04/05/2026";"1300";"13,1";"14,3";"11,9";"90,0";"93,0";"85,0";"11,0";"11,7";"10,2";"922,4";"922,5";"922,2";"1,2";"112,0";"3,5";"";"0,0"
"04/05/2026";"1400";"15,0";"15,8";"14,4";"85,0";"88,0";"80,0";"11,9";"12,7";"11,2";"922,4";"922,5";"922,3";"1,1";"173,0";"3,7";"";"0,0"
"04/05/2026";"1500";"15,7";"16,0";"15,4";"83,0";"87,0";"80,0";"12,4";"13,1";"11,7";"922,3";"922,5";"921,9";"0,8";"118,0";"2,5";"";"0,0"
"04/05/2026";"1600";"16,5";"17,2";"16,0";"83,0";"86,0";"81,0";"13,2";"13,8";"12,5";"921,8";"922,0";"921,6";"0,8";"170,0";"2,6";"";"0,0"
"04/05/2026";"1700";"17,5";"17,8";"17,2";"82,0";"87,0";"78,0";"14,0";"15,1";"13,2";"921,2";"921,6";"920,8";"1,1";"219,0";"3,2";"";"0,0"
"04/05/2026";"1800";"17,4";"17,7";"17,1";"85,0";"88,0";"83,0";"14,4";"14,8";"14,0";"920,4";"920,7";"920,1";"1,8";"192,0";"4,2";"";"0,0"
"04/05/2026";"1900";"16,4";"17,1";"16,0";"94,0";"98,0";"87,0";"15,2";"15,7";"14,5";"920,3";"920,7";"919,8";"1,4";"185,0";"3,4";"";"5,3"
"04/05/2026";"2000";"16,0";"16,1";"16,0";"98,0";"99,0";"97,0";"15,7";"15,8";"15,5";"920,5";"920,8";"920,2";"0,7";"163,0";"1,8";"";"3,2"
"04/05/2026";"2100";"15,8";"16,0";"15,6";"99,0";"100,0";"99,0";"15,7";"15,8";"15,6";"920,6";"920,9";"920,4";"0,9";"141,0";"3,4";"";"1,2"
"04/05/2026";"2200";"15,4";"15,6";"15,3";"100,0";"100,0";"99,0";"15,3";"15,6";"15,2";"921,2";"921,5";"920,9";"1,2";"126,0";"4,2";"";"0,4"
"04/05/2026";"2300";"15,2";"15,3";"15,2";"100,0";"100,0";"100,0";"15,2";"15,3";"15,1";"921,4";"921,7";"921,2";"0,8";"143,0";"2,9";"";"0,2"
"05/05/2026";"0000";"15,2";"15,2";"15,1";"100,0";"100,0";"100,0";"15,1";"15,2";"15,1";"921,7";"922,2";"921,3";"0,8";"152,0";"3,0";"";"8,7"
"05/05/2026";"0100";"15,2";"15,2";"15,1";"100,0";"100,0";"100,0";"15,1";"15,2";"15,1";"922,5";"922,6";"922,3";"0,8";"132,0";"2,4";"";"4,6"
"05/05/2026";"0200";"15,3";"15,4";"15,2";"100,0";"100,0";"100,0";"15,3";"15,4";"15,2";"922,7";"922,8";"922,6";"0,8";"137,0";"3,1";"";"0,2"
"05/05/2026";"0300";"15,3";"15,4";"15,3";"100,0";"100,0";"99,0";"15,3";"15,4";"15,2";"922,9";"923,0";"922,7";"0,7";"147,0";"2,4";"";"0,0"
"05/05/2026";"0400";"15,3";"15,3";"15,2";"99,0";"100,0";"99,0";"15,2";"15,3";"15,0";"922,7";"922,8";"922,6";"0,7";"134,0";"3,0";"";"0,2"
"05/05/2026";"0500";"15,0";"15,2";"14,9";"99,0";"99,0";"99,0";"14,9";"15,0";"14,8";"922,6";"922,7";"922,5";"0,9";"101,0";"3,5";"";"0,0"
"05/05/2026";"0600";"14,8";"14,9";"14,6";"100,0";"100,0";"99,0";"14,7";"14,8";"14,5";"922,5";"922,7";"922,3";"0,8";"147,0";"2,9";"";"0,0"
"05/05/2026";"0700";"14,5";"14,6";"14,4";"100,0";"100,0";"100,0";"14,5";"14,6";"14,4";"922,1";"922,3";"922,0";"0,4";"115,0";"1,5";"";"0,0"
"05/05/2026";"0800";"14,7";"14,8";"14,4";"100,0";"100,0";"100,0";"14,7";"14,7";"14,4";"922,0";"922,1";"921,9";"0,9";"129,0";"3,1";"";"0,0"
"05/05/2026";"0900";"14,8";"14,9";"14,8";"100,0";"100,0";"100,0";"14,8";"14,9";"14,7";"922,1";"922,3";"922,0";"0,6";"83,0";"2,5";"";"0,0"
"05/05/2026";"1000";"14,9";"15,0";"14,9";"100,0";"100,0";"100,0";"14,9";"15,0";"14,8";"922,6";"923,0";"922,3";"0,6";"119,0";"2,4";"";"0,0"
"05/05/2026";"1100";"15,1";"15,3";"15,0";"100,0";"100,0";"100,0";"15,1";"15,3";"15,0";"923,3";"923,7";"922,9";"0,6";"159,0";"2,0";"";"0,0"
"05/05/2026";"1200";"15,7";"16,5";"15,3";"100,0";"100,0";"100,0";"15,7";"16,5";"15,3";"923,9";"924,2";"923,6";"0,6";"128,0";"1,9";"";"0,0"
"05/05/2026";"1300";"17,0";"18,3";"16,3";"97,0";"100,0";"89,0";"16,4";"16,8";"15,9";"924,4";"924,7";"924,2";"1,3";"163,0";"2,9";"";"0,0"
"05/05/2026";"1400";"19,6";"20,8";"18,3";"87,0";"91,0";"83,0";"17,0";"17,9";"16,3";"924,9";"925,0";"924,7";"1,2";"197,0";"3,2";"";"0,0"
"05/05/2026";"1500";"22,0";"23,2";"20,9";"80,0";"86,0";"74,0";"18,1";"19,2";"17,3";"924,9";"925,0";"924,7";"1,7";"286,0";"3,6";"";"0,0"
"05/05/2026";"1600";"23,6";"24,1";"22,9";"72,0";"79,0";"67,0";"18,0";"19,0";"17,2";"924,5";"924,7";"924,2";"2,6";"312,0";"4,8";"";"0,0"
"05/05/2026";"1700";"24,3";"24,7";"23,5";"68,0";"74,0";"63,0";"17,8";"18,8";"17,1";"923,9";"924,2";"923,6";"2,9";"309,0";"5,0";"";"0,0"
"05/05/2026";"1800";"24,9";"25,4";"24,2";"63,0";"69,0";"58,0";"17,5";"18,7";"16,2";"923,3";"923,6";"923,2";"2,5";"315,0";"4,3";"";"0,0"
"05/05/2026";"1900";"25,3";"25,6";"24,8";"61,0";"65,0";"57,0";"17,4";"18,1";"16,8";"923,3";"923,3";"923,1";"1,8";"313,0";"3,7";"";"0,0"
"05/05/2026";"2000";"25,2";"25,6";"24,2";"63,0";"71,0";"58,0";"17,7";"18,6";"16,9";"923,4";"923,4";"923,3";"0,8";"314,0";"1,4";"";"0,0"
"05/05/2026";"2100";"22,1";"24,2";"20,4";"76,0";"84,0";"67,0";"17,4";"18,4";"16,7";"923,4";"923,5";"923,3";"0,5";"125,0";"0,8";"";"0,0"
"05/05/2026";"2200";"20,0";"20,4";"19,8";"83,0";"85,0";"81,0";"16,6";"17,0";"16,2";"923,4";"923,6";"923,3";"0,3";"94,0";"0,9";"";"0,0"
"05/05/2026";"2300";"19,2";"19,9";"18,7";"86,0";"88,0";"83,0";"16,4";"16,7";"16,1";"923,6";"923,7";"923,6";"0,7";"67,0";"1,5";"";"0,0"
"06/05/2026";"0000";"19,0";"19,8";"18,4";"89,0";"95,0";"84,0";"16,8";"17,5";"16,2";"923,9";"924,0";"923,7";"1,0";"98,0";"2,6";"";"0,0"
"06/05/2026";"0100";"18,4";"18,7";"18,1";"93,0";"96,0";"90,0";"17,1";"17,5";"16,6";"923,8";"923,9";"923,7";"1,1";"99,0";"2,3";"";"0,0"
"06/05/2026";"0200";"18,0";"18,3";"17,5";"94,0";"97,0";"92,0";"16,7";"17,0";"16,4";"923,7";"923,8";"923,5";"1,0";"95,0";"1,8";"";"0,0"
"06/05/2026";"0300";"17,3";"17,5";"17,0";"99,0";"99,0";"97,0";"17,0";"17,2";"16,8";"923,5";"923,7";"923,4";"1,7";"105,0";"2,6";"";"0,0"
"06/05/2026";"0400";"16,7";"17,0";"16,4";"100,0";"100,0";"99,0";"16,6";"16,9";"16,3";"923,6";"923,8";"923,4";"1,2";"108,0";"1,9";"";"0,0"
"06/05/2026";"0500";"16,3";"16,5";"16,2";"100,0";"100,0";"100,0";"16,3";"16,4";"16,1";"924,1";"924,2";"923,7";"1,8";"102,0";"2,9";"";"0,0"
"06/05/2026";"0600";"16,6";"16,7";"16,3";"99,0";"100,0";"97,0";"16,4";"16,6";"16,1";"924,3";"924,4";"924,1";"2,5";"113,0";"3,3";"";"0,0"
"06/05/2026";"0700";"16,3";"16,6";"15,9";"98,0";"99,0";"97,0";"15,8";"16,2";"15,4";"924,0";"924,3";"923,8";"2,6";"107,0";"3,8";"";"0,0"
"06/05/2026";"0800";"15,9";"16,0";"15,6";"98,0";"99,0";"97,0";"15,5";"15,7";"15,2";"923,8";"923,8";"923,7";"2,5";"103,0";"3,8";"";"0,0"
"06/05/2026";"0900";"15,5";"15,9";"15,3";"99,0";"99,0";"98,0";"15,3";"15,5";"15,2";"923,8";"923,9";"923,7";"2,1";"103,0";"3,1";"";"0,0"
"06/05/2026";"1000";"15,6";"15,8";"15,4";"99,0";"99,0";"98,0";"15,4";"15,5";"15,2";"923,9";"924,2";"923,7";"0,5";"115,0";"1,4";"";"0,0"
"06/05/2026";"1100";"16,2";"16,8";"15,6";"97,0";"99,0";"95,0";"15,6";"15,9";"15,3";"924,3";"924,7";"924,1";"0,5";"121,0";"1,9";"";"0,0"
"06/05/2026";"1200";"17,8";"18,6";"16,8";"92,0";"95,0";"88,0";"16,2";"16,8";"15,8";"924,8";"925,1";"924,6";"0,7";"161,0";"1,9";"";"0,0"
"06/05/2026";"1300";"19,4";"20,8";"18,6";"88,0";"91,0";"82,0";"17,0";"18,2";"16,3";"925,2";"925,4";"925,1";"0,7";"148,0";"2,8";"";"0,0"
"06/05/2026";"1400";"22,0";"22,6";"20,9";"79,0";"84,0";"75,0";"17,8";"18,5";"17,1";"925,1";"925,3";"924,7";"1,2";"168,0";"3,1";"";"0,0"
"06/05/2026";"1500";"23,7";"24,7";"22,5";"74,0";"80,0";"70,0";"18,6";"19,6";"17,9";"924,5";"924,8";"924,1";"1,7";"220,0";"4,3";"";"0,0"
"06/05/2026";"1600";"25,8";"26,6";"24,8";"68,0";"73,0";"61,0";"19,3";"20,0";"18,7";"923,7";"924,1";"923,2";"1,8";"255,0";"4,5";"";"0,0"
"06/05/2026";"1700";"26,8";"27,2";"25,9";"61,0";"67,0";"54,0";"18,9";"20,1";"17,8";"922,7";"923,2";"922,2";"3,7";"311,0";"6,2";"";"0,0"
"06/05/2026";"1800";"27,0";"27,3";"26,5";"56,0";"61,0";"52,0";"18,2";"19,0";"17,5";"921,9";"922,2";"921,7";"2,7";"307,0";"5,7";"";"0,0"
"06/05/2026";"1900";"26,9";"27,7";"26,0";"54,0";"59,0";"50,0";"17,8";"19,0";"16,9";"921,5";"921,7";"921,3";"2,9";"320,0";"5,1";"";"0,0"
"06/05/2026";"2000";"26,2";"26,8";"25,5";"56,0";"59,0";"53,0";"17,5";"18,5";"16,7";"921,2";"921,3";"921,1";"2,1";"313,0";"3,9";"";"0,0"
"06/05/2026";"2100";"24,3";"25,5";"23,4";"61,0";"64,0";"56,0";"16,5";"17,3";"16,0";"921,3";"921,3";"921,2";"1,9";"330,0";"3,0";"";"0,0"
"06/05/2026";"2200";"23,0";"23,4";"22,7";"66,0";"68,0";"64,0";"16,2";"16,4";"16,0";"921,1";"921,3";"921,1";"1,5";"257,0";"3,0";"";"0,0"
"06/05/2026";"2300";"21,1";"22,7";"20,5";"75,0";"78,0";"68,0";"16,1";"16,3";"15,9";"921,2";"921,3";"921,0";"0,5";"154,0";"2,0";"";"0,0"
"07/05/2026";"0000";"20,4";"20,7";"20,1";"79,0";"80,0";"77,0";"16,1";"16,2";"15,9";"921,1";"921,2";"921,0";"0,5";"135,0";"1,5";"";"0,0"
"07/05/2026";"0100";"19,6";"20,0";"19,1";"83,0";"86,0";"80,0";"16,1";"16,5";"15,9";"921,0";"921,1";"920,9";"1,1";"107,0";"2,6";"";"0,0"
"07/05/2026";"0200";"19,4";"20,0";"18,8";"86,0";"89,0";"83,0";"16,6";"16,8";"16,4";"920,8";"920,9";"920,7";"0,6";"123,0";"1,5";"";"0,0"
"07/05/2026";"0300";"19,2";"19,5";"18,7";"88,0";"89,0";"86,0";"16,7";"16,9";"16,5";"920,6";"920,7";"920,4";"1,1";"141,0";"3,1";"";"0,0"
"07/05/2026";"0400";"19,2";"19,6";"18,8";"89,0";"90,0";"86,0";"16,9";"17,0";"16,8";"920,2";"920,5";"919,8";"0,9";"156,0";"3,0";"";"0,0"
"07/05/2026";"0500";"19,0";"19,1";"18,8";"90,0";"91,0";"89,0";"17,0";"17,1";"16,8";"919,4";"919,8";"919,0";"1,4";"161,0";"4,1";"";"0,0"
"07/05/2026";"0600";"19,0";"19,1";"18,9";"91,0";"92,0";"90,0";"17,3";"17,4";"17,1";"918,7";"919,0";"918,2";"1,2";"162,0";"5,9";"";"0,0"
"07/05/2026";"0700";"18,8";"19,0";"18,5";"92,0";"93,0";"92,0";"17,3";"17,4";"17,1";"917,8";"918,2";"917,4";"0,8";"162,0";"3,7";"";"0,0"
"07/05/2026";"0800";"18,6";"18,8";"18,3";"93,0";"94,0";"91,0";"17,1";"17,2";"16,9";"917,3";"917,5";"917,1";"1,7";"172,0";"3,6";"";"0,0"
"07/05/2026";"0900";"18,9";"19,0";"18,7";"90,0";"91,0";"89,0";"16,9";"17,0";"16,8";"916,9";"917,1";"916,8";"2,5";"293,0";"4,6";"";"0,0"
"07/05/2026";"1000";"19,0";"19,2";"18,8";"88,0";"90,0";"86,0";"16,6";"16,8";"16,3";"916,8";"916,9";"916,6";"1,6";"224,0";"4,2";"";"0,0"
"07/05/2026";"1100";"19,2";"19,4";"19,1";"86,0";"87,0";"84,0";"16,3";"16,5";"16,2";"916,8";"917,1";"916,7";"1,0";"185,0";"2,6";"";"0,0"
"07/05/2026";"1200";"19,8";"20,2";"19,1";"82,0";"86,0";"80,0";"16,3";"16,7";"16,0";"916,9";"917,1";"916,7";"1,4";"184,0";"5,5";"";"0,0"
"07/05/2026";"1300";"20,6";"21,0";"20,3";"79,0";"82,0";"76,0";"16,3";"16,6";"16,0";"916,8";"917,0";"916,6";"3,1";"250,0";"6,7";"";"0,0"
"07/05/2026";"1400";"21,8";"23,1";"21,0";"73,0";"77,0";"68,0";"16,4";"17,0";"16,0";"916,5";"917,0";"915,7";"3,7";"288,0";"7,1";"";"0,0"
"07/05/2026";"1500";"23,9";"25,0";"22,9";"66,0";"71,0";"60,0";"17,1";"17,7";"16,6";"915,0";"915,7";"914,5";"4,0";"262,0";"9,3";"";"0,0"
"07/05/2026";"1600";"25,5";"26,0";"24,9";"53,0";"63,0";"48,0";"16,0";"17,5";"15,2";"913,8";"914,5";"913,1";"7,0";"295,0";"15,0";"";"0,2"
"07/05/2026";"1700";"25,6";"26,1";"25,2";"51,0";"54,0";"49,0";"15,8";"16,3";"15,2";"912,6";"913,2";"912,2";"5,3";"311,0";"10,5";"";"0,0"
"07/05/2026";"1800";"25,0";"26,2";"24,1";"52,0";"56,0";"48,0";"15,4";"16,6";"14,8";"912,3";"912,5";"912,1";"3,8";"296,0";"7,3";"";"0,0"
"07/05/2026";"1900";"24,7";"25,0";"24,2";"55,0";"57,0";"52,0";"15,6";"16,1";"15,2";"911,9";"912,3";"911,5";"4,7";"311,0";"10,7";"";"0,0"
"07/05/2026";"2000";"25,0";"25,5";"24,3";"53,0";"56,0";"51,0";"15,7";"16,2";"15,0";"911,8";"911,9";"911,6";"3,3";"302,0";"7,2";"";"0,0"
"07/05/2026";"2100";"23,5";"24,7";"22,8";"56,0";"59,0";"53,0";"14,7";"15,7";"14,1";"911,8";"911,9";"911,7";"2,0";"308,0";"5,2";"";"0,0"
"07/05/2026";"2200";"22,2";"22,9";"21,1";"60,0";"66,0";"56,0";"14,2";"14,6";"14,0";"911,8";"911,9";"911,5";"0,6";"131,0";"1,7";"";"0,0"
"07/05/2026";"2300";"21,4";"21,6";"21,0";"65,0";"67,0";"63,0";"14,4";"14,8";"14,0";"911,5";"911,7";"911,3";"0,9";"205,0";"3,6";"";"0,0"
"08/05/2026";"0000";"21,0";"21,4";"20,5";"67,0";"69,0";"65,0";"14,4";"14,9";"14,2";"911,2";"911,5";"910,9";"0,9";"170,0";"2,4";"";"0,0"
"08/05/2026";"0100";"20,3";"20,5";"20,0";"70,0";"71,0";"68,0";"14,3";"14,5";"14,0";"911,7";"911,9";"911,5";"1,2";"206,0";"3,8";"";"0,0"
"08/05/2026";"0200";"20,6";"20,7";"20,4";"67,0";"68,0";"66,0";"14,0";"14,2";"13,8";"911,5";"911,7";"911,0";"2,3";"194,0";"5,6";"";"0,0"
"08/05/2026";"0300";"20,4";"20,7";"20,0";"68,0";"70,0";"66,0";"14,0";"14,2";"13,8";"910,5";"911,0";"909,6";"1,7";"202,0";"8,5";"";"0,0"
"08/05/2026";"0400";"20,5";"20,8";"20,3";"69,0";"71,0";"68,0";"14,3";"14,8";"14,1";"910,2";"911,1";"909,6";"3,5";"274,0";"8,6";"";"0,0"
"08/05/2026";"0500";"20,5";"20,7";"20,1";"70,0";"73,0";"69,0";"14,5";"14,7";"14,3";"910,3";"910,6";"909,8";"3,3";"317,0";"7,1";"";"0,0"
"08/05/2026";"0600";"16,8";"20,1";"15,4";"89,0";"97,0";"72,0";"14,6";"15,0";"14,1";"911,3";"912,4";"910,3";"3,9";"317,0";"7,2";"";"3,4"
"08/05/2026";"0700";"15,4";"15,5";"15,2";"96,0";"97,0";"94,0";"14,7";"14,9";"14,1";"911,0";"911,7";"909,3";"3,9";"295,0";"10,0";"";"1,2"
"08/05/2026";"0800";"15,3";"15,4";"15,2";"96,0";"97,0";"95,0";"14,5";"14,7";"14,3";"910,5";"911,5";"909,3";"3,8";"310,0";"7,5";"";"0,6"
"08/05/2026";"0900";"14,0";"15,2";"13,3";"98,0";"98,0";"96,0";"13,5";"14,7";"13,0";"911,2";"911,7";"910,6";"3,7";"305,0";"6,6";"";"0,4"
"08/05/2026";"1000";"12,6";"13,3";"12,0";"97,0";"99,0";"94,0";"12,0";"13,0";"11,0";"911,9";"912,1";"911,6";"4,4";"312,0";"7,9";"";"0,0"
"08/05/2026";"1100";"11,4";"12,0";"10,8";"97,0";"99,0";"94,0";"10,8";"11,1";"10,6";"912,6";"913,1";"912,2";"5,4";"307,0";"10,7";"";"0,0"
"08/05/2026";"1200";"10,4";"10,8";"10,2";"99,0";"100,0";"99,0";"10,3";"10,6";"10,2";"913,5";"913,9";"913,0";"4,4";"302,0";"7,3";"";"0,4"
"08/05/2026";"1300";"10,4";"10,7";"10,2";"98,0";"100,0";"94,0";"9,9";"10,2";"9,4";"914,1";"914,3";"913,8";"4,4";"309,0";"9,2";"";"0,0"
"08/05/2026";"1400";"10,9";"11,4";"10,6";"95,0";"97,0";"92,0";"9,9";"10,7";"9,5";"913,9";"914,2";"913,8";"4,1";"318,0";"8,7";"";"0,2"
"08/05/2026";"1500";"12,0";"12,4";"11,4";"91,0";"94,0";"88,0";"10,2";"11,0";"9,7";"913,8";"914,2";"913,5";"4,4";"308,0";"7,3";"";"0,0"
"08/05/2026";"1600";"13,0";"13,9";"12,5";"81,0";"90,0";"73,0";"9,3";"10,6";"8,0";"913,4";"913,6";"913,0";"4,2";"317,0";"7,8";"";"0,0"
"08/05/2026";"1700";"14,3";"14,7";"13,8";"69,0";"74,0";"64,0";"8,0";"8,8";"7,3";"912,9";"913,2";"912,6";"4,5";"316,0";"8,0";"";"0,0"
"08/05/2026";"1800";"15,4";"16,0";"14,5";"62,0";"70,0";"56,0";"7,7";"9,0";"6,9";"912,8";"913,0";"912,6";"4,7";"317,0";"8,3";"";"0,0"
"08/05/2026";"1900";"16,2";"16,4";"15,9";"51,0";"61,0";"39,0";"6,3";"8,5";"3,8";"912,9";"913,1";"912,6";"4,6";"305,0";"9,2";"";"0,0"
"08/05/2026";"2000";"15,0";"16,0";"13,9";"46,0";"54,0";"41,0";"4,1";"5,7";"3,2";"913,2";"913,3";"913,1";"4,2";"318,0";"7,8";"";"0,0"
"08/05/2026";"2100";"12,9";"13,8";"11,8";"54,0";"60,0";"47,0";"3,6";"4,2";"3,1";"913,2";"913,4";"913,0";"1,9";"323,0";"4,0";"";"0,0"
"08/05/2026";"2200";"11,7";"12,1";"11,4";"60,0";"65,0";"57,0";"3,8";"4,7";"3,2";"913,6";"914,0";"913,4";"3,0";"319,0";"5,3";"";"0,0"
"08/05/2026";"2300";"11,3";"11,8";"10,8";"60,0";"64,0";"56,0";"3,3";"4,1";"2,9";"914,4";"914,7";"914,0";"2,7";"308,0";"5,2";"";"0,0"
"09/05/2026";"0000";"11,1";"11,6";"10,8";"60,0";"63,0";"57,0";"3,0";"3,8";"2,6";"914,7";"915,0";"914,3";"3,5";"321,0";"6,0";"";"0,0"
"09/05/2026";"0100";"10,2";"10,8";"9,5";"64,0";"71,0";"59,0";"3,1";"4,0";"2,6";"915,3";"915,5";"915,0";"2,3";"311,0";"4,6";"";"0,0"
"09/05/2026";"0200";"9,0";"9,4";"8,6";"71,0";"74,0";"68,0";"3,2";"3,6";"2,6";"915,7";"915,8";"915,5";"2,3";"317,0";"4,6";"";"0,0"
"09/05/2026";"0300";"8,5";"8,8";"8,0";"73,0";"76,0";"70,0";"3,0";"3,6";"2,6";"915,6";"916,0";"915,3";"2,5";"328,0";"4,2";"";"0,0"
"09/05/2026";"0400";"8,2";"8,6";"7,7";"74,0";"78,0";"70,0";"2,9";"3,4";"2,5";"915,9";"916,1";"915,6";"1,9";"326,0";"4,5";"";"0,0"
"09/05/2026";"0500";"7,6";"7,9";"7,2";"77,0";"81,0";"74,0";"3,1";"3,4";"2,6";"916,4";"916,7";"915,9";"1,8";"323,0";"3,6";"";"0,0"
"09/05/2026";"0600";"7,0";"7,3";"6,6";"80,0";"83,0";"78,0";"3,0";"3,4";"2,7";"916,4";"916,5";"916,2";"1,6";"313,0";"3,5";"";"0,0"
"09/05/2026";"0700";"6,6";"6,9";"6,3";"83,0";"85,0";"81,0";"3,2";"3,5";"3,0";"916,8";"917,2";"916,5";"1,9";"306,0";"3,6";"";"0,0"
"09/05/2026";"0800";"6,3";"6,5";"5,9";"85,0";"87,0";"83,0";"3,3";"3,4";"3,1";"917,0";"917,2";"916,8";"1,6";"296,0";"3,3";"";"0,0"
"09/05/2026";"0900";"5,6";"5,9";"5,4";"89,0";"90,0";"87,0";"3,4";"3,4";"3,3";"917,1";"917,3";"916,9";"1,6";"292,0";"3,1";"";"0,0"
"09/05/2026";"1000";"5,0";"5,5";"4,2";"92,0";"97,0";"89,0";"3,4";"3,7";"3,0";"917,8";"918,2";"917,3";"0,7";"301,0";"1,5";"";"0,0"
"09/05/2026";"1100";"4,4";"5,4";"3,9";"97,0";"98,0";"92,0";"3,8";"4,3";"3,3";"918,6";"919,1";"918,2";"0,7";"232,0";"1,4";"";"0,0"
"09/05/2026";"1200";"6,0";"6,2";"5,5";"92,0";"93,0";"90,0";"4,3";"4,7";"3,9";"920,2";"920,9";"918,9";"1,6";"301,0";"2,9";"";"0,0"
"09/05/2026";"1300";"6,9";"8,1";"5,8";"83,0";"92,0";"73,0";"3,6";"4,7";"2,3";"920,6";"920,9";"920,3";"1,9";"310,0";"3,6";"";"0,0"
"09/05/2026";"1400";"8,2";"9,1";"7,6";"72,0";"78,0";"62,0";"2,5";"3,8";"1,0";"920,7";"920,9";"920,5";"1,9";"294,0";"3,8";"";"0,0"
"09/05/2026";"1500";"9,4";"9,9";"8,7";"64,0";"71,0";"56,0";"2,1";"3,0";"0,9";"920,4";"920,7";"920,1";"1,7";"295,0";"3,6";"";"0,0"
"09/05/2026";"1600";"9,9";"10,6";"9,4";"60,0";"66,0";"54,0";"2,0";"3,0";"1,0";"920,6";"920,9";"920,1";"2,0";"312,0";"3,3";"";"0,0"
"09/05/2026";"1700";"9,5";"9,6";"9,3";"64,0";"69,0";"60,0";"2,3";"3,2";"1,6";"920,0";"920,3";"919,6";"2,0";"310,0";"3,4";"";"0,0"
"09/05/2026";"1800";"9,6";"9,9";"9,4";"66,0";"71,0";"61,0";"2,8";"3,9";"1,7";"920,1";"920,2";"919,9";"1,6";"307,0";"2,8";"";"0,0"
"09/05/2026";"1900";"9,6";"10,0";"9,4";"66,0";"73,0";"60,0";"2,9";"4,0";"1,7";"919,8";"920,0";"919,5";"1,3";"317,0";"3,0";"";"0,0"
"09/05/2026";"2000";"9,3";"9,4";"9,0";"69,0";"74,0";"66,0";"3,1";"3,9";"2,4";"919,6";"919,8";"919,3";"2,1";"317,0";"4,3";"";"0,0"
"09/05/2026";"2100";"8,7";"9,0";"8,3";"73,0";"77,0";"67,0";"3,3";"4,1";"2,3";"919,9";"920,2";"919,7";"1,8";"320,0";"3,2";"";"0,0"
"09/05/2026";"2200";"8,4";"8,5";"8,3";"74,0";"78,0";"69,0";"3,1";"3,9";"2,3";"920,5";"920,8";"920,2";"2,5";"318,0";"4,3";"";"0,0"
"09/05/2026";"2300";"7,9";"8,3";"6,9";"73,0";"77,0";"69,0";"2,4";"3,2";"1,9";"921,1";"921,3";"920,6";"2,0";"318,0";"4,7";"";"0,0"
"10/05/2026";"0000";"6,7";"7,0";"6,5";"76,0";"78,0";"74,0";"1,8";"2,4";"1,4";"921,5";"921,8";"921,0";"2,0";"316,0";"4,2";"";"0,0"
"10/05/2026";"0100";"6,1";"6,6";"5,9";"77,0";"82,0";"75,0";"1,6";"2,4";"1,2";"921,7";"921,9";"921,5";"1,7";"298,0";"3,8";"";"0,0"
"10/05/2026";"0200";"5,5";"6,1";"4,9";"82,0";"85,0";"77,0";"1,8";"2,2";"1,4";"921,8";"921,9";"921,7";"1,3";"290,0";"3,0";"";"0,0"
"10/05/2026";"0300";"6,0";"6,3";"5,5";"81,0";"83,0";"79,0";"2,1";"2,4";"1,8";"922,3";"922,8";"921,9";"1,7";"287,0";"3,3";"";"0,0"
"10/05/2026";"0400";"5,9";"6,1";"5,6";"85,0";"89,0";"81,0";"2,8";"3,3";"2,4";"922,7";"922,8";"922,6";"1,4";"251,0";"3,4";"";"0,0"
"10/05/2026";"0500";"5,3";"5,5";"5,1";"91,0";"94,0";"88,0";"3,6";"3,9";"3,2";"923,0";"923,2";"922,7";"2,1";"291,0";"4,2";"";"0,0"
"10/05/2026";"0600";"5,0";"5,1";"4,9";"94,0";"95,0";"93,0";"3,8";"4,0";"3,4";"922,9";"923,1";"922,5";"2,8";"287,0";"6,5";"";"0,0"
"10/05/2026";"0700";"4,8";"4,9";"4,6";"92,0";"93,0";"90,0";"3,2";"3,6";"2,9";"922,5";"922,6";"922,4";"2,9";"297,0";"5,0";"";"0,0"
"10/05/2026";"0800";"4,6";"4,6";"4,6";"90,0";"92,0";"88,0";"2,6";"3,0";"2,2";"922,4";"922,5";"922,2";"2,5";"288,0";"5,6";"";"0,0"
"10/05/2026";"0900";"4,5";"4,6";"4,4";"88,0";"90,0";"86,0";"2,1";"2,5";"1,6";"922,4";"922,6";"922,3";"2,1";"279,0";"4,5";"";"0,0"
"10/05/2026";"1000";"4,4";"4,5";"4,3";"84,0";"88,0";"81,0";"1,2";"1,9";"0,7";"922,8";"922,9";"922,6";"2,4";"288,0";"4,4";"";"0,0"
"10/05/2026";"1100";"4,4";"4,5";"4,3";"86,0";"87,0";"83,0";"1,5";"1,9";"0,8";"923,0";"923,3";"922,5";"2,0";"291,0";"4,6";"";"0,0"
"10/05/2026";"1200";"4,6";"4,7";"4,5";"86,0";"90,0";"84,0";"1,8";"2,7";"1,3";"923,6";"923,9";"923,2";"3,1";"301,0";"5,5";"";"0,0"
"10/05/2026";"1300";"5,0";"5,7";"4,7";"88,0";"91,0";"85,0";"2,6";"3,1";"2,1";"923,8";"924,0";"923,7";"2,9";"308,0";"4,9";"";"0,0"
"10/05/2026";"1400";"6,0";"6,9";"5,0";"82,0";"89,0";"77,0";"2,3";"3,2";"1,4";"923,7";"923,8";"923,6";"3,8";"316,0";"6,6";"";"0,0"
"10/05/2026";"1500";"6,6";"7,0";"6,2";"77,0";"80,0";"74,0";"2,1";"2,6";"1,6";"923,6";"923,7";"923,3";"3,3";"296,0";"6,0";"";"0,0"
"10/05/2026";"1600";"7,1";"7,5";"6,6";"76,0";"80,0";"73,0";"2,3";"2,9";"1,8";"923,1";"923,4";"922,7";"2,9";"300,0";"5,8";"";"0,0"
"10/05/2026";"1700";"7,9";"8,6";"7,5";"72,0";"75,0";"69,0";"2,3";"2,8";"1,7";"922,4";"922,6";"922,0";"3,1";"297,0";"5,9";"";"0,0"
"10/05/2026";"1800";"9,0";"10,2";"8,3";"68,0";"73,0";"59,0";"2,6";"3,3";"2,0";"922,0";"922,1";"921,8";"3,4";"298,0";"6,0";"";"0,0"
"10/05/2026";"1900";"9,2";"10,4";"8,4";"66,0";"71,0";"61,0";"2,3";"3,2";"1,5";"922,0";"922,2";"921,8";"3,8";"302,0";"8,0";"";"0,0"
"10/05/2026";"2000";"8,5";"9,3";"7,4";"66,0";"70,0";"60,0";"1,7";"2,5";"1,1";"922,2";"922,3";"922,1";"3,3";"299,0";"6,5";"";"0,0"
"10/05/2026";"2100";"7,1";"7,5";"6,5";"73,0";"77,0";"70,0";"1,8";"2,1";"1,3";"922,7";"922,9";"922,4";"2,8";"308,0";"4,8";"";"0,0"
"10/05/2026";"2200";"5,8";"6,4";"5,3";"80,0";"83,0";"77,0";"1,9";"2,0";"1,7";"922,8";"923,2";"922,5";"3,3";"306,0";"5,2";"";"0,0"
"10/05/2026";"2300";"5,0";"5,4";"4,8";"83,0";"84,0";"82,0";"1,6";"1,9";"1,4";"923,5";"923,9";"923,2";"3,3";"303,0";"6,5";"";"0,0"
"11/05/2026";"0000";"4,6";"5,0";"4,2";"84,0";"86,0";"82,0";"1,3";"1,5";"1,2";"924,1";"924,4";"923,8";"2,6";"308,0";"4,7";"";"0,0"
"11/05/2026";"0100";"4,3";"4,4";"4,1";"85,0";"87,0";"84,0";"1,4";"1,5";"1,2";"924,5";"924,6";"924,3";"1,8";"306,0";"3,4";"";"0,0"
"11/05/2026";"0200";"3,9";"4,3";"3,6";"88,0";"90,0";"86,0";"1,6";"1,7";"1,5";"924,4";"924,6";"924,2";"2,1";"312,0";"3,8";"";"0,0"
"11/05/2026";"0300";"3,8";"3,9";"3,5";"90,0";"92,0";"90,0";"1,9";"2,0";"1,7";"924,3";"924,4";"924,1";"2,5";"303,0";"4,4";"";"0,0"
"11/05/2026";"0400";"3,2";"3,4";"2,9";"94,0";"95,0";"92,0";"1,9";"2,1";"1,7";"923,7";"924,1";"923,4";"2,6";"312,0";"4,2";"";"0,0"
"11/05/2026";"0500";"3,4";"3,7";"3,1";"94,0";"95,0";"92,0";"2,1";"2,3";"1,9";"923,5";"923,6";"923,4";"2,3";"307,0";"4,3";"";"0,0"
"11/05/2026";"0600";"2,7";"2,7";"2,6";"96,0";"96,0";"96,0";"1,9";"1,9";"1,9";"923,1";"923,1";"923,0";"2,4";"307,0";"3,4";"";"0,0"
"11/05/2026";"0700";"2,3";"2,7";"2,1";"97,0";"98,0";"95,0";"1,7";"1,9";"1,5";"922,9";"923,1";"922,8";"1,9";"320,0";"2,7";"";"0,0"
"11/05/2026";"0800";"2,1";"2,4";"1,9";"98,0";"99,0";"98,0";"1,7";"2,1";"1,5";"922,6";"922,8";"922,5";"1,8";"311,0";"3,0";"";"0,0"
"11/05/2026";"0900";"2,7";"2,8";"2,4";"97,0";"98,0";"96,0";"2,1";"2,2";"2,0";"922,6";"922,9";"922,5";"2,0";"311,0";"3,5";"";"0,0"
"11/05/2026";"1000";"2,8";"2,8";"2,8";"97,0";"97,0";"96,0";"2,1";"2,2";"2,1";"923,0";"923,2";"922,8";"2,1";"317,0";"3,3";"";"0,0"
"11/05/2026";"1100";"2,6";"2,8";"2,4";"97,0";"98,0";"96,0";"2,0";"2,1";"1,8";"923,2";"923,5";"923,0";"1,8";"313,0";"3,1";"";"0,0"
"11/05/2026";"1200";"3,5";"4,3";"2,7";"94,0";"97,0";"90,0";"2,3";"2,8";"2,0";"923,9";"924,2";"923,5";"2,0";"299,0";"4,4";"";"0,0"
"11/05/2026";"1300";"5,1";"6,1";"4,3";"85,0";"91,0";"77,0";"2,1";"2,8";"1,5";"924,4";"924,5";"924,1";"3,2";"314,0";"5,4";"";"0,0"
"11/05/2026";"1400";"6,8";"7,5";"6,0";"73,0";"81,0";"64,0";"1,3";"2,3";"0,2";"924,3";"924,4";"924,2";"4,1";"320,0";"7,4";"";"0,0"
"11/05/2026";"1500";"8,7";"9,9";"7,6";"57,0";"68,0";"49,0";"0,2";"1,5";"-0,7";"924,0";"924,2";"923,9";"3,0";"291,0";"5,6";"";"0,0"
"11/05/2026";"1600";"10,5";"11,2";"9,8";"51,0";"57,0";"47,0";"0,7";"1,8";"-0,4";"923,7";"923,9";"923,4";"3,0";"305,0";"5,1";"";"0,0"
"11/05/2026";"1700";"11,4";"12,2";"10,7";"49,0";"55,0";"45,0";"1,2";"2,1";"0,3";"923,2";"923,4";"923,0";"3,4";"307,0";"5,6";"";"0,0"
"11/05/2026";"1800";"12,3";"12,7";"11,7";"45,0";"50,0";"40,0";"1,4";"2,5";"0,3";"923,0";"923,1";"922,9";"2,8";"298,0";"5,2";"";"0,0"
"11/05/2026";"1900";"12,7";"13,0";"12,4";"45,0";"49,0";"41,0";"1,7";"2,4";"1,1";"923,1";"923,2";"922,9";"2,9";"316,0";"5,9";"";"0,0"
"11/05/2026";"2000";"12,3";"12,6";"11,9";"45,0";"48,0";"42,0";"1,4";"1,9";"0,9";"923,4";"923,6";"923,2";"2,0";"295,0";"4,0";"";"0,0"
"11/05/2026";"2100";"10,1";"11,9";"8,2";"57,0";"68,0";"47,0";"1,4";"2,1";"0,9";"923,6";"923,7";"923,5";"0,8";"288,0";"1,4";"";"0,0"
"11/05/2026";"2200";"7,4";"8,2";"6,5";"71,0";"76,0";"66,0";"1,5";"2,0";"1,2";"923,9";"924,0";"923,7";"1,3";"310,0";"2,9";"";"0,0"
"11/05/2026";"2300";"6,6";"7,0";"6,2";"74,0";"78,0";"71,0";"1,3";"1,9";"1,1";"924,1";"924,2";"923,9";"1,3";"316,0";"2,8";"";"0,0"
"12/05/2026";"0000";"6,5";"7,0";"6,1";"74,0";"77,0";"71,0";"1,3";"1,6";"1,1";"924,3";"924,4";"924,2";"2,0";"311,0";"3,6";"";"0,0"
"12/05/2026";"0100";"6,3";"6,7";"5,5";"74,0";"79,0";"71,0";"1,1";"1,7";"0,8";"924,4";"924,5";"924,4";"0,8";"241,0";"1,7";"";"0,0"
"12/05/2026";"0200";"4,3";"5,7";"3,7";"85,0";"90,0";"78,0";"1,4";"1,9";"1,1";"924,4";"924,5";"924,4";"0,5";"72,0";"1,4";"";"0,0"
"12/05/2026";"0300";"3,6";"4,2";"3,3";"89,0";"90,0";"85,0";"1,3";"1,6";"1,1";"924,3";"924,3";"924,1";"0,6";"60,0";"1,5";"";"0,0"
"12/05/2026";"0400";"3,1";"3,2";"3,0";"90,0";"92,0";"89,0";"1,1";"1,4";"0,9";"923,9";"924,1";"923,7";"0,6";"110,0";"1,4";"";"0,0"
"12/05/2026";"0500";"3,1";"3,4";"2,7";"92,0";"95,0";"89,0";"1,5";"1,8";"0,9";"923,4";"923,7";"923,2";"1,6";"113,0";"2,3";"";"0,0"
"12/05/2026";"0600";"2,4";"2,8";"1,9";"96,0";"98,0";"94,0";"1,6";"2,2";"1,2";"923,3";"923,5";"923,0";"1,1";"63,0";"2,5";"";"0,0"
"12/05/2026";"0700";"2,0";"2,3";"1,6";"96,0";"98,0";"95,0";"1,2";"1,4";"0,9";"922,5";"922,8";"922,2";"1,7";"118,0";"2,4";"";"0,0"
"12/05/2026";"0800";"1,2";"1,6";"0,7";"99,0";"99,0";"98,0";"1,0";"1,2";"0,4";"922,2";"922,2";"922,1";"1,3";"107,0";"1,9";"";"0,0"
"12/05/2026";"0900";"";"";"";"";"";"";"";"";"";"";"";"";"";"";"";"";""
"12/05/2026";"1000";"";"";"";"";"";"";"";"";"";"";"";"";"";"";"";"";""
"12/05/2026";"1100";"";"";"";"";"";"";"";"";"";"";"";"";"";"";"";"";""
"12/05/2026";"1200";"";"";"";"";"";"";"";"";"";"";"";"";"";"";"";"";""
"12/05/2026";"1300";"";"";"";"";"";"";"";"";"";"";"";"";"";"";"";"";""
"12/05/2026";"1400";"";"";"";"";"";"";"";"";"";"";"";"";"";"";"";"";""
"12/05/2026";"1500";"";"";"";"";"";"";"";"";"";"";"";"";"";"";"";"";""
"12/05/2026";"1600";"";"";"";"";"";"";"";"";"";"";"";"";"";"";"";"";""
"12/05/2026";"1700";"";"";"";"";"";"";"";"";"";"";"";"";"";"";"";"";""
"12/05/2026";"1800";"";"";"";"";"";"";"";"";"";"";"";"";"";"";"";"";""
"12/05/2026";"1900";"";"";"";"";"";"";"";"";"";"";"";"";"";"";"";"";""
"12/05/2026";"2000";"";"";"";"";"";"";"";"";"";"";"";"";"";"";"";"";""
"12/05/2026";"2100";"";"";"";"";"";"";"";"";"";"";"";"";"";"";"";"";""
"12/05/2026";"2200";"";"";"";"";"";"";"";"";"";"";"";"";"";"";"";"";""
"12/05/2026";"2300";"";"";"";"";"";"";"";"";"";"";"";"";"";"";"";"";""
"13/05/2026";"0000";"";"";"";"";"";"";"";"";"";"";"";"";"";"";"";"";""
"13/05/2026";"0100";"11,4";"12,1";"10,9";"49,0";"54,0";"43,0";"1,2";"1,9";"0,6";"921,0";"921,2";"920,8";"2,2";"322,0";"4,2";"";"0,0"
"13/05/2026";"0200";"10,7";"11,3";"10,4";"57,0";"61,0";"52,0";"2,2";"2,7";"1,6";"921,2";"921,3";"921,1";"2,4";"327,0";"4,4";"";"0,0"
"13/05/2026";"0300";"10,2";"10,6";"9,9";"62,0";"64,0";"60,0";"2,7";"3,0";"2,6";"921,3";"921,4";"921,2";"1,6";"321,0";"3,1";"";"0,0"
"13/05/2026";"0400";"9,6";"10,0";"9,0";"65,0";"68,0";"64,0";"2,6";"3,0";"2,4";"921,3";"921,4";"921,2";"2,2";"299,0";"4,0";"";"0,0"
"13/05/2026";"0500";"8,4";"9,1";"7,5";"69,0";"72,0";"66,0";"2,2";"2,7";"1,8";"921,1";"921,2";"920,8";"1,7";"264,0";"3,1";"";"0,0"
"13/05/2026";"0600";"6,5";"7,7";"5,8";"79,0";"85,0";"71,0";"2,2";"2,8";"1,8";"920,9";"921,1";"920,7";"0,6";"303,0";"1,6";"";"0,0"
"13/05/2026";"0700";"5,8";"6,2";"5,4";"86,0";"89,0";"83,0";"2,9";"3,3";"2,5";"921,0";"921,1";"920,9";"0,6";"312,0";"0,8";"";"0,0"
"13/05/2026";"0800";"4,8";"5,4";"4,1";"90,0";"93,0";"85,0";"2,8";"3,6";"1,8";"920,9";"921,0";"920,8";"1,0";"213,0";"3,1";"";"0,0"
"13/05/2026";"0900";"4,5";"5,4";"4,1";"90,0";"93,0";"87,0";"2,5";"3,0";"2,1";"920,9";"921,1";"920,8";"2,0";"170,0";"3,8";"";"0,0"
"13/05/2026";"1000";"5,7";"5,9";"5,3";"86,0";"88,0";"85,0";"2,9";"3,2";"2,6";"921,3";"921,5";"921,0";"1,3";"52,0";"2,4";"";"0,0"
"13/05/2026";"1100";"4,4";"5,3";"3,7";"91,0";"94,0";"88,0";"2,7";"3,1";"2,0";"921,5";"921,7";"921,4";"0,8";"93,0";"2,4";"";"0,0"
"13/05/2026";"1200";"5,3";"6,6";"4,6";"89,0";"92,0";"86,0";"3,1";"4,2";"2,6";"922,0";"922,2";"921,7";"0,9";"121,0";"2,6";"";"0,0"
"13/05/2026";"1300";"8,0";"9,1";"6,7";"78,0";"88,0";"73,0";"3,7";"4,6";"3,0";"922,2";"922,3";"922,0";"0,9";"275,0";"1,7";"";"0,0"
"13/05/2026";"1400";"10,2";"12,0";"9,1";"73,0";"79,0";"62,0";"4,7";"6,0";"3,6";"922,3";"922,4";"922,2";"1,9";"306,0";"3,3";"";"0,0"
"13/05/2026";"1500";"12,5";"13,0";"11,9";"57,0";"65,0";"52,0";"3,9";"5,0";"3,2";"922,2";"922,3";"921,9";"2,8";"293,0";"5,0";"";"0,0"
"13/05/2026";"1600";"14,6";"15,7";"12,8";"51,0";"55,0";"45,0";"4,8";"6,1";"3,2";"921,6";"921,9";"921,2";"2,2";"297,0";"4,2";"";"0,0"
"13/05/2026";"1700";"16,0";"16,6";"15,3";"46,0";"51,0";"42,0";"5,2";"6,6";"4,4";"920,9";"921,2";"920,8";"2,6";"316,0";"4,5";"";"0,0"
"13/05/2026";"1800";"17,3";"17,7";"16,5";"41,0";"48,0";"36,0";"5,4";"6,2";"4,7";"920,5";"920,8";"920,4";"2,2";"302,0";"4,3";"";"0,0"
"13/05/2026";"1900";"17,6";"17,8";"17,3";"37,0";"42,0";"34,0";"5,0";"5,8";"4,2";"920,3";"920,6";"920,2";"1,6";"238,0";"3,9";"";"0,0"
"13/05/2026";"2000";"17,3";"17,7";"16,5";"40,0";"45,0";"36,0";"5,2";"5,6";"4,6";"920,5";"920,6";"920,4";"1,0";"220,0";"2,0";"";"0,0"
"13/05/2026";"2100";"14,0";"16,4";"11,0";"57,0";"71,0";"45,0";"5,5";"6,2";"5,0";"920,6";"920,7";"920,4";"0,5";"259,0";"0,8";"";"0,0"
"13/05/2026";"2200";"11,1";"11,8";"10,8";"64,0";"71,0";"58,0";"3,9";"5,0";"3,1";"920,7";"920,7";"920,6";"0,8";"255,0";"1,2";"";"0,0"
"13/05/2026";"2300";"10,0";"10,7";"9,4";"68,0";"73,0";"65,0";"3,6";"4,2";"3,2";"920,8";"921,0";"920,6";"0,2";"182,0";"0,8";"";"0,0"
"14/05/2026";"0000";"9,3";"9,9";"8,8";"72,0";"76,0";"68,0";"3,7";"4,1";"3,3";"921,0";"921,1";"921,0";"0,8";"101,0";"1,2";"";"0,0"
"14/05/2026";"0100";"9,4";"10,0";"8,9";"74,0";"78,0";"69,0";"4,2";"4,5";"3,9";"921,0";"921,1";"920,9";"0,2";"136,0";"0,8";"";"0,0"
"14/05/2026";"0200";"8,4";"9,4";"7,1";"80,0";"87,0";"75,0";"4,5";"4,7";"4,2";"920,9";"920,9";"920,8";"1,5";"119,0";"2,2";"";"0,0"
"14/05/2026";"0300";"7,0";"7,6";"6,5";"87,0";"90,0";"84,0";"4,4";"4,7";"4,1";"920,7";"920,8";"920,7";"1,6";"106,0";"2,2";"";"0,0"
"14/05/2026";"0400";"6,8";"7,1";"6,3";"89,0";"91,0";"87,0";"4,5";"4,7";"4,3";"920,4";"920,7";"920,2";"1,8";"102,0";"2,8";"";"0,0"
"14/05/2026";"0500";"6,0";"6,3";"5,6";"93,0";"94,0";"91,0";"4,6";"4,7";"4,4";"920,1";"920,4";"920,0";"1,5";"95,0";"2,7";"";"0,0"
"14/05/2026";"0600";"5,3";"5,5";"5,0";"95,0";"96,0";"93,0";"4,2";"4,4";"3,9";"919,9";"920,0";"919,7";"0,5";"81,0";"1,6";"";"0,0"
"14/05/2026";"0700";"5,0";"5,3";"4,9";"96,0";"97,0";"94,0";"4,2";"4,3";"3,9";"919,6";"919,7";"919,5";"0,4";"69,0";"1,0";"";"0,0"
"14/05/2026";"0800";"4,8";"5,2";"4,4";"95,0";"97,0";"94,0";"3,9";"4,3";"3,5";"919,6";"919,7";"919,5";"1,9";"106,0";"2,7";"";"0,0"
"14/05/2026";"0900";"4,8";"5,2";"4,4";"97,0";"98,0";"94,0";"4,1";"4,4";"3,6";"919,9";"920,3";"919,6";"1,4";"85,0";"3,0";"";"0,0"
"14/05/2026";"1000";"4,9";"5,1";"4,5";"95,0";"96,0";"93,0";"3,8";"4,2";"3,2";"920,6";"920,8";"920,3";"2,1";"101,0";"3,6";"";"0,0"
"14/05/2026";"1100";"4,5";"5,9";"3,9";"94,0";"96,0";"89,0";"3,3";"3,8";"2,9";"921,1";"921,5";"920,7";"2,5";"111,0";"3,9";"";"0,0"
"14/05/2026";"1200";"6,7";"7,8";"5,9";"86,0";"89,0";"81,0";"4,0";"4,3";"3,6";"921,8";"922,1";"921,4";"2,4";"104,0";"3,2";"";"0,0"
"14/05/2026";"1300";"9,4";"11,1";"7,9";"78,0";"83,0";"68,0";"5,0";"5,7";"4,2";"922,1";"922,2";"922,0";"1,4";"92,0";"3,0";"";"0,0"
"14/05/2026";"1400";"13,0";"14,4";"11,2";"64,0";"70,0";"58,0";"5,8";"7,4";"4,5";"922,2";"922,3";"922,1";"0,9";"121,0";"2,5";"";"0,0"
"14/05/2026";"1500";"15,6";"16,5";"14,5";"57,0";"64,0";"44,0";"7,0";"8,1";"5,3";"922,0";"922,2";"921,6";"1,6";"279,0";"3,2";"";"0,0"
"14/05/2026";"1600";"16,9";"17,5";"16,5";"49,0";"54,0";"45,0";"6,6";"7,6";"5,6";"921,5";"921,6";"921,3";"2,4";"305,0";"5,9";"";"0,0"
"14/05/2026";"1700";"17,9";"18,7";"17,3";"44,0";"51,0";"34,0";"6,7";"7,5";"5,1";"921,0";"921,3";"920,8";"2,6";"308,0";"4,5";"";"0,0"
"14/05/2026";"1800";"18,7";"19,2";"18,3";"38,0";"46,0";"32,0";"6,2";"7,5";"4,9";"920,5";"920,8";"920,3";"1,7";"289,0";"3,3";"";"0,0"
"14/05/2026";"1900";"19,1";"19,6";"18,7";"28,0";"38,0";"22,0";"4,6";"6,8";"3,7";"920,3";"920,3";"920,2";"1,4";"278,0";"2,9";"";"0,0"
"14/05/2026";"2000";"17,8";"19,2";"16,1";"35,0";"47,0";"29,0";"4,9";"6,2";"3,5";"920,5";"920,8";"920,1";"0,7";"237,0";"1,5";"";"0,0"
"14/05/2026";"2100";"15,1";"16,0";"14,6";"48,0";"56,0";"43,0";"4,6";"6,3";"3,9";"921,0";"921,2";"920,8";"1,0";"269,0";"2,1";"";"0,0"
"14/05/2026";"2200";"14,6";"15,2";"13,3";"53,0";"77,0";"40,0";"5,2";"8,7";"3,0";"921,1";"921,4";"921,0";"2,4";"191,0";"4,3";"";"0,0"
"14/05/2026";"2300";"12,4";"13,2";"11,7";"82,0";"84,0";"78,0";"8,9";"9,1";"8,6";"921,4";"921,6";"921,2";"2,6";"180,0";"4,6";"";"0,0"
"15/05/2026";"0000";"11,0";"11,7";"10,5";"88,0";"91,0";"85,0";"8,6";"8,7";"8,4";"921,6";"921,7";"921,5";"2,1";"132,0";"3,9";"";"0,0"
"15/05/2026";"0100";"10,3";"10,5";"10,2";"92,0";"93,0";"90,0";"8,7";"8,9";"8,4";"921,9";"922,1";"921,7";"2,7";"111,0";"4,1";"";"0,0"
"15/05/2026";"0200";"10,1";"10,3";"10,0";"94,0";"94,0";"93,0";"8,8";"8,9";"8,7";"922,0";"922,1";"921,9";"2,6";"129,0";"4,4";"";"0,0"
"15/05/2026";"0300";"9,5";"10,1";"9,1";"96,0";"99,0";"93,0";"8,7";"8,9";"8,5";"921,7";"922,0";"921,5";"3,5";"128,0";"5,7";"";"0,0"
"15/05/2026";"0400";"9,4";"9,6";"9,2";"98,0";"99,0";"98,0";"9,1";"9,2";"8,9";"921,5";"921,6";"921,2";"2,5";"130,0";"4,6";"";"0,0"
"15/05/2026";"0500";"9,9";"10,1";"9,6";"95,0";"97,0";"94,0";"9,0";"9,1";"8,8";"921,7";"921,8";"921,4";"2,2";"124,0";"4,2";"";"0,0"
"15/05/2026";"0600";"10,1";"10,1";"10,0";"93,0";"94,0";"93,0";"8,8";"8,9";"8,7";"922,0";"922,2";"921,8";"1,5";"134,0";"2,9";"";"0,0"
"15/05/2026";"0700";"10,1";"10,1";"10,0";"94,0";"94,0";"93,0";"8,8";"8,9";"8,7";"921,6";"922,0";"921,3";"2,4";"111,0";"4,7";"";"0,0"
"15/05/2026";"0800";"10,0";"10,1";"9,9";"94,0";"94,0";"93,0";"8,8";"8,8";"8,7";"921,3";"921,4";"921,2";"2,3";"117,0";"4,1";"";"0,0"
"15/05/2026";"0900";"9,5";"9,9";"9,3";"96,0";"97,0";"94,0";"8,7";"8,8";"8,6";"921,3";"921,4";"921,2";"2,3";"112,0";"4,0";"";"0,0"
"15/05/2026";"1000";"9,2";"9,5";"9,0";"97,0";"98,0";"96,0";"8,6";"8,8";"8,5";"921,5";"921,7";"921,4";"2,2";"108,0";"3,5";"";"0,0"
"15/05/2026";"1100";"9,1";"9,3";"9,0";"98,0";"98,0";"98,0";"8,7";"8,9";"8,6";"921,7";"922,0";"921,5";"2,8";"100,0";"4,6";"";"0,0"
"15/05/2026";"1200";"10,1";"11,4";"9,3";"95,0";"98,0";"90,0";"9,2";"9,7";"8,9";"922,3";"922,6";"922,0";"3,3";"94,0";"5,9";"";"0,0"
"15/05/2026";"1300";"12,1";"13,2";"11,4";"88,0";"91,0";"83,0";"9,7";"10,3";"9,2";"922,4";"922,6";"922,3";"2,9";"91,0";"6,3";"";"0,0"
"15/05/2026";"1400";"14,7";"15,9";"13,2";"77,0";"82,0";"72,0";"10,1";"10,9";"9,5";"922,2";"922,3";"922,1";"1,5";"101,0";"3,8";"";"0,0"
"15/05/2026";"1500";"16,4";"17,6";"14,7";"72,0";"79,0";"66,0";"10,8";"11,7";"9,6";"921,8";"922,2";"921,4";"1,6";"225,0";"5,7";"";"0,0"
"15/05/2026";"1600";"17,8";"18,3";"17,2";"67,0";"70,0";"62,0";"11,2";"12,3";"10,6";"921,2";"921,5";"921,0";"1,8";"190,0";"3,6";"";"0,0"
"15/05/2026";"1700";"18,3";"19,2";"17,5";"64,0";"69,0";"58,0";"11,1";"12,2";"10,1";"920,4";"920,9";"919,9";"1,7";"195,0";"5,4";"";"0,0"
"15/05/2026";"1800";"18,9";"19,6";"18,1";"61,0";"67,0";"58,0";"11,2";"12,5";"10,5";"919,7";"920,0";"919,6";"1,6";"108,0";"4,0";"";"0,0"
"15/05/2026";"1900";"18,4";"19,3";"17,4";"64,0";"69,0";"60,0";"11,3";"12,2";"10,5";"919,5";"919,6";"919,4";"1,0";"202,0";"2,0";"";"0,0"
"15/05/2026";"2000";"17,2";"17,7";"16,4";"70,0";"74,0";"65,0";"11,1";"11,9";"10,4";"919,3";"919,4";"919,2";"0,2";"202,0";"1,2";"";"0,0"
"15/05/2026";"2100";"14,4";"16,3";"13,6";"82,0";"85,0";"73,0";"10,8";"11,3";"10,7";"919,5";"919,7";"919,4";"1,9";"162,0";"4,0";"";"0,0"
"15/05/2026";"2200";"12,9";"13,6";"12,4";"88,0";"90,0";"85,0";"10,5";"10,7";"10,2";"919,8";"919,8";"919,7";"2,0";"149,0";"4,5";"";"0,0"
"15/05/2026";"2300";"11,5";"12,4";"10,8";"92,0";"94,0";"89,0";"9,9";"10,3";"9,7";"919,9";"920,1";"919,7";"2,7";"129,0";"4,1";"";"0,0"
"16/05/2026";"0000";"10,4";"10,8";"10,1";"96,0";"97,0";"94,0";"9,5";"9,7";"9,4";"920,1";"920,2";"920,0";"2,2";"131,0";"4,2";"";"0,0"
"16/05/2026";"0100";"10,4";"10,7";"10,1";"96,0";"97,0";"95,0";"9,7";"9,8";"9,5";"920,3";"920,4";"920,2";"2,5";"114,0";"4,3";"";"0,0"
"16/05/2026";"0200";"10,6";"10,7";"10,3";"95,0";"96,0";"95,0";"9,7";"9,8";"9,4";"920,3";"920,4";"920,2";"2,9";"112,0";"4,6";"";"0,0"
"16/05/2026";"0300";"10,2";"10,3";"10,1";"97,0";"97,0";"96,0";"9,5";"9,6";"9,4";"920,2";"920,3";"920,0";"3,2";"106,0";"5,0";"";"0,0"
"16/05/2026";"0400";"10,2";"10,3";"10,1";"97,0";"97,0";"96,0";"9,6";"9,6";"9,5";"919,8";"920,0";"919,6";"2,7";"98,0";"5,0";"";"0,0"
"16/05/2026";"0500";"10,5";"10,8";"10,3";"96,0";"97,0";"95,0";"9,7";"9,9";"9,6";"919,6";"919,7";"919,5";"2,3";"103,0";"4,0";"";"0,0"
"16/05/2026";"0600";"10,8";"10,9";"10,8";"95,0";"95,0";"95,0";"9,8";"9,9";"9,7";"919,3";"919,6";"919,1";"1,0";"207,0";"1,8";"";"0,0"
"16/05/2026";"0700";"10,9";"11,0";"10,8";"95,0";"95,0";"94,0";"9,9";"10,0";"9,8";"919,0";"919,1";"918,9";"1,5";"132,0";"2,7";"";"0,0"
"16/05/2026";"0800";"11,3";"11,5";"10,9";"94,0";"95,0";"93,0";"10,1";"10,3";"9,9";"918,8";"919,0";"918,7";"1,8";"120,0";"3,1";"";"0,0"
"16/05/2026";"0900";"11,6";"11,7";"11,5";"94,0";"95,0";"93,0";"10,4";"10,5";"10,1";"918,8";"919,0";"918,6";"1,0";"92,0";"2,0";"";"0,0"
"16/05/2026";"1000";"11,2";"11,6";"10,7";"95,0";"97,0";"94,0";"10,3";"10,5";"10,0";"919,3";"919,6";"919,0";"0,7";"121,0";"2,0";"";"0,0"
"16/05/2026";"1100";"10,5";"10,7";"10,3";"98,0";"99,0";"97,0";"10,1";"10,4";"9,8";"919,8";"920,0";"919,6";"0,4";"187,0";"1,0";"";"0,0"
"16/05/2026";"1200";"11,8";"12,6";"10,7";"95,0";"99,0";"91,0";"10,7";"11,1";"10,4";"920,1";"920,4";"919,9";"3,1";"102,0";"4,8";"";"0,0"
"16/05/2026";"1300";"13,7";"15,2";"12,6";"87,0";"92,0";"80,0";"11,2";"11,6";"10,7";"920,5";"920,6";"920,4";"1,7";"120,0";"4,4";"";"0,0"
"16/05/2026";"1400";"15,8";"16,4";"14,9";"78,0";"83,0";"74,0";"11,5";"12,2";"11,1";"920,6";"920,7";"920,4";"2,0";"240,0";"5,0";"";"0,0"
"16/05/2026";"1500";"17,3";"18,6";"16,3";"72,0";"78,0";"66,0";"11,6";"12,4";"11,0";"920,2";"920,5";"919,9";"1,0";"198,0";"2,9";"";"0,0"
"16/05/2026";"1600";"18,8";"19,6";"18,1";"62,0";"70,0";"55,0";"11,2";"12,5";"10,2";"919,5";"919,8";"919,2";"1,2";"197,0";"3,0";"";"0,0"
"16/05/2026";"1700";"18,9";"19,4";"18,7";"59,0";"64,0";"55,0";"10,7";"11,6";"10,0";"918,8";"919,2";"918,4";"0,8";"243,0";"1,7";"";"0,0"
"16/05/2026";"1800";"18,9";"19,3";"18,5";"61,0";"70,0";"55,0";"11,2";"12,6";"10,1";"918,1";"918,4";"918,0";"0,6";"249,0";"1,2";"";"0,0"
"16/05/2026";"1900";"18,6";"18,8";"18,2";"64,0";"73,0";"56,0";"11,3";"13,0";"9,9";"918,0";"918,1";"917,9";"0,7";"195,0";"1,4";"";"0,0"
"16/05/2026";"2000";"17,9";"18,2";"17,3";"66,0";"74,0";"61,0";"11,2";"12,9";"10,0";"917,9";"918,1";"917,6";"0,7";"180,0";"1,1";"";"0,0"
"16/05/2026";"2100";"16,5";"17,3";"15,6";"74,0";"79,0";"69,0";"11,4";"11,8";"10,4";"918,1";"918,2";"918,0";"1,1";"178,0";"2,0";"";"0,0"
"16/05/2026";"2200";"15,9";"16,3";"15,6";"73,0";"81,0";"67,0";"10,5";"11,8";"9,5";"918,3";"918,5";"918,0";"1,7";"190,0";"4,1";"";"0,0"
"16/05/2026";"2300";"15,0";"15,6";"14,4";"86,0";"89,0";"81,0";"12,1";"12,3";"11,8";"918,7";"919,0";"918,5";"1,6";"133,0";"3,3";"";"0,0"
"17/05/2026";"0000";"13,9";"14,4";"13,6";"91,0";"93,0";"88,0";"12,1";"12,2";"12,0";"919,1";"919,3";"919,0";"2,1";"126,0";"3,7";"";"0,0"
"17/05/2026";"0100";"13,3";"13,5";"13,0";"94,0";"96,0";"93,0";"12,1";"12,2";"11,8";"919,4";"919,6";"919,2";"2,4";"134,0";"3,7";"";"0,0"
"17/05/2026";"0200";"13,0";"13,3";"12,6";"95,0";"97,0";"94,0";"12,1";"12,2";"11,9";"919,5";"919,6";"919,3";"2,3";"130,0";"4,0";"";"0,0"
"17/05/2026";"0300";"12,3";"12,6";"12,0";"98,0";"99,0";"97,0";"11,8";"12,1";"11,6";"919,3";"919,6";"919,1";"2,3";"117,0";"3,2";"";"0,0"
"17/05/2026";"0400";"12,0";"12,2";"11,8";"99,0";"99,0";"98,0";"11,7";"12,0";"11,6";"919,3";"919,5";"919,2";"0,9";"147,0";"2,4";"";"0,0"
"17/05/2026";"0500";"12,1";"12,2";"11,8";"99,0";"99,0";"98,0";"11,9";"12,1";"11,5";"919,3";"919,5";"919,0";"0,7";"152,0";"1,8";"";"0,0"
"17/05/2026";"0600";"11,9";"12,0";"11,5";"99,0";"100,0";"99,0";"11,7";"11,9";"11,4";"918,8";"919,0";"918,6";"0,7";"106,0";"2,1";"";"0,0"
"17/05/2026";"0700";"11,8";"12,3";"11,3";"100,0";"100,0";"99,0";"11,8";"12,3";"11,1";"918,5";"918,6";"918,3";"1,1";"98,0";"2,5";"";"0,0"
"17/05/2026";"0800";"12,3";"12,4";"12,2";"100,0";"100,0";"100,0";"12,2";"12,4";"12,1";"918,0";"918,3";"917,7";"1,4";"119,0";"2,2";"";"0,0"
"17/05/2026";"0900";"12,4";"12,6";"12,3";"100,0";"100,0";"100,0";"12,4";"12,6";"12,2";"917,8";"918,2";"917,4";"0,2";"133,0";"0,7";"";"0,0"
"17/05/2026";"1000";"12,6";"12,7";"12,5";"100,0";"100,0";"100,0";"12,6";"12,6";"12,5";"918,3";"918,6";"918,0";"0,7";"121,0";"1,4";"";"0,0"
"17/05/2026";"1100";"12,7";"12,9";"12,7";"100,0";"100,0";"100,0";"12,7";"12,9";"12,6";"918,7";"918,9";"918,6";"1,5";"111,0";"2,6";"";"0,0"
"17/05/2026";"1200";"13,0";"13,1";"12,9";"100,0";"100,0";"100,0";"13,0";"13,1";"12,8";"918,9";"919,2";"918,5";"0,6";"80,0";"2,3";"";"0,0"
"17/05/2026";"1300";"13,4";"13,7";"13,1";"100,0";"100,0";"100,0";"13,4";"13,7";"13,0";"919,3";"919,5";"919,0";"0,9";"83,0";"2,4";"";"0,0"
"17/05/2026";"1400";"14,0";"14,7";"13,6";"99,0";"100,0";"94,0";"13,7";"14,2";"13,4";"919,3";"919,5";"918,9";"1,2";"112,0";"2,3";"";"0,0"
"17/05/2026";"1500";"15,0";"15,3";"14,8";"92,0";"95,0";"90,0";"13,5";"13,9";"13,2";"918,9";"919,0";"918,8";"1,6";"307,0";"3,5";"";"0,0"
"17/05/2026";"1600";"15,7";"17,4";"15,1";"88,0";"92,0";"79,0";"13,4";"14,0";"13,0";"918,6";"918,8";"918,3";"2,1";"312,0";"3,6";"";"0,0"
"17/05/2026";"1700";"17,7";"18,4";"16,6";"77,0";"83,0";"71,0";"13,1";"13,9";"12,3";"917,9";"918,4";"917,7";"1,5";"254,0";"3,8";"";"0,0"
"17/05/2026";"1800";"17,1";"18,2";"16,6";"79,0";"82,0";"76,0";"13,0";"13,9";"12,5";"918,1";"918,3";"917,9";"2,1";"265,0";"5,5";"";"0,0"
"17/05/2026";"1900";"16,1";"16,5";"15,6";"85,0";"88,0";"80,0";"13,0";"13,3";"12,6";"918,4";"918,5";"918,2";"1,8";"248,0";"4,8";"";"0,0"
"17/05/2026";"2000";"14,9";"15,7";"14,2";"90,0";"92,0";"86,0";"12,8";"13,3";"12,5";"918,7";"919,0";"918,4";"2,1";"192,0";"4,7";"";"0,0"
"17/05/2026";"2100";"13,8";"14,2";"13,5";"94,0";"96,0";"92,0";"12,6";"12,7";"12,4";"919,1";"919,2";"918,9";"2,3";"173,0";"4,5";"";"0,0"
"17/05/2026";"2200";"13,3";"13,5";"13,0";"94,0";"97,0";"93,0";"12,2";"12,8";"11,8";"919,5";"919,7";"919,2";"3,0";"175,0";"5,3";"";"0,0"
"17/05/2026";"2300";"13,0";"13,0";"12,9";"92,0";"95,0";"91,0";"11,4";"12,0";"11,1";"920,1";"920,5";"919,8";"2,2";"169,0";"5,0";"";"0,0"
"18/05/2026";"0000";"12,6";"12,8";"12,3";"95,0";"97,0";"93,0";"11,6";"11,8";"11,3";"920,6";"920,9";"920,4";"1,5";"167,0";"4,4";"";"0,0"
"18/05/2026";"0100";"12,1";"12,2";"12,0";"95,0";"98,0";"93,0";"11,1";"11,8";"10,7";"921,1";"921,3";"921,0";"2,1";"161,0";"4,6";"";"0,0"
"18/05/2026";"0200";"11,9";"12,0";"11,7";"94,0";"94,0";"93,0";"10,7";"10,8";"10,3";"921,4";"921,6";"921,3";"2,5";"166,0";"5,0";"";"0,0"
"18/05/2026";"0300";"11,6";"11,7";"11,3";"93,0";"94,0";"93,0";"10,1";"10,3";"10,0";"921,6";"921,9";"921,4";"2,6";"169,0";"6,1";"";"0,0"
"18/05/2026";"0400";"11,1";"11,3";"11,1";"95,0";"95,0";"94,0";"10,1";"10,1";"10,0";"921,7";"921,8";"921,6";"1,7";"179,0";"4,6";"";"0,0"
"18/05/2026";"0500";"11,0";"11,0";"11,0";"94,0";"95,0";"93,0";"9,8";"10,0";"9,5";"921,7";"921,9";"921,6";"2,2";"161,0";"4,5";"";"0,0"
"18/05/2026";"0600";"10,7";"11,0";"10,5";"96,0";"97,0";"93,0";"9,8";"9,9";"9,6";"921,6";"921,9";"921,2";"2,6";"185,0";"6,4";"";"0,0"
"18/05/2026";"0700";"10,3";"10,5";"10,0";"95,0";"96,0";"94,0";"9,3";"9,6";"8,9";"921,9";"922,1";"921,7";"2,7";"196,0";"6,2";"";"0,0"
"18/05/2026";"0800";"9,7";"10,0";"9,1";"96,0";"98,0";"94,0";"9,0";"9,2";"8,7";"922,2";"922,6";"922,0";"2,4";"206,0";"6,0";"";"0,2"
"18/05/2026";"0900";"8,7";"9,1";"8,4";"99,0";"99,0";"98,0";"8,5";"8,7";"8,1";"922,7";"923,0";"922,5";"2,4";"197,0";"5,9";"";"0,2"
"18/05/2026";"1000";"8,2";"8,4";"8,2";"97,0";"99,0";"96,0";"7,7";"8,2";"7,4";"923,2";"923,7";"923,0";"1,9";"194,0";"4,2";"";"0,0"
"18/05/2026";"1100";"8,3";"8,4";"8,2";"96,0";"96,0";"95,0";"7,4";"7,5";"7,3";"924,0";"924,3";"923,7";"1,5";"181,0";"2,8";"";"0,0"
"18/05/2026";"1200";"8,6";"8,8";"8,4";"96,0";"96,0";"95,0";"7,7";"8,0";"7,4";"924,5";"924,7";"924,3";"1,6";"183,0";"3,4";"";"0,0"
"18/05/2026";"1300";"9,2";"9,4";"8,8";"93,0";"95,0";"89,0";"7,7";"8,0";"7,2";"924,9";"925,0";"924,7";"1,6";"121,0";"4,3";"";"0,0"
"18/05/2026";"1400";"9,6";"10,4";"9,2";"91,0";"93,0";"89,0";"7,9";"8,8";"7,3";"925,0";"925,1";"924,9";"1,8";"94,0";"4,0";"";"0,0"
"18/05/2026";"1500";"11,1";"12,3";"10,2";"82,0";"92,0";"76,0";"7,4";"8,9";"6,6";"925,2";"925,4";"925,0";"1,7";"146,0";"3,5";"";"0,0"
"18/05/2026";"1600";"12,4";"12,9";"11,8";"76,0";"79,0";"71,0";"7,6";"8,6";"7,1";"924,9";"925,0";"924,7";"2,1";"180,0";"3,8";"";"0,0"
"18/05/2026";"1700";"12,2";"12,8";"11,8";"80,0";"83,0";"73,0";"8,1";"8,7";"7,4";"924,5";"924,7";"924,2";"2,8";"199,0";"5,1";"";"0,0"
"18/05/2026";"1800";"11,7";"12,1";"11,1";"82,0";"84,0";"80,0";"8,0";"8,7";"7,6";"924,1";"924,2";"924,1";"2,4";"206,0";"5,8";"";"0,0"
"18/05/2026";"1900";"10,7";"11,3";"10,5";"85,0";"87,0";"82,0";"7,8";"8,0";"7,5";"924,0";"924,1";"923,9";"2,9";"186,0";"6,1";"";"0,0"
"18/05/2026";"2000";"10,0";"10,5";"9,6";"88,0";"90,0";"86,0";"7,7";"7,9";"7,5";"924,3";"924,4";"924,0";"2,4";"185,0";"4,8";"";"0,0"
"18/05/2026";"2100";"9,5";"9,5";"9,3";"91,0";"92,0";"91,0";"7,7";"7,8";"7,6";"924,5";"924,5";"924,4";"2,5";"197,0";"4,7";"";"0,0"
"18/05/2026";"2200";"9,2";"9,3";"9,1";"91,0";"92,0";"89,0";"7,3";"7,8";"7,1";"924,6";"924,8";"924,5";"1,6";"179,0";"3,1";"";"0,0"
"18/05/2026";"2300";"8,8";"9,1";"8,6";"89,0";"91,0";"88,0";"6,7";"7,3";"6,3";"925,0";"925,1";"924,8";"1,9";"174,0";"4,3";"";"0,0"
"19/05/2026";"0000";"8,4";"8,6";"8,2";"88,0";"90,0";"87,0";"6,1";"6,4";"5,7";"925,3";"925,4";"925,2";"1,6";"161,0";"3,7";"";"0,0"
"19/05/2026";"0100";"8,0";"8,2";"7,8";"89,0";"90,0";"88,0";"5,8";"6,0";"5,7";"925,5";"925,6";"925,4";"0,9";"184,0";"1,8";"";"0,0"
"19/05/2026";"0200";"7,4";"7,7";"6,8";"92,0";"95,0";"90,0";"5,8";"6,1";"5,6";"925,6";"925,8";"925,5";"0,6";"131,0";"1,3";"";"0,0"
"19/05/2026";"0300";"6,5";"6,8";"6,2";"96,0";"98,0";"95,0";"5,8";"6,0";"5,6";"925,3";"925,5";"925,1";"1,2";"121,0";"2,2";"";"0,0"
"19/05/2026";"0400";"6,8";"7,2";"6,2";"97,0";"99,0";"96,0";"6,2";"6,5";"5,7";"925,1";"925,2";"925,0";"1,1";"113,0";"1,8";"";"0,0"
"19/05/2026";"0500";"7,4";"7,6";"7,2";"96,0";"96,0";"96,0";"6,6";"6,9";"6,4";"924,9";"925,0";"924,8";"0,7";"96,0";"1,8";"";"0,0"
"19/05/2026";"0600";"7,7";"7,8";"7,6";"97,0";"97,0";"96,0";"7,0";"7,2";"6,8";"924,4";"924,8";"924,1";"0,6";"146,0";"2,3";"";"0,0"
"19/05/2026";"0700";"7,7";"7,8";"7,6";"97,0";"97,0";"96,0";"7,1";"7,2";"7,0";"924,1";"924,1";"923,9";"0,6";"92,0";"1,2";"";"0,0"
"19/05/2026";"0800";"7,5";"7,6";"7,3";"98,0";"99,0";"97,0";"7,1";"7,2";"7,0";"923,8";"923,9";"923,7";"0,9";"131,0";"2,7";"";"0,0"
"19/05/2026";"0900";"7,3";"7,4";"7,2";"99,0";"99,0";"98,0";"7,1";"7,2";"7,0";"923,7";"923,8";"923,6";"0,4";"104,0";"1,0";"";"0,0"
"19/05/2026";"1000";"7,2";"7,3";"7,1";"100,0";"100,0";"99,0";"7,1";"7,2";"7,0";"924,1";"924,4";"923,9";"0,7";"174,0";"2,2";"";"0,0"
"19/05/2026";"1100";"7,2";"7,3";"7,1";"100,0";"100,0";"100,0";"7,1";"7,2";"7,0";"924,6";"924,8";"924,4";"0,9";"219,0";"2,3";"";"0,0"
"19/05/2026";"1200";"7,2";"7,4";"7,0";"100,0";"100,0";"99,0";"7,1";"7,4";"6,9";"925,1";"925,3";"924,9";"0,6";"210,0";"1,1";"";"0,0"
"19/05/2026";"1300";"7,9";"8,7";"7,4";"99,0";"100,0";"98,0";"7,6";"8,4";"7,2";"925,5";"925,7";"925,3";"0,6";"126,0";"2,1";"";"0,0"
"19/05/2026";"1400";"9,2";"10,1";"8,6";"94,0";"98,0";"89,0";"8,0";"8,7";"7,6";"925,8";"925,9";"925,7";"2,1";"312,0";"4,2";"";"0,0"
"19/05/2026";"1500";"10,0";"10,6";"9,7";"90,0";"92,0";"86,0";"8,1";"8,5";"7,7";"925,4";"925,7";"925,2";"2,1";"305,0";"3,4";"";"0,0"
"19/05/2026";"1600";"10,9";"12,3";"10,2";"85,0";"89,0";"77,0";"7,9";"8,7";"7,3";"925,1";"925,2";"924,8";"2,0";"303,0";"4,2";"";"0,0"
"19/05/2026";"1700";"13,3";"14,1";"11,9";"72,0";"79,0";"64,0";"7,7";"8,5";"6,7";"924,4";"924,8";"924,1";"2,3";"309,0";"4,6";"";"0,0"
"19/05/2026";"1800";"14,2";"14,6";"13,8";"61,0";"72,0";"51,0";"6,4";"8,6";"4,4";"924,0";"924,1";"923,9";"2,1";"267,0";"4,0";"";"0,0"
"19/05/2026";"1900";"14,2";"14,7";"13,6";"54,0";"64,0";"45,0";"5,1";"7,1";"2,6";"923,8";"923,9";"923,7";"1,9";"236,0";"3,8";"";"0,0"
"19/05/2026";"2000";"13,4";"13,8";"12,8";"48,0";"55,0";"41,0";"3,1";"3,8";"2,0";"923,6";"923,7";"923,5";"1,2";"255,0";"2,9";"";"0,0"
"19/05/2026";"2100";"10,9";"12,8";"9,5";"69,0";"78,0";"55,0";"4,7";"5,2";"3,8";"923,7";"923,8";"923,6";"1,5";"267,0";"3,1";"";"0,0"
"19/05/2026";"2200";"9,1";"9,5";"8,7";"80,0";"80,0";"79,0";"5,0";"5,3";"4,6";"924,0";"924,3";"923,8";"1,5";"228,0";"3,4";"";"0,0"
"19/05/2026";"2300";"8,2";"8,7";"7,8";"84,0";"87,0";"80,0";"5,0";"5,2";"4,6";"924,4";"924,5";"924,3";"1,0";"246,0";"2,0";"";"0,0"
"20/05/2026";"0000";"7,1";"7,7";"6,6";"92,0";"96,0";"87,0";"5,4";"5,9";"5,0";"924,5";"924,6";"924,4";"0,9";"245,0";"1,8";"";"0,0"
"20/05/2026";"0100";"6,5";"6,8";"5,8";"96,0";"97,0";"93,0";"5,6";"6,0";"4,9";"924,6";"924,7";"924,6";"0,5";"324,0";"0,9";"";"0,0"
"20/05/2026";"0200";"5,3";"5,8";"4,9";"98,0";"99,0";"95,0";"5,0";"5,1";"4,8";"924,5";"924,6";"924,5";"0,8";"178,0";"1,2";"";"0,0"
"20/05/2026";"0300";"4,9";"5,0";"4,6";"100,0";"100,0";"99,0";"4,8";"5,0";"4,6";"924,5";"924,6";"924,4";"0,7";"54,0";"1,4";"";"0,0"
"20/05/2026";"0400";"4,6";"4,8";"4,2";"100,0";"100,0";"100,0";"4,5";"4,7";"4,2";"924,3";"924,4";"924,3";"0,8";"70,0";"1,6";"";"0,0"
"20/05/2026";"0500";"4,0";"4,5";"3,8";"100,0";"100,0";"100,0";"4,0";"4,5";"3,8";"924,2";"924,3";"924,2";"0,9";"45,0";"1,6";"";"0,0"
"20/05/2026";"0600";"3,6";"4,0";"2,8";"100,0";"100,0";"100,0";"3,6";"4,0";"2,8";"924,0";"924,2";"923,8";"0,6";"112,0";"1,5";"";"0,0"
"20/05/2026";"0700";"2,9";"3,1";"2,8";"100,0";"100,0";"100,0";"2,9";"3,1";"2,7";"923,7";"923,9";"923,5";"0,6";"255,0";"1,8";"";"0,0"
"20/05/2026";"0800";"1,9";"2,8";"0,8";"100,0";"100,0";"100,0";"1,8";"2,8";"0,7";"923,3";"923,5";"923,2";"0,6";"78,0";"1,5";"";"0,0"
"20/05/2026";"0900";"1,0";"1,4";"0,6";"100,0";"100,0";"100,0";"1,0";"1,4";"0,6";"923,4";"923,7";"923,2";"0,8";"128,0";"1,0";"";"0,0"
"20/05/2026";"1000";"1,6";"2,7";"0,7";"100,0";"100,0";"100,0";"1,6";"2,7";"0,6";"924,0";"924,4";"923,7";"1,3";"210,0";"2,6";"";"0,0"
"20/05/2026";"1100";"3,5";"4,1";"2,7";"100,0";"100,0";"100,0";"3,5";"4,1";"2,6";"924,7";"925,0";"924,4";"0,9";"272,0";"2,2";"";"0,0"
"20/05/2026";"1200";"3,7";"4,0";"3,3";"100,0";"100,0";"100,0";"3,6";"3,9";"3,2";"925,3";"925,4";"925,1";"0,0";"193,0";"";"";"0,0"
"20/05/2026";"1300";"4,3";"4,7";"3,7";"100,0";"100,0";"100,0";"4,3";"4,7";"3,7";"925,8";"926,1";"925,5";"0,8";"199,0";"1,9";"";"0,0"
"20/05/2026";"1400";"5,3";"6,5";"4,7";"99,0";"100,0";"94,0";"5,1";"6,0";"4,7";"926,2";"926,3";"926,1";"1,8";"293,0";"3,4";"";"0,0"
"20/05/2026";"1500";"6,8";"8,1";"5,9";"89,0";"96,0";"85,0";"4,7";"5,7";"3,9";"926,1";"926,2";"925,9";"2,5";"302,0";"4,2";"";"0,0"
"20/05/2026";"1600";"9,3";"10,6";"7,9";"74,0";"85,0";"65,0";"4,2";"5,1";"3,1";"925,7";"925,9";"925,4";"2,9";"296,0";"5,8";"";"0,0"
"20/05/2026";"1700";"11,1";"11,7";"10,4";"62,0";"67,0";"59,0";"3,5";"4,3";"2,7";"925,2";"925,5";"925,0";"3,6";"316,0";"5,7";"";"0,0"
"20/05/2026";"1800";"12,2";"12,5";"11,9";"56,0";"61,0";"51,0";"3,4";"4,3";"2,6";"924,8";"925,0";"924,6";"3,8";"311,0";"6,7";"";"0,0"
"20/05/2026";"1900";"12,6";"12,8";"12,4";"54,0";"57,0";"51,0";"3,3";"4,0";"2,9";"924,7";"924,8";"924,6";"2,1";"268,0";"5,2";"";"0,0"
"20/05/2026";"2000";"11,9";"12,5";"11,3";"53,0";"58,0";"48,0";"2,5";"3,2";"1,8";"924,7";"924,8";"924,6";"1,5";"265,0";"3,6";"";"0,0"
"20/05/2026";"2100";"9,6";"11,3";"8,6";"63,0";"68,0";"55,0";"2,1";"2,8";"1,8";"924,9";"925,1";"924,7";"1,3";"240,0";"3,5";"";"0,0"
"20/05/2026";"2200";"8,3";"8,6";"8,0";"70,0";"72,0";"68,0";"2,4";"2,5";"2,2";"925,1";"925,2";"925,0";"1,3";"250,0";"3,0";"";"0,0"
"20/05/2026";"2300";"7,5";"8,0";"6,6";"75,0";"80,0";"72,0";"2,6";"2,9";"2,4";"925,3";"925,5";"925,2";"0,8";"254,0";"1,7";"";"0,0"
"21/05/2026";"0000";"5,9";"6,6";"5,4";"86,0";"90,0";"80,0";"3,0";"3,4";"2,6";"925,6";"925,8";"925,4";"0,7";"244,0";"1,4";"";"0,0"
"21/05/2026";"0100";"5,5";"6,0";"5,2";"88,0";"90,0";"86,0";"3,1";"3,3";"2,8";"925,9";"926,0";"925,8";"0,6";"238,0";"1,7";"";"0,0"
"21/05/2026";"0200";"4,9";"5,5";"4,4";"93,0";"97,0";"87,0";"3,4";"3,8";"2,9";"926,0";"926,1";"926,0";"0,8";"312,0";"1,2";"";"0,0"
"21/05/2026";"0300";"4,7";"5,1";"4,5";"96,0";"97,0";"94,0";"3,9";"4,2";"3,7";"925,8";"926,0";"925,8";"0,7";"293,0";"1,3";"";"0,0"
"21/05/2026";"0400";"4,5";"5,0";"4,2";"96,0";"98,0";"93,0";"3,7";"3,9";"3,5";"925,8";"925,9";"925,8";"0,6";"297,0";"1,4";"";"0,0"
"21/05/2026";"0500";"4,4";"4,6";"4,0";"98,0";"99,0";"97,0";"3,9";"4,3";"3,5";"925,7";"925,8";"925,6";"0,6";"235,0";"1,1";"";"0,0"
"21/05/2026";"0600";"4,7";"5,2";"4,0";"94,0";"98,0";"90,0";"3,6";"4,0";"3,3";"925,8";"925,9";"925,7";"0,7";"227,0";"1,4";"";"0,0"
"21/05/2026";"0700";"5,3";"5,4";"5,1";"91,0";"93,0";"90,0";"3,5";"3,7";"3,4";"925,9";"925,9";"925,8";"0,9";"228,0";"1,9";"";"0,0"
"21/05/2026";"0800";"4,4";"5,4";"3,6";"94,0";"98,0";"90,0";"3,2";"3,5";"2,9";"925,6";"925,8";"925,5";"0,5";"216,0";"0,9";"";"0,0"
"21/05/2026";"0900";"4,3";"5,2";"3,4";"97,0";"100,0";"94,0";"3,8";"4,6";"3,0";"925,6";"925,8";"925,5";"0,5";"160,0";"2,4";"";"0,0"
"21/05/2026";"1000";"4,3";"4,8";"3,7";"97,0";"99,0";"95,0";"3,6";"4,5";"3,0";"926,0";"926,2";"925,7";"0,4";"199,0";"0,9";"";"0,0"
"21/05/2026";"1100";"3,8";"4,7";"3,3";"99,0";"100,0";"96,0";"3,6";"4,6";"3,0";"926,6";"927,0";"926,2";"0,8";"190,0";"1,8";"";"0,0"
"21/05/2026";"1200";"4,8";"5,8";"3,8";"96,0";"99,0";"89,0";"4,0";"4,6";"3,2";"927,1";"927,3";"926,9";"1,5";"155,0";"3,1";"";"0,0"
"21/05/2026";"1300";"6,1";"6,8";"5,6";"91,0";"93,0";"88,0";"4,3";"5,0";"3,5";"927,6";"928,0";"927,3";"0,9";"145,0";"2,3";"";"0,0"
"21/05/2026";"1400";"7,3";"8,3";"6,8";"84,0";"90,0";"76,0";"4,2";"5,2";"3,1";"928,1";"928,3";"928,0";"1,0";"165,0";"2,0";"";"0,0"
"21/05/2026";"1500";"7,9";"8,4";"7,5";"76,0";"82,0";"72,0";"3,2";"4,1";"2,6";"928,2";"928,3";"928,0";"0,9";"183,0";"1,6";"";"0,0"
"21/05/2026";"1600";"9,1";"10,6";"8,1";"69,0";"73,0";"62,0";"2,8";"3,7";"2,3";"927,7";"928,0";"927,5";"0,8";"263,0";"2,6";"";"0,0"
"21/05/2026";"1700";"9,5";"10,6";"8,8";"68,0";"72,0";"63,0";"3,1";"4,2";"2,4";"927,3";"927,6";"927,2";"1,5";"284,0";"2,6";"";"0,0"
"21/05/2026";"1800";"10,7";"11,3";"9,7";"62,0";"67,0";"60,0";"3,2";"4,0";"2,7";"926,9";"927,2";"926,7";"1,4";"229,0";"3,2";"";"0,0"
"21/05/2026";"1900";"11,2";"11,5";"11,0";"61,0";"64,0";"58,0";"3,5";"4,0";"3,0";"926,8";"926,9";"926,7";"1,5";"263,0";"3,1";"";"0,0"
"21/05/2026";"2000";"10,7";"11,2";"9,7";"64,0";"68,0";"61,0";"3,5";"4,0";"3,1";"926,7";"926,8";"926,7";"2,1";"213,0";"3,6";"";"0,0"
"21/05/2026";"2100";"8,3";"9,7";"7,1";"75,0";"80,0";"68,0";"3,2";"3,4";"3,1";"926,9";"926,9";"926,8";"2,0";"205,0";"3,8";"";"0,0"
"21/05/2026";"2200";"6,5";"7,1";"6,1";"82,0";"84,0";"80,0";"3,0";"3,2";"2,9";"927,0";"927,2";"926,9";"2,0";"193,0";"3,9";"";"0,0"
"21/05/2026";"2300";"5,5";"6,0";"5,0";"88,0";"90,0";"84,0";"3,0";"3,1";"2,8";"927,4";"927,6";"927,2";"1,8";"174,0";"3,5";"";"0,0"
"22/05/2026";"0000";"4,6";"5,0";"4,2";"91,0";"92,0";"89,0";"2,8";"3,0";"2,6";"927,5";"927,8";"927,3";"1,8";"129,0";"3,9";"";"0,0"
"22/05/2026";"0100";"4,0";"4,2";"3,8";"93,0";"94,0";"92,0";"2,6";"2,8";"2,4";"928,0";"928,1";"927,8";"2,2";"125,0";"4,9";"";"0,0"
"22/05/2026";"0200";"3,9";"4,0";"3,7";"93,0";"94,0";"92,0";"2,4";"2,5";"2,3";"927,9";"928,1";"927,6";"3,3";"128,0";"5,3";"";"0,0"
"22/05/2026";"0300";"3,9";"4,1";"3,8";"94,0";"96,0";"92,0";"2,7";"2,9";"2,5";"927,6";"927,8";"927,3";"3,1";"110,0";"4,6";"";"0,0"
"22/05/2026";"0400";"3,7";"3,8";"3,3";"96,0";"97,0";"96,0";"3,0";"3,1";"2,7";"927,3";"927,4";"927,3";"1,9";"101,0";"3,2";"";"0,0"
"22/05/2026";"0500";"3,2";"3,3";"3,1";"98,0";"99,0";"97,0";"2,8";"3,0";"2,6";"927,2";"927,4";"926,9";"3,6";"99,0";"5,1";"";"0,0"
"22/05/2026";"0600";"3,4";"3,5";"3,1";"99,0";"99,0";"98,0";"3,1";"3,2";"2,8";"927,1";"927,2";"927,0";"3,3";"97,0";"5,4";"";"0,0"
"22/05/2026";"0700";"";"";"";"";"";"";"";"";"";"";"";"";"";"";"";"";""
"22/05/2026";"0800";"";"";"";"";"";"";"";"";"";"";"";"";"";"";"";"";""
"22/05/2026";"0900";"";"";"";"";"";"";"";"";"";"";"";"";"";"";"";"";""
"22/05/2026";"1000";"";"";"";"";"";"";"";"";"";"";"";"";"";"";"";"";""
"22/05/2026";"1100";"";"";"";"";"";"";"";"";"";"";"";"";"";"";"";"";""
"22/05/2026";"1200";"";"";"";"";"";"";"";"";"";"";"";"";"";"";"";"";""
"22/05/2026";"1300";"";"";"";"";"";"";"";"";"";"";"";"";"";"";"";"";""
"22/05/2026";"1400";"";"";"";"";"";"";"";"";"";"";"";"";"";"";"";"";""
"22/05/2026";"1500";"";"";"";"";"";"";"";"";"";"";"";"";"";"";"";"";""
"22/05/2026";"1600";"";"";"";"";"";"";"";"";"";"";"";"";"";"";"";"";""
"22/05/2026";"1700";"";"";"";"";"";"";"";"";"";"";"";"";"";"";"";"";""
"22/05/2026";"1800";"";"";"";"";"";"";"";"";"";"";"";"";"";"";"";"";""
"22/05/2026";"1900";"";"";"";"";"";"";"";"";"";"";"";"";"";"";"";"";""
"22/05/2026";"2000";"";"";"";"";"";"";"";"";"";"";"";"";"";"";"";"";""
"22/05/2026";"2100";"";"";"";"";"";"";"";"";"";"";"";"";"";"";"";"";""
"22/05/2026";"2200";"";"";"";"";"";"";"";"";"";"";"";"";"";"";"";"";""
"22/05/2026";"2300";"";"";"";"";"";"";"";"";"";"";"";"";"";"";"";"";""
"23/05/2026";"0000";"";"";"";"";"";"";"";"";"";"";"";"";"";"";"";"";""
"23/05/2026";"0100";"9,1";"9,3";"8,9";"92,0";"95,0";"89,0";"7,5";"8,0";"7,0";"927,8";"928,1";"927,6";"2,2";"96,0";"4,0";"";"0,0"
"23/05/2026";"0200";"9,2";"9,5";"9,0";"89,0";"91,0";"86,0";"6,9";"7,2";"6,6";"927,7";"927,8";"927,6";"2,5";"98,0";"4,5";"";"0,0"
"23/05/2026";"0300";"9,0";"9,1";"8,8";"90,0";"92,0";"88,0";"7,0";"7,2";"6,8";"927,6";"927,8";"927,4";"0,8";"87,0";"2,6";"";"0,0"
"23/05/2026";"0400";"8,7";"8,9";"8,5";"91,0";"93,0";"90,0";"7,0";"7,2";"6,8";"927,3";"927,7";"927,1";"2,2";"102,0";"3,6";"";"0,0"
"23/05/2026";"0500";"8,6";"8,7";"8,4";"92,0";"94,0";"91,0";"7,0";"7,3";"6,8";"927,1";"927,2";"927,0";"2,1";"91,0";"3,6";"";"0,0"
"23/05/2026";"0600";"8,6";"8,7";"8,5";"93,0";"94,0";"92,0";"7,2";"7,3";"6,9";"926,9";"927,1";"926,7";"2,6";"101,0";"4,5";"";"0,0"
"23/05/2026";"0700";"8,5";"8,8";"8,4";"91,0";"93,0";"88,0";"6,7";"7,1";"6,3";"926,5";"926,7";"926,3";"2,7";"100,0";"4,7";"";"0,0"
"23/05/2026";"0800";"8,6";"8,8";"8,5";"90,0";"91,0";"89,0";"6,7";"6,8";"6,5";"926,3";"926,4";"926,3";"1,9";"112,0";"2,8";"";"0,0"
"23/05/2026";"0900";"8,4";"8,5";"8,0";"92,0";"95,0";"91,0";"6,8";"7,0";"6,7";"926,6";"926,7";"926,4";"1,6";"110,0";"2,6";"";"0,0"
"23/05/2026";"1000";"7,5";"7,9";"7,2";"96,0";"98,0";"94,0";"6,8";"7,0";"6,5";"926,7";"926,7";"926,5";"1,6";"127,0";"2,6";"";"0,0"
"23/05/2026";"1100";"8,3";"8,7";"7,5";"95,0";"97,0";"94,0";"7,2";"7,5";"6,7";"926,8";"926,9";"926,7";"1,8";"124,0";"2,7";"";"0,0"
"23/05/2026";"1200";"9,1";"9,6";"8,6";"93,0";"94,0";"91,0";"7,7";"8,1";"7,3";"926,9";"926,9";"926,8";"2,2";"112,0";"3,8";"";"0,0"
"23/05/2026";"1300";"10,4";"10,9";"9,6";"91,0";"93,0";"89,0";"8,6";"9,1";"8,1";"927,0";"927,2";"926,8";"2,3";"102,0";"3,6";"";"0,0"
"23/05/2026";"1400";"11,4";"11,9";"10,9";"90,0";"91,0";"88,0";"9,3";"9,7";"9,0";"927,2";"927,2";"927,1";"1,6";"97,0";"3,3";"";"0,0"
"23/05/2026";"1500";"12,7";"13,6";"12,0";"85,0";"90,0";"80,0";"9,8";"10,3";"9,3";"926,8";"927,1";"926,5";"1,4";"111,0";"3,3";"";"0,0"
"23/05/2026";"1600";"14,4";"15,2";"13,6";"75,0";"82,0";"69,0";"9,4";"10,5";"8,7";"926,1";"926,5";"925,8";"1,6";"104,0";"3,4";"";"0,0"
"23/05/2026";"1700";"15,2";"15,7";"14,9";"70,0";"74,0";"66,0";"9,2";"10,0";"8,2";"925,3";"925,8";"925,0";"1,3";"109,0";"4,0";"";"0,0"
"23/05/2026";"1800";"15,3";"15,8";"14,7";"72,0";"83,0";"65,0";"9,8";"11,4";"8,6";"924,9";"925,0";"924,8";"1,0";"271,0";"2,0";"";"0,0"
"23/05/2026";"1900";"14,4";"14,7";"14,2";"83,0";"85,0";"77,0";"10,9";"11,4";"10,0";"924,8";"924,9";"924,6";"1,1";"293,0";"1,9";"";"0,0"
"23/05/2026";"2000";"13,7";"14,3";"13,0";"90,0";"94,0";"84,0";"11,6";"12,0";"11,1";"924,8";"924,9";"924,7";"0,7";"170,0";"2,0";"";"0,4"
"23/05/2026";"2100";"12,4";"13,0";"12,2";"95,0";"96,0";"93,0";"11,4";"12,0";"11,1";"924,9";"925,0";"924,9";"1,8";"132,0";"4,0";"";"0,6"
"23/05/2026";"2200";"12,1";"12,2";"12,0";"94,0";"96,0";"93,0";"11,0";"11,3";"10,6";"925,0";"925,0";"924,9";"2,4";"127,0";"4,8";"";"0,2"
"23/05/2026";"2300";"11,8";"12,1";"11,7";"94,0";"95,0";"93,0";"10,6";"10,8";"10,2";"925,1";"925,2";"925,0";"3,2";"105,0";"6,1";"";"0,0"
"24/05/2026";"0000";"11,3";"11,7";"11,1";"93,0";"94,0";"92,0";"9,9";"10,4";"9,6";"925,2";"925,4";"925,1";"2,7";"106,0";"5,4";"";"0,0"
"24/05/2026";"0100";"11,0";"11,1";"10,9";"94,0";"96,0";"93,0";"9,9";"10,0";"9,6";"925,5";"925,6";"925,3";"2,5";"99,0";"4,3";"";"0,0"
"24/05/2026";"0200";"10,8";"11,0";"10,4";"94,0";"95,0";"93,0";"9,6";"9,8";"9,5";"925,1";"925,3";"925,0";"2,8";"99,0";"5,3";"";"0,0"
"24/05/2026";"0300";"10,4";"10,5";"10,3";"96,0";"97,0";"95,0";"9,6";"9,7";"9,5";"924,8";"925,0";"924,7";"3,4";"98,0";"5,9";"";"0,0"
"24/05/2026";"0400";"10,2";"10,5";"9,8";"97,0";"98,0";"96,0";"9,6";"9,7";"9,4";"924,5";"924,7";"924,4";"2,4";"98,0";"4,6";"";"0,0"
"24/05/2026";"0500";"9,8";"10,1";"9,7";"98,0";"99,0";"97,0";"9,5";"9,6";"9,4";"924,4";"924,4";"924,3";"3,2";"107,0";"5,6";"";"0,0"
"24/05/2026";"0600";"10,1";"10,2";"10,1";"98,0";"99,0";"97,0";"9,7";"9,9";"9,5";"924,2";"924,3";"924,1";"3,4";"103,0";"6,0";"";"0,0"
"24/05/2026";"0700";"10,1";"10,1";"10,1";"99,0";"99,0";"99,0";"9,9";"9,9";"9,8";"924,0";"924,1";"923,9";"3,1";"100,0";"5,6";"";"0,0"
"24/05/2026";"0800";"10,0";"10,1";"10,0";"99,0";"99,0";"99,0";"9,8";"9,9";"9,8";"923,8";"923,9";"923,7";"2,0";"95,0";"4,5";"";"0,0"
"24/05/2026";"0900";"10,0";"10,0";"9,9";"100,0";"100,0";"99,0";"9,9";"10,0";"9,8";"923,7";"924,0";"923,6";"2,3";"94,0";"4,5";"";"0,0"
"24/05/2026";"1000";"9,8";"9,9";"9,7";"100,0";"100,0";"100,0";"9,8";"9,9";"9,7";"924,2";"924,4";"924,0";"2,5";"102,0";"4,1";"";"0,0"
"24/05/2026";"1100";"9,8";"9,8";"9,7";"100,0";"100,0";"100,0";"9,7";"9,8";"9,7";"924,6";"924,8";"924,4";"2,3";"101,0";"4,5";"";"0,0"
"24/05/2026";"1200";"10,1";"10,5";"9,8";"100,0";"100,0";"100,0";"10,0";"10,5";"9,8";"925,0";"925,1";"924,8";"2,3";"94,0";"4,6";"";"0,0"
"24/05/2026";"1300";"10,9";"11,7";"10,4";"99,0";"100,0";"94,0";"10,7";"11,1";"10,3";"925,2";"925,3";"925,0";"3,0";"98,0";"6,1";"";"0,0"
"24/05/2026";"1400";"13,3";"14,8";"11,7";"89,0";"94,0";"81,0";"11,0";"12,3";"10,5";"925,2";"925,3";"925,1";"1,3";"96,0";"4,4";"";"0,0"
"24/05/2026";"1500";"14,5";"15,2";"13,6";"84,0";"90,0";"78,0";"11,2";"12,0";"10,4";"925,0";"925,0";"924,7";"1,5";"103,0";"3,8";"";"0,0"
"24/05/2026";"1600";"16,4";"17,9";"14,9";"73,0";"83,0";"67,0";"11,1";"12,1";"10,2";"924,3";"924,7";"923,8";"1,3";"111,0";"5,3";"";"0,0"
"24/05/2026";"1700";"18,0";"18,5";"17,5";"64,0";"70,0";"56,0";"10,7";"11,7";"9,6";"923,5";"923,8";"923,3";"2,2";"90,0";"6,1";"";"0,0"
"24/05/2026";"1800";"18,9";"19,8";"18,3";"58,0";"63,0";"53,0";"10,5";"11,4";"10,1";"923,0";"923,2";"922,9";"1,9";"140,0";"4,4";"";"0,0"
"24/05/2026";"1900";"17,2";"19,3";"16,0";"67,0";"73,0";"57,0";"10,5";"11,1";"10,0";"923,0";"923,1";"922,9";"1,5";"137,0";"3,9";"";"0,0"
"24/05/2026";"2000";"15,5";"15,9";"14,7";"73,0";"80,0";"70,0";"10,1";"10,8";"9,7";"922,9";"923,0";"922,8";"2,1";"105,0";"4,3";"";"0,0"
"24/05/2026";"2100";"13,9";"14,8";"12,9";"81,0";"86,0";"76,0";"10,0";"10,5";"9,8";"923,1";"923,3";"923,0";"3,0";"106,0";"5,1";"";"0,0"
"24/05/2026";"2200";"12,4";"13,1";"11,7";"87,0";"89,0";"84,0";"9,7";"10,0";"9,5";"923,4";"923,7";"923,2";"3,3";"104,0";"5,6";"";"0,0"
"24/05/2026";"2300";"11,1";"11,6";"10,7";"92,0";"93,0";"89,0";"9,4";"9,5";"9,3";"923,8";"924,0";"923,6";"4,0";"108,0";"6,8";"";"0,0"
"25/05/2026";"0000";"11,0";"11,1";"10,7";"92,0";"93,0";"92,0";"9,5";"9,6";"9,3";"924,1";"924,1";"924,0";"3,8";"100,0";"6,6";"";"0,2"
"25/05/2026";"0100";"10,2";"10,6";"9,8";"95,0";"96,0";"94,0";"9,2";"9,4";"8,9";"924,0";"924,1";"923,9";"3,8";"102,0";"6,1";"";"0,0"
"25/05/2026";"0200";"9,7";"9,8";"9,6";"97,0";"97,0";"96,0";"9,0";"9,1";"8,9";"924,1";"924,3";"923,9";"3,1";"97,0";"5,3";"";"0,0"
"25/05/2026";"0300";"9,6";"9,8";"9,5";"97,0";"98,0";"97,0";"9,1";"9,2";"9,0";"924,1";"924,2";"923,9";"3,6";"94,0";"6,0";"";"0,0"
"25/05/2026";"0400";"9,7";"9,9";"9,7";"97,0";"98,0";"97,0";"9,2";"9,4";"9,1";"924,0";"924,1";"923,8";"2,9";"88,0";"5,8";"";"0,0"
"25/05/2026";"0500";"10,0";"10,1";"9,9";"97,0";"98,0";"96,0";"9,3";"9,4";"9,1";"923,8";"923,9";"923,5";"2,6";"91,0";"4,9";"";"0,0"
"25/05/2026";"0600";"9,6";"9,9";"9,4";"97,0";"98,0";"96,0";"9,0";"9,1";"8,8";"923,5";"923,6";"923,2";"3,1";"97,0";"5,1";"";"0,0"
"25/05/2026";"0700";"9,4";"9,5";"9,3";"98,0";"98,0";"98,0";"9,0";"9,1";"8,9";"923,2";"923,3";"923,1";"2,4";"94,0";"4,3";"";"0,0"
"25/05/2026";"0800";"9,5";"9,6";"9,3";"98,0";"99,0";"97,0";"9,1";"9,2";"9,0";"923,1";"923,4";"922,9";"2,5";"91,0";"4,8";"";"0,0"
"25/05/2026";"0900";"9,5";"9,6";"9,4";"97,0";"98,0";"97,0";"9,0";"9,1";"8,9";"923,0";"923,3";"922,8";"2,7";"96,0";"4,4";"";"0,0"
"25/05/2026";"1000";"9,8";"10,1";"9,4";"97,0";"98,0";"96,0";"9,1";"9,3";"9,0";"923,6";"924,0";"923,2";"2,5";"93,0";"4,8";"";"0,0"
"25/05/2026";"1100";"10,3";"10,5";"10,1";"96,0";"96,0";"95,0";"9,4";"9,6";"9,2";"924,5";"924,8";"924,1";"2,3";"92,0";"5,0";"";"0,0"
"25/05/2026";"1200";"10,9";"11,5";"10,5";"95,0";"96,0";"93,0";"9,9";"10,3";"9,6";"924,8";"924,9";"924,7";"2,9";"96,0";"5,3";"";"0,0"
"25/05/2026";"1300";"12,6";"13,1";"11,6";"91,0";"94,0";"88,0";"10,8";"11,2";"10,2";"925,2";"925,6";"924,7";"1,2";"87,0";"3,2";"";"0,0"
"25/05/2026";"1400";"14,0";"15,7";"12,9";"87,0";"91,0";"81,0";"11,4";"12,2";"10,7";"925,2";"925,6";"924,8";"1,0";"90,0";"3,1";"";"0,0"
"25/05/2026";"1500";"16,4";"17,0";"15,7";"80,0";"83,0";"75,0";"12,3";"12,9";"11,8";"924,9";"925,1";"924,6";"1,0";"142,0";"2,9";"";"0,0"
"25/05/2026";"1600";"16,4";"16,9";"16,2";"80,0";"83,0";"77,0";"12,4";"13,0";"12,1";"924,5";"924,7";"924,2";"1,3";"143,0";"3,5";"";"0,0"
"25/05/2026";"1700";"15,7";"16,3";"15,5";"84,0";"91,0";"80,0";"12,5";"13,7";"12,0";"924,1";"924,4";"923,8";"0,5";"203,0";"1,0";"";"0,0"
"25/05/2026";"1800";"15,1";"15,4";"14,5";"91,0";"97,0";"85,0";"13,2";"13,8";"12,5";"924,1";"924,4";"923,8";"1,7";"311,0";"2,8";"";"0,6"
"25/05/2026";"1900";"14,3";"14,4";"14,2";"98,0";"99,0";"96,0";"13,9";"14,1";"13,7";"923,6";"924,3";"922,9";"1,3";"86,0";"3,6";"";"0,8"
"25/05/2026";"2000";"14,2";"14,4";"14,1";"99,0";"100,0";"99,0";"14,0";"14,1";"13,9";"922,5";"923,0";"922,1";"1,1";"94,0";"3,9";"";"0,0"
"25/05/2026";"2100";"14,0";"14,1";"13,8";"100,0";"100,0";"99,0";"13,9";"14,1";"13,7";"922,7";"923,2";"922,2";"0,5";"152,0";"1,8";"";"0,0"
"25/05/2026";"2200";"14,0";"14,0";"13,9";"100,0";"100,0";"100,0";"13,9";"14,0";"13,9";"923,7";"923,9";"923,3";"0,7";"129,0";"1,8";"";"0,0"
"25/05/2026";"2300";"13,8";"14,0";"13,7";"100,0";"100,0";"100,0";"13,8";"13,9";"13,7";"923,8";"923,9";"923,6";"1,3";"91,0";"4,6";"";"0,0"
"26/05/2026";"0000";"13,7";"13,8";"13,7";"100,0";"100,0";"99,0";"13,7";"13,7";"13,5";"924,1";"924,4";"923,6";"0,8";"124,0";"2,9";"";"0,2"
"26/05/2026";"0100";"13,8";"14,0";"13,7";"99,0";"99,0";"99,0";"13,6";"13,8";"13,5";"923,2";"924,0";"922,3";"1,6";"148,0";"3,4";"";"0,6"
"26/05/2026";"0200";"13,9";"14,0";"13,7";"99,0";"100,0";"98,0";"13,7";"13,8";"13,6";"922,8";"923,7";"922,3";"0,9";"157,0";"1,5";"";"0,2"
"26/05/2026";"0300";"13,9";"13,9";"13,8";"100,0";"100,0";"99,0";"13,8";"13,8";"13,6";"924,1";"924,4";"923,7";"1,2";"296,0";"2,5";"";"0,0"
"26/05/2026";"0400";"13,7";"13,9";"13,6";"99,0";"99,0";"98,0";"13,4";"13,6";"13,3";"923,6";"924,0";"923,0";"1,9";"97,0";"3,4";"";"0,0"
"26/05/2026";"0500";"13,3";"13,6";"13,0";"100,0";"100,0";"99,0";"13,2";"13,5";"12,9";"922,4";"923,0";"922,1";"1,5";"117,0";"3,6";"";"0,0"
"26/05/2026";"0600";"12,7";"13,1";"12,4";"100,0";"100,0";"99,0";"12,6";"13,0";"12,3";"921,9";"922,2";"921,6";"2,0";"109,0";"3,4";"";"0,0"
"26/05/2026";"0700";"12,8";"13,3";"12,2";"100,0";"100,0";"100,0";"12,8";"13,2";"12,2";"921,8";"922,1";"921,6";"0,8";"141,0";"3,4";"";"0,0"
"26/05/2026";"0800";"13,2";"13,3";"13,1";"99,0";"100,0";"99,0";"13,0";"13,2";"12,9";"921,8";"922,6";"921,4";"1,4";"159,0";"3,5";"";"0,4"
"26/05/2026";"0900";"13,3";"13,4";"13,2";"99,0";"100,0";"99,0";"13,1";"13,3";"12,9";"922,1";"922,6";"921,7";"1,5";"126,0";"2,4";"";"2,4"
"26/05/2026";"1000";"13,2";"13,3";"13,1";"100,0";"100,0";"99,0";"13,1";"13,3";"13,0";"922,4";"923,3";"922,0";"1,3";"263,0";"3,2";"";"2,2"
"26/05/2026";"1100";"13,3";"13,4";"13,1";"100,0";"100,0";"100,0";"13,3";"13,4";"13,1";"922,7";"923,4";"922,2";"2,0";"229,0";"5,6";"";"1,6"
"26/05/2026";"1200";"13,6";"14,0";"13,4";"100,0";"100,0";"100,0";"13,6";"13,9";"13,4";"922,6";"922,8";"922,4";"1,2";"209,0";"3,1";"";"0,0"
"26/05/2026";"1300";"13,9";"14,2";"13,7";"100,0";"100,0";"100,0";"13,9";"14,2";"13,7";"923,1";"923,3";"922,7";"1,6";"242,0";"3,5";"";"0,4"
"26/05/2026";"1400";"14,2";"14,3";"14,1";"100,0";"100,0";"99,0";"14,2";"14,3";"14,1";"923,3";"923,5";"923,1";"1,3";"228,0";"3,5";"";"0,2"
"26/05/2026";"1500";"15,2";"16,0";"14,3";"97,0";"99,0";"92,0";"14,5";"15,1";"14,2";"923,0";"923,2";"922,7";"1,5";"290,0";"3,6";"";"0,0"
"26/05/2026";"1600";"16,4";"16,8";"15,8";"92,0";"95,0";"89,0";"14,8";"15,2";"14,1";"922,4";"922,7";"922,2";"1,0";"181,0";"2,4";"";"0,0"
"26/05/2026";"1700";"16,4";"16,8";"16,0";"94,0";"96,0";"90,0";"15,1";"15,6";"14,6";"921,8";"922,2";"921,4";"2,4";"315,0";"4,5";"";"0,0"
"26/05/2026";"1800";"15,8";"16,0";"15,7";"97,0";"98,0";"96,0";"15,2";"15,5";"15,0";"921,0";"921,4";"920,8";"1,9";"296,0";"3,5";"";"0,8"
"26/05/2026";"1900";"15,9";"16,2";"15,6";"99,0";"100,0";"98,0";"15,8";"16,1";"15,4";"920,8";"920,9";"920,6";"2,8";"297,0";"5,3";"";"0,2"
"26/05/2026";"2000";"15,7";"16,0";"15,4";"99,0";"99,0";"98,0";"15,4";"15,8";"15,2";"921,0";"921,3";"920,8";"2,1";"283,0";"4,8";"";"2,4"
"26/05/2026";"2100";"15,2";"15,4";"15,0";"99,0";"99,0";"99,0";"15,0";"15,3";"14,7";"921,5";"921,8";"921,2";"2,2";"247,0";"5,3";"";"0,4"
"26/05/2026";"2200";"14,4";"15,0";"14,0";"99,0";"99,0";"98,0";"14,2";"14,7";"13,8";"922,1";"922,4";"921,8";"2,0";"236,0";"4,8";"";"0,2"
"26/05/2026";"2300";"13,9";"14,0";"13,7";"99,0";"99,0";"98,0";"13,6";"13,8";"13,5";"922,6";"922,8";"922,4";"1,8";"253,0";"4,7";"";"0,0"
"27/05/2026";"0000";"13,7";"13,8";"13,6";"99,0";"99,0";"99,0";"13,5";"13,6";"13,4";"923,0";"923,4";"922,8";"2,0";"225,0";"4,2";"";"0,0"
"27/05/2026";"0100";"13,0";"13,5";"12,7";"98,0";"99,0";"98,0";"12,7";"13,3";"12,4";"923,7";"923,9";"923,4";"2,3";"190,0";"4,9";"";"0,0"
"27/05/2026";"0200";"12,6";"12,7";"12,5";"99,0";"99,0";"98,0";"12,3";"12,5";"12,3";"924,1";"924,3";"923,8";"1,2";"206,0";"3,3";"";"0,0"
"27/05/2026";"0300";"12,4";"12,5";"12,3";"99,0";"99,0";"99,0";"12,2";"12,3";"12,1";"924,1";"924,2";"924,1";"1,0";"222,0";"2,2";"";"0,0"
"27/05/2026";"0400";"12,1";"12,4";"11,9";"99,0";"100,0";"99,0";"11,9";"12,2";"11,7";"923,8";"924,1";"923,7";"1,2";"178,0";"3,5";"";"0,0"
"27/05/2026";"0500";"11,7";"12,0";"11,5";"98,0";"99,0";"98,0";"11,4";"11,8";"11,3";"923,7";"923,8";"923,6";"1,6";"228,0";"3,4";"";"0,2"
"27/05/2026";"0600";"11,3";"11,5";"11,2";"100,0";"100,0";"99,0";"11,2";"11,5";"11,1";"923,5";"923,6";"923,4";"1,2";"211,0";"2,4";"";"0,0"
"27/05/2026";"0700";"11,6";"11,6";"11,5";"100,0";"100,0";"100,0";"11,5";"11,6";"11,5";"923,3";"923,4";"923,2";"0,5";"253,0";"2,1";"";"0,0"
"27/05/2026";"0800";"11,7";"11,7";"11,6";"99,0";"100,0";"99,0";"11,6";"11,7";"11,5";"923,4";"923,5";"923,3";"1,0";"209,0";"2,4";"";"0,0"
"27/05/2026";"0900";"11,4";"11,7";"11,0";"99,0";"99,0";"98,0";"11,1";"11,5";"10,6";"923,6";"923,8";"923,5";"1,3";"188,0";"2,9";"";"0,0"
"27/05/2026";"1000";"11,2";"11,3";"10,9";"98,0";"99,0";"96,0";"10,8";"11,1";"10,2";"924,1";"924,3";"923,8";"1,3";"175,0";"3,2";"";"0,0"
"27/05/2026";"1100";"10,7";"10,9";"10,5";"98,0";"99,0";"96,0";"10,2";"10,6";"10,0";"924,6";"924,9";"924,3";"1,2";"195,0";"2,8";"";"0,0"
"27/05/2026";"1200";"11,4";"11,9";"10,9";"96,0";"98,0";"93,0";"10,7";"11,0";"10,4";"925,2";"925,5";"925,0";"2,1";"178,0";"5,3";"";"0,0"
"27/05/2026";"1300";"12,4";"13,2";"11,6";"88,0";"94,0";"81,0";"9,9";"10,5";"9,0";"925,6";"925,8";"925,5";"1,3";"188,0";"3,9";"";"0,0"
"27/05/2026";"1400";"13,6";"15,0";"13,0";"82,0";"87,0";"76,0";"10,0";"10,8";"9,4";"926,1";"926,2";"925,8";"1,9";"177,0";"5,1";"";"0,0"
"27/05/2026";"1500";"14,3";"15,4";"13,6";"74,0";"84,0";"63,0";"9,1";"10,7";"7,8";"926,1";"926,2";"926,1";"2,4";"183,0";"5,0";"";"0,0"
"27/05/2026";"1600";"15,2";"16,2";"14,4";"66,0";"70,0";"60,0";"8,3";"9,3";"7,7";"925,7";"926,1";"925,3";"1,9";"118,0";"5,2";"";"0,0"
"27/05/2026";"1700";"15,7";"16,3";"15,2";"64,0";"69,0";"58,0";"8,5";"9,4";"7,3";"925,0";"925,3";"924,8";"1,6";"159,0";"4,8";"";"0,0"
"27/05/2026";"1800";"16,0";"17,1";"14,9";"62,0";"69,0";"57,0";"8,4";"9,9";"7,8";"924,6";"924,7";"924,6";"2,0";"199,0";"3,6";"";"0,0"
"27/05/2026";"1900";"15,7";"16,6";"14,6";"64,0";"73,0";"59,0";"8,6";"9,3";"7,9";"924,7";"924,8";"924,6";"1,6";"184,0";"3,8";"";"0,0"
"27/05/2026";"2000";"15,1";"15,9";"14,7";"66,0";"69,0";"63,0";"8,2";"8,7";"7,9";"924,7";"924,8";"924,6";"1,2";"143,0";"2,8";"";"0,0"
"27/05/2026";"2100";"13,2";"14,6";"12,0";"75,0";"81,0";"68,0";"8,1";"8,6";"7,8";"924,6";"924,7";"924,4";"1,0";"153,0";"3,3";"";"0,0"
"27/05/2026";"2200";"11,5";"12,0";"11,1";"85,0";"87,0";"81,0";"8,5";"8,7";"8,1";"924,7";"924,9";"924,5";"0,8";"169,0";"2,6";"";"0,0"
"27/05/2026";"2300";"10,5";"11,0";"9,9";"90,0";"93,0";"87,0";"8,5";"8,7";"8,3";"925,1";"925,2";"925,0";"1,0";"149,0";"3,1";"";"0,0"
"28/05/2026";"0000";"9,4";"9,8";"8,9";"95,0";"96,0";"93,0";"8,3";"8,5";"8,0";"925,4";"925,5";"925,2";"1,4";"117,0";"2,8";"";"0,0"
"28/05/2026";"0100";"9,3";"9,6";"8,7";"95,0";"97,0";"93,0";"8,3";"8,6";"8,0";"925,5";"925,6";"925,3";"3,8";"102,0";"6,1";"";"0,0"
"28/05/2026";"0200";"9,1";"9,4";"8,8";"96,0";"97,0";"95,0";"8,3";"8,4";"8,1";"925,3";"925,4";"925,2";"3,3";"94,0";"6,0";"";"0,0"
"28/05/2026";"0300";"8,5";"8,8";"8,2";"98,0";"99,0";"97,0";"8,0";"8,2";"7,9";"925,3";"925,4";"925,1";"2,7";"95,0";"4,7";"";"0,0"
"28/05/2026";"0400";"8,0";"8,2";"7,9";"99,0";"99,0";"99,0";"7,8";"7,9";"7,7";"924,9";"925,1";"924,7";"2,8";"95,0";"5,0";"";"0,0"
"28/05/2026";"0500";"8,2";"8,6";"7,9";"98,0";"99,0";"97,0";"7,9";"8,0";"7,7";"924,5";"924,7";"924,2";"3,3";"87,0";"6,5";"";"0,0"
"28/05/2026";"0600";"8,4";"8,5";"8,1";"97,0";"98,0";"97,0";"7,9";"8,0";"7,6";"924,2";"924,3";"924,1";"0,9";"78,0";"3,9";"";"0,0"
"28/05/2026";"0700";"7,9";"8,1";"7,6";"99,0";"100,0";"98,0";"7,7";"7,8";"7,5";"924,0";"924,2";"923,9";"0,7";"100,0";"2,2";"";"0,0"
"28/05/2026";"0800";"7,6";"8,0";"7,3";"100,0";"100,0";"99,0";"7,6";"7,9";"7,2";"923,9";"924,2";"923,6";"2,7";"92,0";"5,2";"";"0,2"
"28/05/2026";"0900";"7,8";"8,0";"7,5";"99,0";"100,0";"98,0";"7,6";"7,9";"7,3";"923,7";"923,8";"923,6";"2,8";"101,0";"4,9";"";"0,0"
"28/05/2026";"1000";"7,7";"7,8";"7,5";"99,0";"100,0";"98,0";"7,5";"7,6";"7,2";"924,0";"924,3";"923,8";"2,5";"98,0";"4,5";"";"0,0"
"28/05/2026";"1100";"7,8";"8,0";"7,6";"98,0";"98,0";"97,0";"7,3";"7,5";"7,2";"924,5";"924,8";"924,2";"2,1";"101,0";"3,5";"";"0,0"
"28/05/2026";"1200";"8,7";"9,3";"8,0";"96,0";"97,0";"95,0";"8,0";"8,4";"7,5";"925,0";"925,1";"924,7";"0,7";"138,0";"3,0";"";"0,0"
"28/05/2026";"1300";"9,9";"10,4";"9,4";"93,0";"96,0";"90,0";"8,4";"8,9";"8,1";"925,3";"925,6";"925,1";"1,4";"136,0";"5,6";"";"0,0"
"28/05/2026";"1400";"10,7";"11,7";"10,2";"91,0";"94,0";"87,0";"8,9";"9,8";"8,4";"925,7";"925,8";"925,5";"1,4";"206,0";"4,0";"";"0,0"
"28/05/2026";"1500";"13,0";"14,0";"11,8";"82,0";"89,0";"77,0";"9,5";"10,4";"8,8";"925,3";"925,5";"925,1";"1,4";"146,0";"5,0";"";"0,0"
"28/05/2026";"1600";"15,2";"16,2";"14,0";"74,0";"81,0";"68,0";"10,1";"10,8";"9,4";"924,8";"925,1";"924,4";"1,5";"146,0";"3,8";"";"0,0"
"28/05/2026";"1700";"16,7";"17,3";"16,0";"68,0";"74,0";"64,0";"10,4";"11,6";"9,5";"924,0";"924,4";"923,6";"1,1";"175,0";"2,8";"";"0,0"
"28/05/2026";"1800";"18,1";"18,9";"17,3";"62,0";"70,0";"56,0";"10,6";"11,5";"10,0";"923,4";"923,7";"923,3";"1,1";"191,0";"3,0";"";"0,0"
"28/05/2026";"1900";"18,4";"18,9";"17,7";"59,0";"65,0";"56,0";"10,2";"11,4";"9,6";"923,2";"923,3";"923,2";"1,6";"104,0";"2,8";"";"0,0"
"28/05/2026";"2000";"18,0";"18,3";"17,4";"60,0";"64,0";"57,0";"10,0";"10,7";"9,4";"923,2";"923,3";"923,1";"0,7";"142,0";"1,2";"";"0,0"
"28/05/2026";"2100";"14,4";"17,2";"13,2";"75,0";"80,0";"64,0";"9,4";"10,0";"8,5";"923,3";"923,4";"923,2";"0,9";"141,0";"1,9";"";"0,0"
"28/05/2026";"2200";"12,7";"13,1";"12,3";"77,0";"78,0";"75,0";"8,1";"8,7";"7,7";"923,4";"923,5";"923,2";"1,3";"128,0";"2,2";"";"0,0"
"28/05/2026";"2300";"11,8";"12,4";"11,2";"78,0";"82,0";"75,0";"7,4";"7,8";"7,2";"923,7";"923,9";"923,5";"0,9";"134,0";"2,8";"";"0,0"
"29/05/2026";"0000";"10,6";"11,6";"9,9";"86,0";"95,0";"80,0";"7,9";"8,8";"7,4";"924,1";"924,3";"923,9";"1,3";"124,0";"2,2";"";"0,0"
"29/05/2026";"0100";"10,2";"10,7";"9,7";"96,0";"97,0";"95,0";"9,4";"9,8";"9,0";"924,3";"924,4";"924,3";"2,6";"132,0";"4,0";"";"0,0"
"29/05/2026";"0200";"9,4";"9,7";"9,3";"99,0";"100,0";"97,0";"9,3";"9,7";"9,0";"924,5";"924,8";"924,4";"3,2";"117,0";"5,3";"";"0,0"
"29/05/2026";"0300";"9,7";"9,8";"9,6";"100,0";"100,0";"100,0";"9,7";"9,8";"9,6";"924,6";"924,8";"924,5";"3,4";"102,0";"6,5";"";"0,0"
"29/05/2026";"0400";"9,8";"9,8";"9,7";"100,0";"100,0";"100,0";"9,7";"9,8";"9,7";"924,6";"924,6";"924,5";"2,0";"91,0";"4,4";"";"0,0"
"29/05/2026";"0500";"9,7";"9,8";"9,5";"100,0";"100,0";"100,0";"9,6";"9,8";"9,5";"924,6";"924,6";"924,4";"3,1";"100,0";"5,4";"";"0,0"
"29/05/2026";"0600";"9,4";"9,5";"9,1";"100,0";"100,0";"100,0";"9,3";"9,5";"9,1";"924,4";"924,6";"924,2";"2,8";"100,0";"4,1";"";"0,0"
"29/05/2026";"0700";"9,2";"9,3";"9,0";"100,0";"100,0";"100,0";"9,2";"9,3";"9,0";"924,2";"924,3";"924,1";"2,6";"104,0";"4,1";"";"0,0"
"29/05/2026";"0800";"8,7";"9,0";"8,5";"100,0";"100,0";"100,0";"8,7";"9,0";"8,5";"923,9";"924,1";"923,8";"2,1";"101,0";"4,2";"";"0,0"
"29/05/2026";"0900";"8,4";"8,5";"8,2";"100,0";"100,0";"100,0";"8,4";"8,5";"8,1";"924,1";"924,2";"923,9";"2,3";"97,0";"4,2";"";"0,0"
"29/05/2026";"1000";"8,2";"8,3";"8,0";"100,0";"100,0";"100,0";"8,1";"8,3";"8,0";"924,5";"924,8";"924,2";"1,5";"82,0";"3,3";"";"0,0"
"29/05/2026";"1100";"8,7";"9,0";"8,4";"100,0";"100,0";"100,0";"8,7";"9,0";"8,3";"925,1";"925,4";"924,9";"1,5";"80,0";"3,9";"";"0,0"
"29/05/2026";"1200";"9,2";"9,6";"8,9";"100,0";"100,0";"100,0";"9,2";"9,6";"8,9";"925,5";"925,6";"925,3";"1,3";"78,0";"4,7";"";"0,0"
"29/05/2026";"1300";"9,9";"10,4";"9,6";"100,0";"100,0";"100,0";"9,9";"10,4";"9,5";"925,8";"926,0";"925,5";"1,5";"81,0";"4,1";"";"0,0"
"29/05/2026";"1400";"10,7";"11,1";"10,3";"100,0";"100,0";"100,0";"10,7";"11,1";"10,3";"925,8";"925,9";"925,7";"1,6";"83,0";"3,9";"";"0,0"
"29/05/2026";"1500";"11,7";"12,4";"11,0";"99,0";"100,0";"95,0";"11,5";"12,0";"11,0";"925,4";"925,7";"924,8";"2,6";"91,0";"5,1";"";"0,0"
"29/05/2026";"1600";"13,1";"13,8";"12,4";"91,0";"96,0";"87,0";"11,3";"11,9";"10,9";"924,7";"925,0";"924,3";"2,4";"91,0";"4,7";"";"0,0"
"29/05/2026";"1700";"14,4";"15,7";"13,8";"84,0";"89,0";"77,0";"11,3";"12,1";"10,9";"924,3";"924,7";"924,0";"2,8";"99,0";"5,9";"";"0,2"
"29/05/2026";"1800";"16,2";"16,7";"15,6";"76,0";"80,0";"73,0";"11,5";"12,2";"10,9";"923,7";"924,0";"923,3";"2,4";"95,0";"4,9";"";"0,0"
"29/05/2026";"1900";"16,4";"16,8";"15,9";"75,0";"79,0";"72,0";"11,5";"12,0";"11,1";"923,3";"923,5";"923,0";"1,9";"91,0";"3,7";"";"0,0"
"29/05/2026";"2000";"15,4";"15,9";"14,7";"83,0";"87,0";"79,0";"11,9";"12,4";"11,5";"923,2";"923,4";"923,0";"0,6";"129,0";"1,7";"";"0,0"
"29/05/2026";"2100";"13,6";"14,6";"12,9";"91,0";"95,0";"87,0";"11,8";"12,1";"11,4";"923,5";"923,6";"923,4";"1,4";"94,0";"2,3";"";"0,0"
"29/05/2026";"2200";"13,5";"13,7";"13,0";"89,0";"94,0";"83,0";"11,2";"11,9";"10,2";"923,6";"923,8";"923,5";"2,5";"105,0";"4,1";"";"0,0"
"29/05/2026";"2300";"13,1";"13,5";"12,8";"86,0";"87,0";"83,0";"10,2";"10,4";"10,0";"924,2";"924,5";"923,8";"2,8";"97,0";"4,8";"";"0,0"
"30/05/2026";"0000";"12,6";"12,8";"12,4";"88,0";"89,0";"87,0";"10,2";"10,3";"10,2";"924,5";"924,6";"924,3";"2,5";"96,0";"4,3";"";"0,0"
"30/05/2026";"0100";"12,3";"12,4";"12,3";"90,0";"90,0";"89,0";"10,3";"10,5";"10,2";"924,6";"924,7";"924,5";"2,4";"97,0";"3,9";"";"0,0"
"30/05/2026";"0200";"12,1";"12,4";"11,9";"93,0";"96,0";"90,0";"10,8";"11,1";"10,4";"924,8";"925,1";"924,6";"2,0";"91,0";"3,4";"";"0,2"
"30/05/2026";"0300";"11,7";"11,9";"11,6";"98,0";"99,0";"96,0";"11,3";"11,4";"11,1";"925,3";"925,4";"925,0";"2,2";"90,0";"4,0";"";"1,6"
"30/05/2026";"0400";"11,6";"11,6";"11,5";"99,0";"100,0";"99,0";"11,4";"11,5";"11,4";"925,5";"925,6";"925,4";"2,0";"90,0";"3,8";"";"1,6"
"30/05/2026";"0500";"11,4";"11,5";"11,4";"100,0";"100,0";"100,0";"11,4";"11,5";"11,3";"925,6";"925,7";"925,5";"1,1";"85,0";"3,1";"";"1,8"
"30/05/2026";"0600";"11,3";"11,4";"11,2";"100,0";"100,0";"100,0";"11,3";"11,4";"11,2";"925,3";"925,6";"924,6";"0,6";"125,0";"2,4";"";"2,0"
"30/05/2026";"0700";"11,1";"11,2";"11,1";"100,0";"100,0";"100,0";"11,1";"11,2";"11,1";"924,0";"924,6";"923,5";"1,3";"81,0";"4,1";"";"0,6"
"30/05/2026";"0800";"11,0";"11,1";"11,0";"100,0";"100,0";"100,0";"11,0";"11,1";"11,0";"924,1";"924,5";"923,7";"0,7";"145,0";"2,5";"";"0,0"
"30/05/2026";"0900";"10,9";"11,0";"10,7";"100,0";"100,0";"100,0";"10,9";"11,0";"10,7";"924,0";"924,2";"923,9";"0,8";"102,0";"1,7";"";"0,0"
"30/05/2026";"1000";"10,7";"10,8";"10,4";"99,0";"100,0";"99,0";"10,6";"10,8";"10,3";"924,3";"924,7";"924,1";"0,7";"117,0";"1,3";"";"0,0"
"30/05/2026";"1100";"10,6";"10,9";"10,4";"100,0";"100,0";"99,0";"10,6";"10,9";"10,3";"925,0";"925,3";"924,7";"0,7";"97,0";"1,8";"";"0,0"
"30/05/2026";"1200";"11,4";"11,7";"10,9";"100,0";"100,0";"99,0";"11,4";"11,7";"10,9";"925,4";"925,6";"925,3";"0,3";"118,0";"1,0";"";"0,0"
"30/05/2026";"1300";"12,3";"13,2";"11,5";"97,0";"99,0";"92,0";"11,6";"12,1";"11,3";"925,7";"925,8";"925,5";"1,0";"135,0";"2,9";"";"0,0"
"30/05/2026";"1400";"14,8";"15,8";"13,2";"86,0";"93,0";"79,0";"12,0";"12,9";"11,3";"925,7";"925,8";"925,6";"2,3";"309,0";"4,3";"";"0,0"
"30/05/2026";"1500";"16,0";"16,7";"15,3";"81,0";"86,0";"77,0";"12,3";"13,8";"11,3";"925,5";"925,6";"925,3";"1,7";"297,0";"3,5";"";"0,0"
"30/05/2026";"1600";"17,1";"17,9";"16,4";"78,0";"84,0";"71,0";"12,6";"13,5";"11,9";"924,9";"925,2";"924,6";"1,4";"286,0";"3,1";"";"0,0"
"30/05/2026";"1700";"17,7";"18,6";"17,1";"73,0";"78,0";"68,0";"12,2";"13,4";"11,3";"924,3";"924,6";"924,0";"1,0";"184,0";"2,0";"";"0,0"
"30/05/2026";"1800";"19,1";"19,7";"18,0";"65,0";"72,0";"62,0";"12,1";"13,1";"10,9";"923,9";"924,0";"923,8";"1,3";"251,0";"3,8";"";"0,0"
"30/05/2026";"1900";"19,2";"19,8";"18,6";"62,0";"68,0";"58,0";"11,6";"12,8";"10,6";"923,7";"923,9";"923,6";"1,2";"274,0";"2,1";"";"0,0"
"30/05/2026";"2000";"18,9";"19,6";"18,2";"65,0";"71,0";"58,0";"12,0";"12,8";"10,7";"923,7";"923,9";"923,6";"1,6";"293,0";"3,3";"";"0,0"
"30/05/2026";"2100";"16,6";"18,3";"14,7";"78,0";"88,0";"69,0";"12,2";"12,7";"11,9";"924,1";"924,2";"923,9";"0,8";"213,0";"1,2";"";"0,0"
"30/05/2026";"2200";"14,2";"14,6";"13,9";"91,0";"93,0";"89,0";"12,3";"12,5";"12,1";"924,2";"924,4";"924,1";"1,1";"179,0";"3,0";"";"0,0"
"30/05/2026";"2300";"13,6";"14,0";"13,1";"93,0";"95,0";"91,0";"12,1";"12,3";"11,9";"924,5";"924,6";"924,3";"1,0";"145,0";"2,0";"";"0,0"
"31/05/2026";"0000";"12,5";"13,1";"11,8";"96,0";"98,0";"94,0";"11,7";"12,0";"11,3";"924,5";"924,8";"924,4";"0,8";"283,0";"1,3";"";"0,0"
"31/05/2026";"0100";"12,8";"13,2";"12,1";"97,0";"99,0";"94,0";"12,1";"12,3";"11,9";"924,7";"924,7";"924,6";"0,8";"211,0";"1,5";"";"0,0"
"31/05/2026";"0200";"12,3";"12,8";"11,7";"97,0";"98,0";"96,0";"11,7";"12,0";"11,4";"924,5";"924,6";"924,4";"1,0";"132,0";"1,9";"";"0,0"
"31/05/2026";"0300";"11,1";"11,7";"10,7";"99,0";"100,0";"98,0";"10,9";"11,4";"10,6";"924,6";"924,7";"924,4";"0,9";"97,0";"1,7";"";"0,0"
"31/05/2026";"0400";"11,3";"11,6";"10,9";"100,0";"100,0";"100,0";"11,3";"11,5";"10,8";"924,3";"924,4";"924,2";"1,6";"99,0";"2,7";"";"0,0"
"31/05/2026";"0500";"10,6";"10,9";"10,3";"100,0";"100,0";"100,0";"10,6";"10,8";"10,3";"924,3";"924,4";"924,2";"1,8";"118,0";"2,7";"";"0,0"
"31/05/2026";"0600";"10,2";"10,3";"10,1";"100,0";"100,0";"100,0";"10,2";"10,3";"10,1";"924,0";"924,2";"923,8";"0,9";"85,0";"2,0";"";"0,0"
"31/05/2026";"0700";"10,5";"10,7";"10,3";"100,0";"100,0";"100,0";"10,5";"10,7";"10,3";"923,7";"923,8";"923,7";"0,6";"85,0";"2,0";"";"0,0"
"31/05/2026";"0800";"10,7";"10,8";"10,6";"100,0";"100,0";"100,0";"10,7";"10,7";"10,6";"923,7";"923,8";"923,5";"0,5";"130,0";"1,1";"";"0,0"
"31/05/2026";"0900";"10,6";"10,7";"10,5";"100,0";"100,0";"100,0";"10,5";"10,6";"10,4";"923,6";"923,8";"923,4";"0,8";"100,0";"1,6";"";"0,0"
"31/05/2026";"1000";"10,4";"10,4";"10,3";"100,0";"100,0";"100,0";"10,3";"10,4";"10,3";"924,1";"924,4";"923,7";"0,7";"104,0";"1,3";"";"0,0"
"31/05/2026";"1100";"10,6";"11,0";"10,4";"100,0";"100,0";"100,0";"10,6";"11,0";"10,3";"924,6";"925,0";"924,4";"0,4";"163,0";"1,4";"";"0,2"
"31/05/2026";"1200";"11,3";"11,5";"11,0";"100,0";"100,0";"100,0";"11,3";"11,5";"11,0";"925,2";"925,4";"925,0";"1,1";"263,0";"2,0";"";"0,0"
"31/05/2026";"1300";"12,0";"12,9";"11,5";"100,0";"100,0";"100,0";"12,0";"12,9";"11,5";"925,6";"925,7";"925,4";"1,1";"191,0";"2,1";"";"0,0"
"31/05/2026";"1400";"13,2";"13,6";"12,4";"99,0";"100,0";"97,0";"13,0";"13,4";"12,2";"925,6";"925,7";"925,4";"0,7";"207,0";"1,8";"";"0,0"
"31/05/2026";"1500";"14,2";"15,5";"13,5";"93,0";"98,0";"81,0";"12,8";"13,4";"11,7";"925,2";"925,3";"924,8";"0,9";"268,0";"2,2";"";"0,0"
"31/05/2026";"1600";"16,4";"17,1";"15,4";"78,0";"84,0";"72,0";"12,0";"12,9";"11,3";"924,5";"924,8";"924,2";"2,2";"307,0";"3,8";"";"0,0"
"31/05/2026";"1700";"17,2";"18,1";"16,2";"75,0";"83,0";"69,0";"12,2";"13,3";"11,5";"923,7";"924,2";"923,3";"2,2";"295,0";"5,5";"";"0,0"
"31/05/2026";"1800";"18,0";"18,4";"17,4";"70,0";"76,0";"66,0";"12,0";"13,3";"11,2";"923,1";"923,4";"923,0";"2,9";"314,0";"5,0";"";"0,0"
"31/05/2026";"1900";"18,0";"18,4";"17,4";"68,0";"74,0";"64,0";"11,7";"12,5";"11,0";"922,9";"923,0";"922,8";"1,9";"308,0";"5,0";"";"0,0"
"31/05/2026";"2000";"17,0";"17,7";"15,8";"74,0";"81,0";"69,0";"11,8";"12,3";"11,3";"923,0";"923,1";"922,9";"1,3";"307,0";"2,8";"";"0,0"
"31/05/2026";"2100";"14,4";"15,7";"13,8";"87,0";"91,0";"80,0";"11,9";"12,2";"11,6";"923,2";"923,3";"923,1";"0,8";"199,0";"1,6";"";"0,0"
"31/05/2026";"2200";"13,6";"14,1";"12,7";"90,0";"93,0";"86,0";"11,6";"12,0";"11,2";"923,4";"923,5";"923,3";"0,5";"270,0";"1,2";"";"0,0"
"31/05/2026";"2300";"13,1";"13,8";"12,4";"93,0";"95,0";"89,0";"11,6";"12,1";"11,2";"923,6";"923,7";"923,5";"1,4";"178,0";"2,5";"";"0,0"
"01/06/2026";"0000";"12,9";"13,7";"12,5";"96,0";"99,0";"92,0";"12,2";"12,4";"12,0";"923,9";"924,0";"923,7";"1,4";"174,0";"2,8";"";"0,0"
"01/06/2026";"0100";"12,3";"12,5";"12,0";"100,0";"100,0";"99,0";"12,2";"12,4";"11,8";"924,0";"924,0";"923,9";"1,1";"188,0";"2,2";"";"0,0"
"01/06/2026";"0200";"12,4";"12,4";"12,3";"100,0";"100,0";"100,0";"12,4";"12,4";"12,3";"924,0";"924,1";"923,9";"0,9";"124,0";"1,6";"";"0,0"
"01/06/2026";"0300";"12,3";"12,4";"12,2";"100,0";"100,0";"100,0";"12,3";"12,4";"12,1";"923,9";"924,0";"923,8";"0,6";"100,0";"1,4";"";"0,0"
"01/06/2026";"0400";"12,0";"12,2";"11,8";"100,0";"100,0";"100,0";"12,0";"12,2";"11,8";"923,8";"923,9";"923,7";"1,0";"96,0";"2,0";"";"0,0"
"01/06/2026";"0500";"11,8";"11,8";"11,7";"100,0";"100,0";"100,0";"11,7";"11,8";"11,7";"923,6";"923,7";"923,4";"0,7";"96,0";"1,4";"";"0,0"
"01/06/2026";"0600";"11,6";"11,7";"11,5";"100,0";"100,0";"100,0";"11,6";"11,7";"11,5";"923,4";"923,5";"923,3";"0,4";"177,0";"0,9";"";"0,0"
"01/06/2026";"0700";"10,7";"11,6";"9,7";"100,0";"100,0";"100,0";"10,6";"11,5";"9,7";"923,2";"923,3";"923,1";"0,3";"200,0";"0,6";"";"0,0"
"01/06/2026";"0800";"9,6";"10,3";"9,1";"100,0";"100,0";"100,0";"9,6";"10,2";"9,1";"923,2";"923,4";"923,1";"0,8";"271,0";"1,6";"";"0,0"
"01/06/2026";"0900";"";"";"";"";"";"";"";"";"";"";"";"";"";"";"";"";""
"01/06/2026";"1000";"10,0";"10,4";"9,6";"100,0";"100,0";"100,0";"10,0";"10,4";"9,6";"924,0";"924,2";"923,9";"0,7";"292,0";"2,0";"";"0,0"
"01/06/2026";"1100";"10,2";"10,4";"10,1";"100,0";"100,0";"100,0";"10,2";"10,4";"10,0";"924,5";"925,1";"924,2";"1,3";"227,0";"2,8";"";"0,0"
"01/06/2026";"1200";"10,4";"10,6";"10,3";"100,0";"100,0";"100,0";"10,4";"10,6";"10,3";"925,3";"925,5";"925,1";"1,2";"105,0";"1,8";"";"0,0"
"01/06/2026";"1300";"11,3";"11,8";"10,6";"99,0";"100,0";"96,0";"11,0";"11,4";"10,6";"925,6";"925,9";"925,4";"0,5";"127,0";"1,8";"";"0,0"
"01/06/2026";"1400";"12,9";"13,9";"11,7";"85,0";"94,0";"78,0";"10,0";"11,6";"9,0";"925,9";"926,0";"925,8";"0,7";"297,0";"1,4";"";"0,0"
"01/06/2026";"1500";"13,9";"14,9";"12,8";"78,0";"87,0";"73,0";"9,5";"11,4";"8,6";"925,8";"925,9";"925,6";"1,0";"274,0";"2,0";"";"0,0"
"01/06/2026";"1600";"14,7";"15,8";"13,9";"74,0";"77,0";"68,0";"9,4";"10,3";"8,5";"925,4";"925,7";"925,2";"1,2";"273,0";"2,2";"";"0,0"
"01/06/2026";"1700";"15,1";"16,5";"14,4";"69,0";"74,0";"63,0";"8,9";"10,1";"7,9";"924,9";"925,2";"924,6";"2,6";"317,0";"4,0";"";"0,0"
"01/06/2026";"1800";"16,3";"16,7";"15,8";"63,0";"70,0";"59,0";"8,8";"10,0";"8,2";"924,5";"924,6";"924,4";"1,1";"218,0";"2,9";"";"0,0"
"01/06/2026";"1900";"15,3";"16,1";"14,6";"67,0";"72,0";"63,0";"8,8";"9,5";"8,4";"924,4";"924,5";"924,3";"1,1";"284,0";"2,4";"";"0,0"
"01/06/2026";"2000";"15,6";"16,4";"14,7";"67,0";"72,0";"61,0";"9,1";"9,6";"8,4";"924,3";"924,5";"924,2";"1,1";"221,0";"2,1";"";"0,0"
"01/06/2026";"2100";"13,4";"15,1";"11,7";"78,0";"88,0";"70,0";"9,0";"9,3";"8,9";"924,6";"924,7";"924,5";"1,3";"205,0";"2,7";"";"0,0"
"01/06/2026";"2200";"11,5";"12,1";"11,1";"86,0";"87,0";"85,0";"8,6";"9,1";"8,3";"925,0";"925,2";"924,7";"1,7";"193,0";"4,0";"";"0,0"
"01/06/2026";"2300";"10,5";"11,1";"9,9";"92,0";"95,0";"87,0";"8,9";"9,0";"8,5";"925,4";"925,5";"925,3";"1,4";"148,0";"3,0";"";"0,0"
"02/06/2026";"0000";"9,4";"9,9";"8,9";"95,0";"97,0";"94,0";"8,5";"8,9";"8,1";"925,7";"925,9";"925,5";"2,3";"129,0";"3,8";"";"0,0"
"02/06/2026";"0100";"8,9";"9,2";"8,5";"99,0";"100,0";"97,0";"8,7";"9,0";"8,1";"926,1";"926,3";"926,0";"2,6";"122,0";"4,4";"";"0,0"
"02/06/2026";"0200";"9,5";"9,7";"9,3";"97,0";"99,0";"95,0";"8,9";"9,1";"8,7";"926,2";"926,3";"926,0";"2,4";"108,0";"4,3";"";"0,0"
"02/06/2026";"0300";"9,0";"9,4";"8,7";"98,0";"98,0";"96,0";"8,5";"8,8";"8,3";"926,0";"926,2";"925,9";"2,1";"108,0";"4,1";"";"0,0"
"02/06/2026";"0400";"8,4";"8,7";"8,2";"99,0";"99,0";"98,0";"8,2";"8,3";"8,0";"926,0";"926,2";"926,0";"1,3";"110,0";"2,4";"";"0,0"
"02/06/2026";"0500";"8,8";"9,5";"8,2";"98,0";"100,0";"95,0";"8,4";"8,8";"8,1";"926,2";"926,4";"926,1";"2,2";"122,0";"4,5";"";"0,0"
"02/06/2026";"0600";"9,5";"9,6";"9,4";"97,0";"98,0";"95,0";"8,9";"9,2";"8,5";"926,2";"926,3";"925,9";"2,0";"103,0";"3,8";"";"0,0"
"02/06/2026";"0700";"9,7";"9,7";"9,6";"98,0";"98,0";"98,0";"9,3";"9,4";"9,2";"926,0";"926,2";"925,9";"1,0";"83,0";"2,8";"";"0,0"
"02/06/2026";"0800";"9,6";"9,7";"9,2";"98,0";"98,0";"98,0";"9,2";"9,4";"8,9";"926,0";"926,2";"925,8";"0,9";"85,0";"3,1";"";"0,0"
"02/06/2026";"0900";"9,0";"9,2";"8,9";"99,0";"99,0";"98,0";"8,8";"8,9";"8,7";"925,8";"926,1";"925,7";"1,1";"78,0";"3,5";"";"0,0"
"02/06/2026";"1000";"8,9";"8,9";"8,9";"99,0";"99,0";"99,0";"8,8";"8,8";"8,7";"926,3";"926,6";"926,0";"1,6";"85,0";"3,4";"";"0,0"
"02/06/2026";"1100";"9,0";"9,4";"8,8";"99,0";"100,0";"98,0";"8,8";"9,0";"8,7";"926,7";"927,1";"926,6";"1,9";"90,0";"3,6";"";"0,0"
"02/06/2026";"1200";"9,8";"10,5";"9,4";"96,0";"98,0";"94,0";"9,0";"9,4";"8,8";"927,7";"928,0";"927,2";"2,3";"104,0";"3,6";"";"0,0"
"02/06/2026";"1300";"11,0";"11,8";"10,5";"92,0";"94,0";"89,0";"9,4";"10,0";"9,1";"928,2";"928,4";"928,0";"1,7";"91,0";"4,0";"";"0,0"
"02/06/2026";"1400";"12,6";"13,3";"11,8";"87,0";"91,0";"81,0";"9,9";"10,6";"9,3";"928,7";"928,8";"928,5";"1,1";"115,0";"2,9";"";"0,0"
"02/06/2026";"1500";"14,1";"15,8";"13,0";"80,0";"84,0";"72,0";"10,1";"11,2";"9,4";"928,5";"928,7";"928,2";"1,2";"191,0";"3,0";"";"0,0"
"02/06/2026";"1600";"15,7";"16,6";"14,6";"71,0";"79,0";"64,0";"9,8";"10,9";"8,9";"927,8";"928,2";"927,5";"1,2";"280,0";"3,5";"";"0,0"
"02/06/2026";"1700";"16,7";"17,7";"15,8";"66,0";"71,0";"60,0";"9,8";"10,8";"8,9";"927,0";"927,5";"926,7";"1,8";"121,0";"3,8";"";"0,0"
"02/06/2026";"1800";"16,4";"17,1";"15,9";"66,0";"69,0";"63,0";"9,6";"10,4";"9,0";"926,7";"926,8";"926,7";"0,7";"187,0";"1,5";"";"0,0"
"02/06/2026";"1900";"17,2";"17,9";"16,6";"63,0";"70,0";"59,0";"9,8";"10,9";"9,2";"926,8";"926,9";"926,6";"0,9";"281,0";"1,6";"";"0,0"
"02/06/2026";"2000";"17,3";"18,0";"16,2";"64,0";"70,0";"59,0";"10,1";"10,7";"9,5";"926,8";"926,9";"926,6";"1,2";"95,0";"2,1";"";"0,0"
"02/06/2026";"2100";"13,6";"16,0";"12,3";"80,0";"86,0";"69,0";"9,7";"10,4";"9,3";"926,7";"926,8";"926,6";"1,5";"152,0";"4,4";"";"0,0"
"02/06/2026";"2200";"12,7";"13,2";"12,0";"88,0";"90,0";"86,0";"10,3";"10,4";"9,9";"927,0";"927,4";"926,6";"2,0";"152,0";"4,2";"";"0,0"
"02/06/2026";"2300";"11,3";"12,0";"10,6";"91,0";"94,0";"89,0";"9,5";"9,9";"9,2";"927,4";"927,5";"927,3";"3,0";"119,0";"4,7";"";"0,0"
"03/06/2026";"0000";"10,1";"10,6";"9,8";"95,0";"96,0";"94,0";"9,1";"9,3";"9,0";"927,6";"927,7";"927,5";"4,0";"107,0";"6,8";"";"0,0"
"03/06/2026";"0100";"9,5";"9,8";"9,3";"97,0";"98,0";"96,0";"9,0";"9,1";"8,9";"927,9";"928,1";"927,7";"4,0";"103,0";"5,7";"";"0,0"
"03/06/2026";"0200";"9,1";"9,3";"8,9";"99,0";"99,0";"98,0";"8,9";"9,0";"8,7";"928,3";"928,4";"928,1";"3,4";"103,0";"5,5";"";"0,0"
"03/06/2026";"0300";"8,8";"8,9";"8,7";"99,0";"100,0";"99,0";"8,7";"8,8";"8,5";"928,2";"928,3";"928,1";"3,0";"107,0";"4,6";"";"0,0"
"03/06/2026";"0400";"8,7";"8,8";"8,5";"100,0";"100,0";"99,0";"8,6";"8,7";"8,4";"928,1";"928,3";"927,9";"2,7";"103,0";"3,8";"";"0,0"
"03/06/2026";"0500";"8,5";"8,6";"8,4";"100,0";"100,0";"99,0";"8,4";"8,5";"8,3";"928,3";"928,4";"928,2";"3,0";"102,0";"4,5";"";"0,0"
"03/06/2026";"0600";"8,3";"8,5";"8,1";"99,0";"99,0";"99,0";"8,1";"8,4";"7,9";"928,2";"928,3";"928,1";"2,3";"101,0";"3,7";"";"0,0"
"03/06/2026";"0700";"8,1";"8,2";"8,0";"99,0";"99,0";"99,0";"7,9";"8,0";"7,8";"927,8";"928,1";"927,5";"1,9";"89,0";"4,0";"";"0,0"
"03/06/2026";"0800";"7,8";"8,1";"7,5";"100,0";"100,0";"99,0";"7,7";"8,0";"7,5";"927,7";"927,8";"927,4";"1,4";"90,0";"3,3";"";"0,0"
"03/06/2026";"0900";"7,5";"7,6";"7,3";"100,0";"100,0";"100,0";"7,5";"7,6";"7,3";"927,8";"927,9";"927,6";"1,2";"94,0";"2,7";"";"0,0"
"03/06/2026";"1000";"7,2";"7,4";"6,9";"100,0";"100,0";"100,0";"7,2";"7,4";"6,9";"928,1";"928,3";"927,9";"1,6";"92,0";"3,3";"";"0,0"
"03/06/2026";"1100";"7,0";"7,5";"6,7";"100,0";"100,0";"100,0";"7,0";"7,5";"6,7";"928,4";"928,7";"928,2";"0,8";"147,0";"3,2";"";"0,0"
"03/06/2026";"1200";"7,9";"8,5";"7,5";"100,0";"100,0";"100,0";"7,9";"8,5";"7,5";"928,8";"929,0";"928,6";"0,7";"139,0";"2,3";"";"0,2"
"03/06/2026";"1300";"8,7";"9,5";"8,4";"100,0";"100,0";"99,0";"8,7";"9,4";"8,4";"929,5";"929,9";"929,0";"1,3";"103,0";"2,6";"";"0,0"
"03/06/2026";"1400";"10,3";"11,8";"8,7";"97,0";"100,0";"89,0";"9,7";"10,7";"8,6";"929,7";"929,8";"929,5";"1,2";"84,0";"3,2";"";"0,0"
"03/06/2026";"1500";"13,3";"14,7";"11,4";"83,0";"91,0";"75,0";"9,9";"10,8";"9,1";"929,5";"929,7";"929,3";"1,4";"187,0";"3,3";"";"0,0"
"03/06/2026";"1600";"15,4";"16,3";"14,4";"73,0";"77,0";"68,0";"9,9";"10,9";"9,1";"929,2";"929,3";"928,9";"1,5";"176,0";"3,5";"";"0,0"
"03/06/2026";"1700";"16,6";"17,3";"15,9";"69,0";"73,0";"64,0";"10,3";"11,0";"9,7";"928,7";"928,9";"928,5";"1,5";"213,0";"4,6";"";"0,0"
"03/06/2026";"1800";"17,7";"18,1";"17,0";"66,0";"69,0";"61,0";"10,8";"11,6";"10,0";"928,4";"928,5";"928,2";"1,7";"211,0";"3,9";"";"0,0"
"03/06/2026";"1900";"18,2";"18,6";"17,8";"64,0";"67,0";"61,0";"10,9";"11,6";"10,3";"928,3";"928,5";"928,2";"1,0";"193,0";"2,4";"";"0,0"
"03/06/2026";"2000";"18,1";"18,8";"17,4";"64,0";"67,0";"60,0";"10,8";"11,4";"10,3";"928,2";"928,3";"928,1";"1,3";"281,0";"2,7";"";"0,0"
"03/06/2026";"2100";"15,4";"17,4";"14,0";"74,0";"80,0";"65,0";"10,2";"11,3";"9,1";"928,5";"928,6";"928,3";"0,6";"143,0";"1,8";"";"0,0"
"03/06/2026";"2200";"13,9";"14,4";"13,3";"75,0";"78,0";"73,0";"8,9";"9,2";"8,7";"928,7";"928,7";"928,6";"0,6";"135,0";"1,6";"";"0,0"
"03/06/2026";"2300";"13,1";"13,5";"12,7";"80,0";"83,0";"77,0";"9,1";"9,4";"8,7";"929,1";"929,5";"928,7";"0,8";"123,0";"2,7";"";"0,0"
"04/06/2026";"0000";"12,0";"12,8";"11,7";"86,0";"88,0";"82,0";"9,2";"9,3";"8,9";"929,6";"929,7";"929,5";"0,7";"120,0";"2,1";"";"0,0"
"04/06/2026";"0100";"11,4";"11,6";"11,3";"88,0";"89,0";"87,0";"9,0";"9,1";"8,9";"929,7";"929,8";"929,6";"0,9";"87,0";"2,8";"";"0,0"
"04/06/2026";"0200";"10,9";"11,3";"10,6";"91,0";"95,0";"88,0";"9,2";"9,7";"8,8";"929,9";"930,0";"929,8";"2,3";"90,0";"4,8";"";"0,0"
"04/06/2026";"0300";"10,3";"10,5";"10,2";"97,0";"98,0";"95,0";"9,7";"10,0";"9,5";"930,1";"930,1";"930,0";"1,3";"85,0";"3,4";"";"0,0"
"04/06/2026";"0400";"10,1";"10,4";"9,8";"98,0";"99,0";"97,0";"9,7";"9,9";"9,6";"929,9";"930,1";"929,9";"2,3";"90,0";"4,4";"";"0,0"
"04/06/2026";"0500";"9,7";"9,8";"9,5";"100,0";"100,0";"99,0";"9,6";"9,7";"9,4";"930,0";"930,1";"929,9";"2,9";"90,0";"5,4";"";"0,0"
"04/06/2026";"0600";"9,2";"9,6";"8,8";"100,0";"100,0";"99,0";"9,1";"9,6";"8,7";"929,7";"930,1";"929,5";"2,9";"91,0";"5,6";"";"0,0"
"04/06/2026";"0700";"8,7";"8,9";"8,6";"100,0";"100,0";"100,0";"8,7";"8,9";"8,6";"929,6";"929,7";"929,4";"2,2";"96,0";"4,3";"";"0,0"
"04/06/2026";"0800";"8,9";"9,0";"8,7";"99,0";"100,0";"97,0";"8,6";"8,8";"8,3";"929,2";"929,4";"929,0";"3,1";"97,0";"4,9";"";"0,0"
"04/06/2026";"0900";"8,8";"8,9";"8,7";"97,0";"98,0";"96,0";"8,2";"8,4";"8,1";"929,2";"929,5";"929,0";"3,4";"99,0";"5,2";"";"0,0"
"04/06/2026";"1000";"8,4";"8,8";"8,2";"98,0";"99,0";"96,0";"8,0";"8,2";"7,8";"929,9";"930,2";"929,5";"2,6";"106,0";"3,7";"";"0,0"
"04/06/2026";"1100";"8,8";"9,5";"8,3";"96,0";"98,0";"94,0";"8,1";"8,5";"7,8";"930,5";"930,7";"930,2";"3,1";"102,0";"4,7";"";"0,0"
"04/06/2026";"1200";"10,1";"10,9";"9,5";"93,0";"94,0";"91,0";"8,8";"9,2";"8,3";"930,8";"931,0";"930,6";"2,8";"97,0";"5,5";"";"0,0"
"04/06/2026";"1300";"11,8";"12,5";"11,0";"90,0";"91,0";"88,0";"9,7";"10,3";"9,1";"931,2";"931,4";"931,0";"2,1";"91,0";"4,2";"";"0,0"
"04/06/2026";"1400";"14,6";"15,8";"12,5";"82,0";"89,0";"76,0";"11,0";"11,8";"10,2";"931,2";"931,4";"931,0";"1,6";"79,0";"5,0";"";"0,0"
"04/06/2026";"1500";"17,0";"17,9";"15,5";"75,0";"81,0";"68,0";"11,9";"12,9";"11,1";"930,8";"931,0";"930,4";"2,0";"144,0";"6,3";"";"0,0"
"04/06/2026";"1600";"18,7";"19,3";"17,9";"68,0";"73,0";"64,0";"12,2";"12,9";"11,6";"930,0";"930,4";"929,7";"2,3";"165,0";"7,2";"";"0,0"
"04/06/2026";"1700";"19,7";"20,2";"19,3";"63,0";"69,0";"59,0";"12,3";"13,3";"11,6";"929,4";"929,7";"929,2";"2,2";"184,0";"5,7";"";"0,0"
"04/06/2026";"1800";"19,7";"20,9";"19,0";"63,0";"68,0";"58,0";"12,2";"12,9";"11,7";"929,1";"929,2";"929,0";"2,5";"273,0";"5,5";"";"0,0"
"04/06/2026";"1900";"20,3";"21,2";"19,3";"61,0";"64,0";"57,0";"12,4";"13,3";"11,7";"929,0";"929,2";"928,8";"1,5";"167,0";"4,7";"";"0,0"
"04/06/2026";"2000";"18,7";"19,3";"18,3";"64,0";"69,0";"62,0";"11,6";"12,4";"11,1";"929,0";"929,1";"928,9";"1,4";"220,0";"4,4";"";"0,0"
"04/06/2026";"2100";"16,6";"18,2";"15,4";"70,0";"75,0";"64,0";"10,6";"11,1";"10,3";"929,0";"929,0";"928,9";"0,7";"158,0";"1,7";"";"0,0"
"04/06/2026";"2200";"14,5";"15,3";"14,1";"81,0";"84,0";"75,0";"10,6";"11,0";"10,1";"928,9";"929,0";"928,8";"0,8";"161,0";"2,6";"";"0,0"
"04/06/2026";"2300";"14,3";"14,6";"13,9";"81,0";"82,0";"79,0";"10,5";"10,8";"10,1";"928,8";"928,9";"928,7";"0,7";"150,0";"3,0";"";"0,0"
"05/06/2026";"0000";"13,5";"13,8";"13,3";"83,0";"87,0";"81,0";"10,2";"10,7";"9,8";"928,9";"929,0";"928,8";"0,8";"117,0";"2,3";"";"0,0"
"05/06/2026";"0100";"13,2";"13,3";"13,1";"90,0";"92,0";"87,0";"11,1";"11,5";"10,6";"928,7";"928,8";"928,7";"0,7";"104,0";"2,5";"";"0,0"
"05/06/2026";"0200";"13,0";"13,2";"12,8";"92,0";"93,0";"91,0";"11,4";"11,5";"11,3";"928,9";"929,0";"928,7";"0,9";"135,0";"3,7";"";"0,0"
"05/06/2026";"0300";"12,8";"13,0";"12,6";"93,0";"94,0";"92,0";"11,4";"11,5";"11,3";"928,8";"928,9";"928,6";"1,0";"120,0";"4,4";"";"0,0"
"05/06/2026";"0400";"13,0";"13,3";"12,8";"92,0";"93,0";"90,0";"11,4";"11,5";"11,1";"928,4";"928,6";"928,2";"0,7";"113,0";"2,6";"";"0,0"
"05/06/2026";"0500";"12,8";"13,0";"12,6";"91,0";"92,0";"89,0";"11,0";"11,2";"10,7";"928,2";"928,2";"928,1";"0,8";"141,0";"2,6";"";"0,0"
"05/06/2026";"0600";"12,8";"13,1";"12,6";"90,0";"92,0";"88,0";"10,8";"10,9";"10,6";"927,8";"928,1";"927,5";"0,7";"131,0";"4,4";"";"0,0"
"05/06/2026";"0700";"12,7";"12,9";"12,5";"90,0";"91,0";"89,0";"10,7";"10,8";"10,6";"927,3";"927,5";"927,2";"0,9";"175,0";"3,2";"";"0,0"
"05/06/2026";"0800";"12,4";"12,6";"12,2";"91,0";"93,0";"90,0";"10,7";"10,8";"10,5";"927,1";"927,2";"927,0";"0,8";"155,0";"2,6";"";"0,0"
"05/06/2026";"0900";"12,4";"12,6";"12,2";"91,0";"92,0";"89,0";"10,6";"10,7";"10,2";"927,2";"927,5";"927,0";"0,7";"148,0";"2,6";"";"0,0"
"05/06/2026";"1000";"12,1";"12,2";"12,0";"92,0";"93,0";"90,0";"10,5";"10,7";"10,2";"927,7";"927,9";"927,5";"0,9";"162,0";"3,2";"";"0,2"
"05/06/2026";"1100";"12,3";"12,6";"11,9";"92,0";"93,0";"91,0";"10,6";"10,7";"10,3";"928,1";"928,4";"927,9";"1,3";"112,0";"3,8";"";"0,0"
"05/06/2026";"1200";"12,9";"13,4";"12,6";"89,0";"91,0";"87,0";"10,7";"11,0";"10,6";"928,6";"928,7";"928,5";"1,1";"140,0";"4,8";"";"0,0"
"05/06/2026";"1300";"14,1";"14,7";"13,4";"84,0";"87,0";"80,0";"10,9";"11,3";"10,7";"928,9";"929,1";"928,7";"1,6";"132,0";"4,2";"";"0,0"
"05/06/2026";"1400";"16,1";"17,3";"14,8";"76,0";"82,0";"70,0";"11,3";"12,2";"10,6";"928,9";"929,0";"928,7";"1,4";"151,0";"3,5";"";"0,0"
"05/06/2026";"1500";"17,6";"18,4";"16,9";"70,0";"74,0";"66,0";"11,6";"12,2";"11,0";"928,6";"928,8";"928,4";"1,9";"192,0";"5,8";"";"0,0"
"05/06/2026";"1600";"18,7";"19,4";"17,7";"66,0";"71,0";"61,0";"11,9";"12,8";"11,2";"927,9";"928,4";"927,5";"2,9";"304,0";"5,1";"";"0,0"
"05/06/2026";"1700";"19,2";"19,7";"18,7";"63,0";"68,0";"57,0";"11,8";"12,5";"11,0";"926,9";"927,5";"926,5";"2,9";"287,0";"6,2";"";"0,0"
"05/06/2026";"1800";"19,4";"20,2";"18,8";"63,0";"67,0";"59,0";"12,0";"12,9";"11,3";"926,1";"926,5";"926,0";"1,2";"195,0";"2,8";"";"0,0"
"05/06/2026";"1900";"18,8";"19,5";"18,6";"66,0";"70,0";"62,0";"12,0";"12,7";"11,5";"925,9";"926,0";"925,8";"1,3";"194,0";"2,5";"";"0,0"
"05/06/2026";"2000";"19,6";"20,0";"19,0";"63,0";"68,0";"59,0";"12,1";"13,0";"11,4";"925,7";"925,8";"925,6";"1,4";"306,0";"2,7";"";"0,0"
"05/06/2026";"2100";"17,1";"19,4";"14,6";"74,0";"85,0";"62,0";"11,9";"12,7";"11,5";"925,6";"925,7";"925,5";"0,3";"291,0";"0,5";"";"0,0"
"05/06/2026";"2200";"14,4";"15,4";"13,7";"84,0";"89,0";"78,0";"11,2";"11,5";"10,9";"925,3";"925,5";"925,2";"1,3";"303,0";"2,3";"";"0,0"
"05/06/2026";"2300";"15,3";"15,7";"14,9";"79,0";"81,0";"78,0";"11,2";"11,4";"11,0";"925,4";"925,5";"925,4";"1,3";"193,0";"3,1";"";"0,0"
"06/06/2026";"0000";"14,0";"14,8";"13,5";"85,0";"87,0";"81,0";"11,0";"11,1";"10,9";"925,2";"925,4";"925,0";"0,9";"104,0";"2,0";"";"0,0"
"06/06/2026";"0100";"12,9";"13,4";"12,1";"88,0";"92,0";"87,0";"10,6";"10,9";"10,3";"925,0";"925,1";"924,9";"0,3";"138,0";"1,2";"";"0,0"
"06/06/2026";"0200";"12,0";"12,2";"11,9";"91,0";"93,0";"89,0";"10,3";"10,5";"10,1";"924,8";"924,9";"924,6";"0,6";"155,0";"2,6";"";"0,0"
"06/06/2026";"0300";"11,9";"12,0";"11,8";"91,0";"92,0";"90,0";"10,1";"10,2";"9,9";"924,5";"924,7";"924,3";"0,7";"132,0";"2,7";"";"0,0"
"06/06/2026";"0400";"12,0";"12,2";"11,9";"90,0";"91,0";"89,0";"10,0";"10,1";"9,9";"924,4";"924,5";"924,3";"0,9";"143,0";"3,5";"";"0,0"
"06/06/2026";"0500";"11,5";"11,9";"10,9";"91,0";"94,0";"90,0";"9,7";"10,0";"9,5";"924,0";"924,2";"923,9";"0,5";"122,0";"1,6";"";"0,0"
"06/06/2026";"0600";"11,0";"11,4";"10,7";"94,0";"96,0";"92,0";"9,9";"10,1";"9,5";"923,6";"923,8";"923,3";"0,4";"135,0";"1,4";"";"0,0"
"06/06/2026";"0700";"11,0";"11,4";"10,3";"94,0";"97,0";"92,0";"9,7";"9,9";"9,5";"923,2";"923,3";"923,1";"0,6";"101,0";"1,6";"";"0,0"
"06/06/2026";"0800";"10,2";"10,4";"10,1";"97,0";"98,0";"96,0";"9,7";"9,9";"9,4";"923,0";"923,1";"922,8";"1,0";"96,0";"2,0";"";"0,0"
"06/06/2026";"0900";"10,1";"10,5";"9,7";"98,0";"99,0";"97,0";"9,6";"9,9";"9,3";"922,8";"922,9";"922,7";"0,8";"68,0";"2,2";"";"0,0"
"06/06/2026";"1000";"9,8";"9,9";"9,6";"99,0";"99,0";"99,0";"9,6";"9,7";"9,3";"923,2";"923,3";"922,9";"0,7";"93,0";"1,5";"";"0,0"
"06/06/2026";"1100";"10,3";"10,9";"9,8";"98,0";"100,0";"96,0";"9,8";"10,3";"9,6";"923,2";"923,3";"923,1";"1,1";"271,0";"2,1";"";"0,0"
"06/06/2026";"1200";"11,2";"12,0";"10,9";"95,0";"97,0";"93,0";"10,2";"10,8";"10,0";"923,0";"923,2";"922,9";"0,9";"126,0";"1,8";"";"0,0"
"06/06/2026";"1300";"12,8";"13,4";"12,1";"90,0";"93,0";"87,0";"10,8";"11,5";"10,2";"923,3";"923,5";"923,1";"0,4";"186,0";"1,3";"";"0,0"
"06/06/2026";"1400";"13,9";"14,9";"13,4";"88,0";"92,0";"86,0";"11,5";"12,5";"10,7";"923,4";"923,5";"923,3";"1,6";"304,0";"3,1";"";"0,0"
"06/06/2026";"1500";"15,9";"17,4";"14,9";"85,0";"89,0";"79,0";"13,0";"13,8";"12,3";"923,0";"923,3";"922,7";"2,2";"283,0";"4,5";"";"0,0"
"06/06/2026";"1600";"18,1";"18,9";"17,2";"76,0";"81,0";"69,0";"13,2";"13,6";"12,6";"922,2";"922,6";"921,7";"2,8";"279,0";"6,6";"";"0,0"
"06/06/2026";"1700";"19,0";"19,7";"18,0";"71,0";"76,0";"65,0";"13,2";"13,9";"12,5";"921,4";"921,8";"921,2";"2,7";"305,0";"4,9";"";"0,0"
"06/06/2026";"1800";"19,3";"20,0";"18,9";"67,0";"71,0";"64,0";"12,8";"13,4";"12,0";"921,2";"921,3";"921,1";"2,8";"277,0";"5,3";"";"0,0"
"06/06/2026";"1900";"17,8";"18,8";"17,4";"74,0";"76,0";"68,0";"12,5";"12,8";"12,1";"921,2";"921,4";"921,1";"1,9";"289,0";"3,5";"";"0,0"
"06/06/2026";"2000";"17,4";"18,0";"16,7";"76,0";"81,0";"72,0";"12,6";"12,9";"12,3";"921,1";"921,1";"921,0";"0,8";"278,0";"1,9";"";"0,0"
"06/06/2026";"2100";"15,8";"16,6";"15,2";"86,0";"90,0";"81,0";"13,0";"13,2";"12,8";"921,1";"921,1";"921,0";"0,5";"291,0";"0,8";"";"0,0"
"06/06/2026";"2200";"15,1";"15,4";"14,7";"90,0";"92,0";"88,0";"13,1";"13,4";"12,9";"921,3";"921,6";"921,0";"0,6";"237,0";"1,0";"";"0,0"
"06/06/2026";"2300";"14,6";"14,7";"14,2";"92,0";"94,0";"91,0";"13,0";"13,1";"12,9";"921,7";"921,7";"921,5";"0,3";"273,0";"0,7";"";"0,0"
"07/06/2026";"0000";"14,7";"15,0";"14,3";"92,0";"95,0";"90,0";"13,1";"13,4";"13,0";"921,8";"922,0";"921,5";"0,8";"175,0";"2,5";"";"0,0"
"07/06/2026";"0100";"14,3";"14,5";"14,0";"94,0";"95,0";"92,0";"13,1";"13,3";"12,9";"921,7";"921,9";"921,6";"0,2";"119,0";"0,6";"";"0,0"
"07/06/2026";"0200";"13,2";"14,0";"12,8";"98,0";"99,0";"94,0";"12,7";"12,9";"12,6";"921,6";"921,7";"921,5";"0,4";"104,0";"0,8";"";"0,0"
"07/06/2026";"0300";"12,8";"13,1";"12,5";"100,0";"100,0";"99,0";"12,8";"13,1";"12,4";"921,6";"921,7";"921,3";"0,4";"121,0";"1,0";"";"0,0"
"07/06/2026";"0400";"12,8";"13,2";"12,5";"100,0";"100,0";"100,0";"12,7";"13,2";"12,4";"921,2";"921,3";"921,2";"0,9";"106,0";"1,4";"";"0,0"
"07/06/2026";"0500";"12,9";"13,0";"12,5";"100,0";"100,0";"100,0";"12,9";"13,0";"12,5";"921,2";"921,3";"921,0";"1,7";"115,0";"2,6";"";"0,0"
"07/06/2026";"0600";"12,9";"13,0";"12,8";"100,0";"100,0";"100,0";"12,9";"13,0";"12,8";"921,0";"921,1";"920,7";"0,5";"78,0";"1,6";"";"0,0"
"07/06/2026";"0700";"12,9";"13,0";"12,8";"100,0";"100,0";"100,0";"12,8";"13,0";"12,8";"920,5";"920,7";"920,3";"0,2";"71,0";"1,1";"";"0,0"
"07/06/2026";"0800";"12,7";"12,8";"12,7";"100,0";"100,0";"100,0";"12,7";"12,8";"12,6";"920,3";"920,5";"920,1";"0,5";"155,0";"1,4";"";"0,8"
"07/06/2026";"0900";"12,7";"12,8";"12,7";"100,0";"100,0";"100,0";"12,7";"12,8";"12,7";"920,2";"920,2";"920,0";"1,0";"115,0";"2,6";"";"4,8"
"07/06/2026";"1000";"12,6";"12,7";"12,5";"100,0";"100,0";"100,0";"12,6";"12,7";"12,4";"920,5";"920,9";"920,2";"0,2";"104,0";"0,9";"";"0,4"
"07/06/2026";"1100";"12,6";"12,7";"12,5";"100,0";"100,0";"100,0";"12,6";"12,7";"12,5";"921,1";"921,2";"920,9";"0,4";"88,0";"1,1";"";"0,0"
"07/06/2026";"1200";"12,8";"13,3";"12,7";"100,0";"100,0";"100,0";"12,8";"13,3";"12,6";"921,3";"921,4";"921,2";"0,8";"91,0";"2,1";"";"0,4"
"07/06/2026";"1300";"13,3";"13,7";"13,2";"100,0";"100,0";"99,0";"13,3";"13,6";"13,1";"921,8";"922,0";"921,4";"0,9";"110,0";"2,0";"";"0,2"
"07/06/2026";"1400";"13,9";"14,2";"13,6";"99,0";"100,0";"98,0";"13,7";"14,1";"13,3";"921,9";"922,0";"921,9";"0,7";"147,0";"1,7";"";"0,4"
"07/06/2026";"1500";"13,6";"13,8";"13,4";"99,0";"99,0";"98,0";"13,3";"13,6";"13,1";"921,9";"922,0";"921,6";"2,1";"119,0";"3,1";"";"4,0"
"07/06/2026";"1600";"13,6";"13,8";"13,4";"100,0";"100,0";"99,0";"13,5";"13,8";"13,2";"921,6";"921,8";"921,4";"0,9";"253,0";"2,0";"";"13,9"
"07/06/2026";"1700";"13,6";"13,8";"13,4";"100,0";"100,0";"100,0";"13,5";"13,8";"13,3";"921,1";"921,4";"920,8";"0,5";"107,0";"1,2";"";"3,6"
"07/06/2026";"1800";"13,9";"14,2";"13,6";"99,0";"100,0";"99,0";"13,8";"14,1";"13,6";"920,6";"920,8";"920,5";"1,0";"100,0";"2,0";"";"0,6"
"07/06/2026";"1900";"14,4";"14,8";"14,2";"98,0";"99,0";"97,0";"14,1";"14,6";"13,9";"920,6";"920,8";"920,3";"0,8";"162,0";"1,8";"";"0,0"
"07/06/2026";"2000";"14,7";"15,2";"14,3";"96,0";"98,0";"91,0";"13,9";"14,5";"13,2";"920,8";"921,1";"920,7";"0,7";"138,0";"1,9";"";"0,0"
"07/06/2026";"2100";"13,8";"14,3";"13,5";"98,0";"99,0";"97,0";"13,5";"13,8";"13,3";"921,2";"921,4";"921,0";"0,6";"158,0";"1,4";"";"0,0"
"07/06/2026";"2200";"13,3";"13,5";"13,3";"100,0";"100,0";"99,0";"13,2";"13,3";"13,2";"921,5";"921,7";"921,4";"0,9";"105,0";"1,7";"";"0,0"
"07/06/2026";"2300";"13,3";"13,4";"13,3";"100,0";"100,0";"100,0";"13,3";"13,4";"13,2";"921,6";"921,7";"921,4";"1,4";"99,0";"2,8";"";"0,0"
"08/06/2026";"0000";"13,3";"13,3";"13,2";"100,0";"100,0";"100,0";"13,2";"13,3";"13,2";"921,7";"921,8";"921,5";"1,7";"87,0";"3,7";"";"0,0"
"08/06/2026";"0100";"13,4";"13,4";"13,3";"100,0";"100,0";"100,0";"13,3";"13,4";"13,3";"921,6";"921,7";"921,5";"2,4";"103,0";"4,0";"";"0,0"
"08/06/2026";"0200";"13,3";"13,4";"13,3";"100,0";"100,0";"100,0";"13,3";"13,4";"13,3";"921,6";"921,8";"921,5";"1,9";"93,0";"3,6";"";"0,0"
"08/06/2026";"0300";"13,2";"13,3";"13,2";"100,0";"100,0";"100,0";"13,2";"13,3";"13,2";"921,7";"921,9";"921,5";"0,3";"99,0";"1,6";"";"0,0"
"08/06/2026";"0400";"13,2";"13,3";"13,2";"100,0";"100,0";"100,0";"13,2";"13,3";"13,2";"921,7";"921,7";"921,6";"0,8";"99,0";"1,8";"";"0,0"
"08/06/2026";"0500";"13,2";"13,3";"13,2";"100,0";"100,0";"100,0";"13,2";"13,3";"13,2";"921,3";"921,6";"921,0";"2,0";"100,0";"3,3";"";"0,0"
"08/06/2026";"0600";"13,1";"13,2";"13,0";"100,0";"100,0";"100,0";"13,1";"13,2";"13,0";"920,9";"921,1";"920,6";"0,8";"106,0";"2,4";"";"0,0"
"08/06/2026";"0700";"12,9";"13,0";"12,8";"100,0";"100,0";"100,0";"12,9";"13,0";"12,8";"920,6";"920,7";"920,5";"1,0";"136,0";"2,9";"";"0,2"
"08/06/2026";"0800";"12,7";"12,8";"12,6";"100,0";"100,0";"100,0";"12,7";"12,8";"12,6";"920,2";"920,4";"919,9";"0,7";"143,0";"2,8";"";"0,0"
"08/06/2026";"0900";"12,6";"12,7";"12,5";"100,0";"100,0";"100,0";"12,6";"12,7";"12,5";"920,2";"920,4";"919,9";"0,8";"124,0";"2,9";"";"0,0"
"08/06/2026";"1000";"12,8";"12,9";"12,7";"99,0";"100,0";"99,0";"12,7";"12,7";"12,6";"920,7";"920,9";"920,4";"1,2";"190,0";"3,0";"";"0,0"
"08/06/2026";"1100";"12,9";"12,9";"12,9";"98,0";"99,0";"98,0";"12,6";"12,6";"12,5";"921,2";"921,4";"920,9";"1,4";"315,0";"2,5";"";"0,0"
"08/06/2026";"1200";"13,1";"13,4";"12,9";"98,0";"99,0";"98,0";"12,7";"13,1";"12,5";"921,5";"921,6";"921,3";"0,5";"146,0";"1,8";"";"0,0"
"08/06/2026";"1300";"13,8";"14,1";"13,4";"97,0";"99,0";"96,0";"13,3";"13,7";"13,0";"921,7";"921,9";"921,6";"0,7";"149,0";"1,8";"";"0,0"
"08/06/2026";"1400";"14,4";"14,8";"13,9";"94,0";"97,0";"91,0";"13,1";"13,5";"12,7";"921,8";"921,9";"921,7";"1,9";"213,0";"3,6";"";"0,0"
"08/06/2026";"1500";"15,5";"15,8";"14,9";"89,0";"94,0";"87,0";"13,4";"14,0";"12,9";"921,6";"921,8";"921,3";"2,5";"320,0";"4,0";"";"0,0"
"08/06/2026";"1600";"16,5";"17,2";"15,8";"85,0";"90,0";"80,0";"13,4";"13,9";"12,8";"921,0";"921,3";"920,9";"2,7";"303,0";"5,2";"";"0,0"
"08/06/2026";"1700";"16,3";"16,7";"16,0";"85,0";"88,0";"81,0";"13,3";"13,7";"12,9";"920,5";"920,9";"920,2";"2,0";"309,0";"4,2";"";"0,0"
"08/06/2026";"1800";"16,4";"16,8";"16,0";"83,0";"88,0";"79,0";"13,0";"13,7";"12,6";"920,1";"920,2";"920,0";"2,2";"282,0";"4,7";"";"0,0"
"08/06/2026";"1900";"16,3";"16,7";"16,0";"85,0";"87,0";"83,0";"13,4";"13,7";"13,0";"920,0";"920,1";"919,9";"1,8";"310,0";"3,3";"";"0,0"
"08/06/2026";"2000";"15,6";"16,0";"15,3";"90,0";"92,0";"87,0";"13,6";"14,0";"13,2";"919,9";"920,0";"919,8";"1,1";"303,0";"2,9";"";"0,0"
"08/06/2026";"2100";"15,2";"15,6";"14,9";"90,0";"93,0";"87,0";"13,1";"13,6";"12,7";"920,1";"920,3";"920,0";"2,1";"322,0";"3,4";"";"0,0"
"08/06/2026";"2200";"14,4";"14,8";"13,9";"92,0";"95,0";"90,0";"12,8";"13,0";"12,5";"920,3";"920,4";"920,2";"1,4";"321,0";"3,1";"";"0,0"
"08/06/2026";"2300";"14,2";"14,4";"13,9";"93,0";"94,0";"91,0";"12,7";"12,9";"12,4";"920,5";"920,7";"920,4";"1,9";"315,0";"3,4";"";"0,0"
"09/06/2026";"0000";"13,6";"14,1";"13,2";"95,0";"98,0";"93,0";"12,7";"12,9";"12,3";"920,6";"920,7";"920,5";"1,6";"314,0";"2,5";"";"0,0"
"09/06/2026";"0100";"13,6";"13,8";"13,4";"96,0";"97,0";"96,0";"12,9";"13,0";"12,8";"920,7";"920,8";"920,6";"1,3";"317,0";"2,3";"";"0,0"
"09/06/2026";"0200";"13,2";"13,3";"13,0";"98,0";"99,0";"97,0";"12,9";"13,1";"12,6";"920,8";"920,9";"920,6";"1,2";"314,0";"1,9";"";"0,0"
"09/06/2026";"0300";"13,3";"13,3";"13,2";"99,0";"99,0";"98,0";"13,0";"13,2";"12,9";"920,7";"920,9";"920,6";"1,4";"289,0";"2,9";"";"0,0"
"09/06/2026";"0400";"13,2";"13,4";"12,8";"98,0";"99,0";"97,0";"12,8";"13,2";"12,5";"920,4";"920,6";"920,1";"1,7";"316,0";"3,3";"";"0,0"
"09/06/2026";"0500";"12,9";"13,0";"12,7";"99,0";"100,0";"98,0";"12,8";"12,9";"12,5";"920,2";"920,3";"920,0";"1,9";"302,0";"3,6";"";"0,0"
"09/06/2026";"0600";"12,8";"12,9";"12,6";"99,0";"100,0";"98,0";"12,7";"12,9";"12,2";"920,0";"920,2";"919,8";"2,3";"290,0";"4,4";"";"0,0"
"09/06/2026";"0700";"12,5";"12,6";"12,3";"97,0";"98,0";"95,0";"11,9";"12,2";"11,4";"919,9";"920,0";"919,9";"1,5";"286,0";"3,1";"";"0,0"
"09/06/2026";"0800";"12,3";"12,3";"12,2";"97,0";"98,0";"95,0";"11,6";"11,8";"11,4";"919,9";"920,0";"919,9";"1,9";"278,0";"4,0";"";"0,0"
"09/06/2026";"0900";"12,1";"12,2";"12,0";"97,0";"97,0";"96,0";"11,4";"11,5";"11,3";"920,0";"920,2";"919,9";"2,0";"288,0";"4,2";"";"0,0"
"09/06/2026";"1000";"11,9";"12,0";"11,8";"96,0";"98,0";"95,0";"11,2";"11,5";"10,9";"920,5";"920,8";"920,2";"2,6";"295,0";"5,1";"";"0,0"
"09/06/2026";"1100";"11,7";"11,8";"11,7";"96,0";"98,0";"95,0";"11,0";"11,3";"10,7";"921,0";"921,3";"920,8";"2,6";"303,0";"4,4";"";"0,0"
"09/06/2026";"1200";"11,9";"12,1";"11,7";"95,0";"97,0";"94,0";"11,0";"11,1";"10,8";"921,4";"921,6";"921,2";"3,2";"300,0";"6,2";"";"0,0"
"09/06/2026";"1300";"12,6";"13,6";"12,0";"89,0";"95,0";"81,0";"10,5";"11,1";"9,4";"921,6";"921,8";"921,5";"3,0";"299,0";"6,1";"";"0,0"
"09/06/2026";"1400";"13,8";"14,3";"13,3";"77,0";"82,0";"73,0";"9,3";"10,0";"8,5";"921,6";"921,8";"921,4";"3,8";"310,0";"7,4";"";"0,0"
"09/06/2026";"1500";"14,2";"14,7";"13,5";"74,0";"79,0";"69,0";"9,0";"9,8";"8,3";"921,3";"921,5";"920,8";"4,3";"304,0";"7,6";"";"0,0"
"09/06/2026";"1600";"14,9";"15,7";"13,7";"71,0";"76,0";"65,0";"9,0";"9,8";"8,5";"920,7";"920,9";"920,3";"3,1";"286,0";"6,9";"";"0,0"
"09/06/2026";"1700";"14,4";"15,4";"13,7";"69,0";"76,0";"64,0";"8,3";"9,1";"7,5";"920,3";"920,5";"920,0";"3,4";"285,0";"6,7";"";"0,0"
"09/06/2026";"1800";"15,4";"16,0";"15,0";"61,0";"67,0";"57,0";"7,6";"9,1";"6,7";"920,0";"920,2";"919,7";"3,0";"283,0";"6,5";"";"0,0"
"09/06/2026";"1900";"15,3";"15,7";"14,7";"62,0";"66,0";"59,0";"7,8";"8,6";"7,2";"919,4";"919,7";"919,3";"2,0";"271,0";"4,1";"";"0,0"
"09/06/2026";"2000";"14,1";"14,8";"13,3";"68,0";"74,0";"64,0";"7,8";"8,2";"7,4";"919,5";"919,7";"919,3";"1,7";"273,0";"3,5";"";"0,0"
"09/06/2026";"2100";"12,7";"13,3";"12,2";"75,0";"78,0";"73,0";"7,8";"8,2";"7,5";"920,1";"920,4";"919,7";"1,2";"292,0";"2,6";"";"0,0"
"09/06/2026";"2200";"12,1";"12,3";"11,8";"78,0";"80,0";"77,0";"7,8";"8,1";"7,6";"920,7";"920,9";"920,4";"0,7";"267,0";"1,5";"";"0,0"
"09/06/2026";"2300";"10,7";"11,8";"10,0";"89,0";"95,0";"80,0";"8,5";"9,5";"7,7";"920,6";"920,9";"920,4";"1,2";"188,0";"3,2";"";"0,0"
"10/06/2026";"0000";"10,0";"10,4";"9,6";"98,0";"99,0";"95,0";"9,5";"9,7";"9,4";"920,5";"920,7";"920,2";"0,8";"155,0";"1,7";"";"0,0"
"10/06/2026";"0100";"9,2";"9,5";"8,6";"99,0";"99,0";"99,0";"9,0";"9,3";"8,4";"921,0";"921,3";"920,7";"0,7";"317,0";"1,0";"";"0,0"
"10/06/2026";"0200";"8,7";"9,3";"8,2";"100,0";"100,0";"99,0";"8,6";"9,3";"8,1";"921,3";"921,4";"921,1";"0,5";"193,0";"1,7";"";"0,0"
"10/06/2026";"0300";"8,7";"9,4";"8,0";"99,0";"100,0";"99,0";"8,6";"9,4";"7,8";"921,0";"921,1";"920,8";"0,2";"194,0";"0,6";"";"0,0"
"10/06/2026";"0400";"8,6";"9,0";"7,9";"100,0";"100,0";"99,0";"8,5";"9,0";"7,8";"920,9";"921,0";"920,6";"0,7";"166,0";"1,3";"";"0,0"
"10/06/2026";"0500";"8,7";"9,1";"8,1";"99,0";"100,0";"99,0";"8,6";"9,0";"7,9";"920,5";"920,8";"920,0";"1,1";"118,0";"1,9";"";"0,0"
"10/06/2026";"0600";"7,8";"8,1";"7,6";"100,0";"100,0";"99,0";"7,8";"8,0";"7,6";"919,7";"920,0";"919,4";"1,5";"114,0";"2,4";"";"0,0"
"10/06/2026";"0700";"7,4";"7,6";"7,2";"100,0";"100,0";"100,0";"7,4";"7,6";"7,2";"919,6";"919,8";"919,3";"0,8";"118,0";"1,6";"";"0,0"
"10/06/2026";"0800";"6,8";"7,2";"6,7";"100,0";"100,0";"100,0";"6,8";"7,2";"6,6";"919,4";"919,5";"919,0";"1,1";"95,0";"2,5";"";"0,0"
"10/06/2026";"0900";"7,0";"7,3";"6,7";"100,0";"100,0";"100,0";"6,9";"7,3";"6,6";"919,0";"919,4";"918,7";"0,7";"106,0";"2,2";"";"0,2"
"10/06/2026";"1000";"7,8";"8,1";"7,3";"100,0";"100,0";"100,0";"7,7";"8,0";"7,3";"919,8";"920,3";"919,4";"0,7";"122,0";"1,9";"";"0,0"
"10/06/2026";"1100";"8,1";"8,2";"8,0";"100,0";"100,0";"100,0";"8,0";"8,1";"8,0";"920,9";"921,1";"920,3";"0,7";"107,0";"2,5";"";"0,0"
"10/06/2026";"1200";"8,3";"8,5";"8,2";"100,0";"100,0";"100,0";"8,3";"8,5";"8,1";"920,6";"921,1";"920,2";"2,8";"114,0";"4,4";"";"0,0"
"10/06/2026";"1300";"8,7";"9,1";"8,4";"100,0";"100,0";"100,0";"8,7";"9,1";"8,3";"920,8";"921,1";"920,5";"1,7";"89,0";"4,2";"";"0,0"
"10/06/2026";"1400";"9,2";"9,5";"8,8";"100,0";"100,0";"100,0";"9,2";"9,5";"8,8";"920,8";"921,1";"920,5";"0,8";"87,0";"2,1";"";"0,0"
"10/06/2026";"1500";"10,0";"10,7";"9,2";"100,0";"100,0";"99,0";"9,9";"10,6";"9,1";"920,3";"920,5";"920,2";"0,7";"101,0";"1,9";"";"0,0"
"10/06/2026";"1600";"11,6";"12,7";"10,7";"95,0";"100,0";"88,0";"10,7";"11,1";"10,0";"919,9";"920,2";"919,6";"0,7";"122,0";"1,8";"";"0,0"
"10/06/2026";"1700";"12,9";"13,5";"12,5";"87,0";"91,0";"84,0";"10,4";"10,8";"9,8";"919,2";"919,6";"918,8";"0,6";"121,0";"2,6";"";"0,0"
"10/06/2026";"1800";"13,7";"13,9";"13,5";"83,0";"86,0";"80,0";"10,3";"11,0";"9,7";"918,9";"919,1";"918,6";"0,5";"127,0";"1,3";"";"0,0"
"10/06/2026";"1900";"13,6";"13,9";"13,5";"86,0";"89,0";"83,0";"10,8";"11,4";"10,3";"918,7";"918,8";"918,6";"0,3";"121,0";"1,1";"";"0,0"
"10/06/2026";"2000";"12,9";"13,4";"12,4";"89,0";"92,0";"85,0";"10,8";"11,1";"10,5";"918,2";"918,7";"917,9";"2,4";"113,0";"3,0";"";"0,0"
"10/06/2026";"2100";"12,1";"12,6";"11,9";"93,0";"94,0";"90,0";"10,7";"10,9";"10,4";"918,2";"918,5";"918,0";"1,6";"114,0";"2,6";"";"0,0"
"10/06/2026";"2200";"12,0";"12,6";"11,8";"93,0";"94,0";"90,0";"10,6";"10,8";"10,4";"918,6";"918,7";"918,4";"1,9";"106,0";"3,1";"";"0,0"
"10/06/2026";"2300";"11,6";"12,0";"11,4";"96,0";"97,0";"94,0";"10,8";"10,8";"10,7";"918,6";"918,9";"918,3";"1,2";"109,0";"2,0";"";"0,0"
"11/06/2026";"0000";"11,4";"11,6";"11,2";"97,0";"98,0";"96,0";"10,8";"11,0";"10,6";"918,7";"918,9";"918,4";"1,6";"118,0";"2,7";"";"0,0"
"11/06/2026";"0100";"11,6";"12,1";"11,4";"97,0";"98,0";"96,0";"11,1";"11,6";"10,6";"918,9";"919,2";"918,5";"0,6";"98,0";"1,1";"";"0,0"
"11/06/2026";"0200";"11,9";"12,1";"11,7";"97,0";"98,0";"96,0";"11,4";"11,6";"11,1";"919,3";"919,5";"919,2";"0,9";"104,0";"1,8";"";"0,0"
"11/06/2026";"0300";"";"";"";"";"";"";"";"";"";"";"";"";"";"";"";"";""
"11/06/2026";"0400";"";"";"";"";"";"";"";"";"";"";"";"";"";"";"";"";""
"11/06/2026";"0500";"11,9";"12,1";"11,8";"97,0";"98,0";"96,0";"11,3";"11,5";"11,2";"919,1";"919,3";"919,0";"2,2";"104,0";"3,2";"";"0,0"
"11/06/2026";"0600";"12,1";"12,1";"12,0";"97,0";"98,0";"97,0";"11,5";"11,5";"11,4";"918,7";"919,1";"918,5";"1,8";"96,0";"3,0";"";"0,0"
"11/06/2026";"0700";"12,0";"12,0";"11,9";"98,0";"98,0";"97,0";"11,5";"11,6";"11,4";"918,4";"918,6";"918,3";"0,8";"88,0";"2,3";"";"0,0"
"11/06/2026";"0800";"11,5";"11,9";"11,0";"98,0";"99,0";"98,0";"11,1";"11,4";"10,8";"918,5";"918,6";"918,4";"0,5";"83,0";"1,6";"";"0,0"
"11/06/2026";"0900";"11,0";"11,3";"10,7";"100,0";"100,0";"99,0";"10,9";"11,3";"10,6";"918,7";"919,0";"918,5";"1,1";"94,0";"4,1";"";"0,0"
"11/06/2026";"1000";"11,3";"11,3";"11,2";"100,0";"100,0";"100,0";"11,3";"11,3";"11,2";"919,2";"919,4";"919,0";"0,5";"91,0";"2,1";"";"0,0"
"11/06/2026";"1100";"11,4";"11,5";"11,3";"100,0";"100,0";"100,0";"11,3";"11,5";"11,2";"919,7";"920,1";"919,4";"0,5";"132,0";"1,5";"";"0,0"
"11/06/2026";"1200";"12,2";"13,0";"11,5";"97,0";"100,0";"91,0";"11,6";"11,9";"11,3";"920,1";"920,2";"919,9";"1,2";"131,0";"3,3";"";"0,0"
"11/06/2026";"1300";"13,7";"14,1";"13,1";"89,0";"92,0";"86,0";"11,5";"11,9";"11,1";"920,3";"920,5";"920,1";"1,3";"159,0";"4,0";"";"0,0"
"11/06/2026";"1400";"14,7";"15,2";"14,1";"86,0";"89,0";"84,0";"11,9";"12,4";"11,4";"920,1";"920,4";"919,8";"0,8";"128,0";"1,8";"";"0,0"
"11/06/2026";"1500";"15,8";"16,6";"15,1";"81,0";"85,0";"77,0";"12,1";"12,6";"11,5";"919,8";"920,0";"919,7";"2,0";"257,0";"3,3";"";"0,0"
"11/06/2026";"1600";"16,4";"17,1";"15,9";"79,0";"82,0";"75,0";"12,3";"12,8";"11,9";"919,5";"919,9";"919,3";"2,4";"318,0";"4,0";"";"0,0"
"11/06/2026";"1700";"16,1";"16,4";"15,9";"81,0";"84,0";"77,0";"12,4";"13,0";"11,7";"918,9";"919,4";"918,4";"1,1";"160,0";"2,7";"";"0,0"
"11/06/2026";"1800";"15,8";"16,4";"15,5";"83,0";"86,0";"78,0";"12,3";"12,8";"11,8";"918,3";"918,4";"918,1";"0,6";"145,0";"1,3";"";"0,0"
"11/06/2026";"1900";"15,4";"15,8";"15,1";"86,0";"88,0";"82,0";"12,5";"12,8";"12,0";"917,8";"918,2";"917,4";"1,4";"96,0";"2,5";"";"0,0"
"11/06/2026";"2000";"15,1";"15,3";"14,8";"88,0";"89,0";"86,0";"12,6";"13,1";"12,3";"917,5";"917,6";"917,3";"1,4";"100,0";"2,4";"";"0,0"
"11/06/2026";"2100";"14,6";"14,8";"14,3";"90,0";"92,0";"89,0";"12,6";"12,8";"12,4";"917,9";"918,2";"917,5";"1,0";"126,0";"1,5";"";"0,0"
"11/06/2026";"2200";"14,0";"14,4";"13,7";"95,0";"97,0";"91,0";"12,9";"13,1";"12,6";"918,4";"918,6";"918,2";"0,9";"117,0";"1,6";"";"0,0"
"11/06/2026";"2300";"13,4";"13,7";"13,1";"97,0";"98,0";"96,0";"12,8";"13,0";"12,5";"918,5";"918,6";"918,1";"1,9";"111,0";"3,1";"";"0,0"
"12/06/2026";"0000";"13,2";"13,5";"12,9";"98,0";"99,0";"97,0";"12,7";"12,9";"12,6";"918,0";"918,2";"917,8";"1,3";"97,0";"2,5";"";"0,0"
"12/06/2026";"0100";"13,3";"13,5";"13,1";"98,0";"99,0";"97,0";"12,9";"13,0";"12,7";"917,4";"918,0";"917,0";"2,6";"98,0";"4,2";"";"0,0"
"12/06/2026";"0200";"13,4";"13,4";"13,3";"98,0";"99,0";"98,0";"13,0";"13,1";"12,9";"916,9";"917,0";"916,8";"2,1";"90,0";"4,3";"";"0,0"
"12/06/2026";"0300";"13,2";"13,3";"13,1";"99,0";"99,0";"98,0";"13,0";"13,1";"12,8";"916,8";"916,9";"916,6";"0,6";"96,0";"1,9";"";"0,0"
"12/06/2026";"0400";"13,4";"13,5";"13,3";"97,0";"98,0";"96,0";"12,8";"13,0";"12,7";"916,2";"916,6";"915,8";"1,4";"85,0";"3,3";"";"0,0"
"12/06/2026";"0500";"13,5";"13,6";"13,4";"96,0";"96,0";"95,0";"12,6";"12,7";"12,5";"915,7";"915,9";"915,5";"0,8";"95,0";"2,0";"";"0,0"
"12/06/2026";"0600";"13,6";"13,7";"13,5";"96,0";"96,0";"95,0";"12,8";"12,9";"12,7";"914,8";"915,6";"914,1";"2,3";"92,0";"4,6";"";"0,0"
"12/06/2026";"0700";"13,7";"13,8";"13,6";"96,0";"97,0";"96,0";"12,9";"13,1";"12,7";"914,1";"914,3";"913,7";"1,0";"90,0";"2,6";"";"0,0"
"12/06/2026";"0800";"14,0";"14,2";"13,7";"97,0";"98,0";"97,0";"13,4";"13,7";"13,1";"913,6";"913,9";"913,4";"1,2";"161,0";"3,8";"";"2,6"
"12/06/2026";"0900";"14,2";"14,3";"14,1";"98,0";"98,0";"98,0";"13,7";"13,8";"13,6";"913,4";"913,7";"913,1";"1,4";"266,0";"6,3";"";"0,4"
"12/06/2026";"1000";"14,5";"14,6";"14,3";"97,0";"97,0";"96,0";"13,8";"13,9";"13,7";"913,4";"913,7";"912,8";"2,3";"321,0";"4,2";"";"0,0"
"12/06/2026";"1100";"14,3";"14,6";"14,0";"98,0";"99,0";"96,0";"13,8";"13,9";"13,7";"913,0";"913,3";"912,6";"0,6";"178,0";"3,0";"";"0,0"
"12/06/2026";"1200";"14,1";"14,5";"13,9";"99,0";"99,0";"99,0";"13,9";"14,3";"13,7";"913,4";"913,7";"912,5";"1,1";"308,0";"2,5";"";"0,0"
"12/06/2026";"1300";"15,3";"16,0";"14,5";"93,0";"98,0";"86,0";"13,9";"14,6";"13,0";"913,8";"914,0";"913,5";"2,9";"310,0";"4,9";"";"0,0"
"12/06/2026";"1400";"15,6";"16,0";"15,2";"89,0";"91,0";"85,0";"13,4";"13,9";"12,7";"913,5";"913,8";"913,4";"2,6";"324,0";"4,3";"";"0,0"
"12/06/2026";"1500";"15,5";"16,1";"14,9";"89,0";"93,0";"83,0";"13,2";"14,0";"12,7";"913,2";"913,4";"912,9";"2,7";"314,0";"4,4";"";"0,2"
"12/06/2026";"1600";"13,9";"14,8";"13,3";"97,0";"99,0";"93,0";"13,2";"13,6";"12,7";"912,8";"912,9";"912,7";"3,9";"312,0";"9,2";"";"5,0"
"12/06/2026";"1700";"12,5";"13,3";"12,2";"98,0";"99,0";"97,0";"12,1";"13,0";"11,7";"912,5";"912,8";"912,3";"2,3";"314,0";"4,4";"";"1,2"
"12/06/2026";"1800";"12,9";"13,0";"12,6";"99,0";"99,0";"98,0";"12,7";"12,9";"12,5";"912,2";"912,3";"912,1";"2,6";"302,0";"5,4";"";"0,0"
"12/06/2026";"1900";"12,7";"13,2";"12,3";"98,0";"99,0";"96,0";"12,3";"12,9";"11,8";"912,3";"912,4";"912,2";"4,9";"307,0";"9,1";"";"1,2"
"12/06/2026";"2000";"11,9";"12,3";"11,6";"98,0";"99,0";"97,0";"11,5";"11,9";"11,3";"912,6";"912,9";"912,1";"4,7";"307,0";"9,5";"";"0,4"
"12/06/2026";"2100";"11,3";"11,6";"11,0";"99,0";"99,0";"99,0";"11,1";"11,4";"10,7";"913,2";"913,5";"912,9";"5,1";"304,0";"9,8";"";"0,0"
"12/06/2026";"2200";"10,9";"11,0";"10,8";"99,0";"100,0";"99,0";"10,7";"10,8";"10,7";"913,9";"914,4";"913,5";"4,3";"303,0";"8,1";"";"0,4"
"12/06/2026";"2300";"10,8";"10,9";"10,8";"100,0";"100,0";"100,0";"10,8";"10,8";"10,7";"914,5";"914,8";"914,3";"4,7";"305,0";"7,8";"";"0,4"
"13/06/2026";"0000";"10,8";"10,9";"10,8";"100,0";"100,0";"100,0";"10,8";"10,8";"10,8";"915,1";"915,3";"914,8";"4,8";"301,0";"9,0";"";"0,2"
"13/06/2026";"0100";"10,7";"10,9";"10,5";"100,0";"100,0";"100,0";"10,7";"10,8";"10,5";"915,7";"916,0";"915,2";"3,9";"291,0";"6,9";"";"0,0"
"13/06/2026";"0200";"10,4";"10,5";"10,4";"100,0";"100,0";"100,0";"10,4";"10,5";"10,4";"916,2";"916,5";"915,7";"3,3";"288,0";"7,5";"";"0,2"
"13/06/2026";"0300";"10,3";"10,4";"10,2";"100,0";"100,0";"100,0";"10,3";"10,4";"10,1";"916,7";"916,8";"916,5";"2,6";"283,0";"6,2";"";"0,8"
"13/06/2026";"0400";"";"";"";"";"";"";"";"";"";"";"";"";"";"";"";"";""
"13/06/2026";"0500";"10,0";"10,0";"9,9";"100,0";"100,0";"100,0";"10,0";"10,0";"9,9";"916,6";"916,7";"916,4";"2,4";"276,0";"5,0";"";"0,0"
"13/06/2026";"0600";"9,8";"9,9";"9,6";"100,0";"100,0";"99,0";"9,7";"9,9";"9,5";"916,8";"917,1";"916,6";"3,0";"276,0";"6,5";"";"0,0"
"13/06/2026";"0700";"9,5";"9,6";"9,3";"100,0";"100,0";"100,0";"9,5";"9,6";"9,3";"917,0";"917,1";"916,9";"1,8";"282,0";"4,6";"";"0,4"
"13/06/2026";"0800";"9,3";"9,4";"9,2";"100,0";"100,0";"100,0";"9,3";"9,3";"9,2";"917,2";"917,3";"917,1";"2,2";"277,0";"6,1";"";"0,2"
"13/06/2026";"0900";"9,3";"9,3";"9,2";"100,0";"100,0";"100,0";"9,2";"9,3";"9,2";"917,5";"917,9";"917,2";"2,5";"283,0";"5,9";"";"0,0"
"13/06/2026";"1000";"9,2";"9,3";"9,0";"100,0";"100,0";"100,0";"9,2";"9,3";"9,0";"918,3";"918,6";"917,9";"1,8";"269,0";"4,3";"";"0,4"
"13/06/2026";"1100";"9,0";"9,1";"8,9";"100,0";"100,0";"99,0";"8,9";"9,0";"8,8";"918,8";"919,1";"918,5";"1,1";"268,0";"2,7";"";"0,0"
"13/06/2026";"1200";"9,3";"9,6";"9,0";"99,0";"100,0";"97,0";"9,0";"9,3";"8,6";"919,8";"920,3";"919,1";"1,8";"307,0";"3,3";"";"0,0"
"13/06/2026";"1300";"9,3";"9,5";"9,1";"99,0";"100,0";"99,0";"9,2";"9,4";"9,0";"920,9";"921,3";"920,3";"2,9";"304,0";"5,3";"";"0,0"
"13/06/2026";"1400";"9,4";"9,8";"9,1";"99,0";"100,0";"98,0";"9,2";"9,6";"8,9";"921,5";"921,8";"921,3";"3,0";"307,0";"5,4";"";"0,0"
"13/06/2026";"1500";"10,1";"10,6";"9,4";"96,0";"99,0";"92,0";"9,2";"9,6";"8,8";"921,6";"921,8";"921,5";"3,0";"312,0";"5,4";"";"0,0"
"13/06/2026";"1600";"10,3";"11,9";"9,8";"94,0";"97,0";"86,0";"9,1";"9,7";"8,3";"921,2";"921,5";"920,9";"1,9";"304,0";"3,4";"";"0,0"
"13/06/2026";"1700";"11,1";"12,2";"10,8";"89,0";"93,0";"82,0";"8,9";"9,5";"8,4";"920,7";"920,9";"920,4";"1,8";"305,0";"3,8";"";"0,0"
"13/06/2026";"1800";"11,6";"12,1";"11,2";"86,0";"91,0";"81,0";"8,8";"9,6";"8,2";"920,3";"920,4";"920,2";"1,9";"302,0";"3,6";"";"0,0"
"13/06/2026";"1900";"11,5";"11,8";"11,3";"87,0";"89,0";"82,0";"8,9";"9,3";"8,3";"920,3";"920,4";"920,0";"1,1";"262,0";"2,4";"";"0,0"
"13/06/2026";"2000";"11,2";"11,5";"11,0";"89,0";"91,0";"86,0";"9,0";"9,3";"8,6";"920,1";"920,1";"920,0";"0,7";"279,0";"1,5";"";"0,0"
"13/06/2026";"2100";"10,8";"11,0";"10,5";"92,0";"94,0";"89,0";"9,1";"9,3";"8,9";"920,1";"920,2";"920,0";"0,5";"291,0";"1,3";"";"0,0"
"13/06/2026";"2200";"10,4";"10,6";"10,0";"87,0";"94,0";"78,0";"7,8";"9,4";"6,2";"920,3";"920,4";"920,2";"0,3";"239,0";"0,8";"";"0,0"
"13/06/2026";"2300";"10,1";"10,2";"10,0";"93,0";"95,0";"91,0";"8,7";"9,0";"8,4";"920,6";"920,8";"920,5";"0,5";"273,0";"0,9";"";"0,0"
"14/06/2026";"0000";"10,2";"10,6";"9,8";"87,0";"94,0";"78,0";"7,6";"8,9";"6,1";"920,8";"920,8";"920,7";"0,4";"286,0";"1,0";"";"0,0"
"14/06/2026";"0100";"8,9";"9,6";"8,5";"93,0";"96,0";"89,0";"7,5";"7,8";"7,3";"920,8";"921,0";"920,7";"0,5";"326,0";"0,8";"";"0,0"
"14/06/2026";"0200";"8,8";"9,4";"8,5";"96,0";"97,0";"94,0";"8,0";"8,8";"7,6";"921,0";"921,1";"920,8";"0,9";"291,0";"1,8";"";"0,0"
"14/06/2026";"0300";"9,5";"9,6";"9,4";"97,0";"98,0";"93,0";"8,9";"9,2";"8,1";"921,3";"921,4";"921,1";"1,1";"274,0";"2,4";"";"0,0"
"14/06/2026";"0400";"9,3";"9,5";"9,1";"94,0";"95,0";"92,0";"8,0";"8,5";"7,5";"921,3";"921,4";"921,0";"0,8";"273,0";"1,3";"";"0,0"
"14/06/2026";"0500";"8,8";"9,2";"8,5";"96,0";"98,0";"92,0";"8,0";"8,2";"7,5";"921,0";"921,1";"920,9";"0,6";"273,0";"1,0";"";"0,0"
"14/06/2026";"0600";"8,6";"8,8";"8,4";"99,0";"100,0";"98,0";"8,5";"8,7";"8,1";"920,6";"920,9";"920,3";"0,9";"295,0";"1,5";"";"0,0"
"14/06/2026";"0700";"8,6";"8,8";"8,5";"100,0";"100,0";"100,0";"8,6";"8,8";"8,4";"920,4";"920,5";"920,2";"0,5";"272,0";"1,1";"";"0,0"
"14/06/2026";"0800";"8,6";"8,7";"8,5";"100,0";"100,0";"100,0";"8,6";"8,7";"8,5";"920,2";"920,3";"920,2";"0,7";"296,0";"1,4";"";"0,0"
"14/06/2026";"0900";"8,5";"8,6";"8,5";"100,0";"100,0";"100,0";"8,5";"8,6";"8,4";"920,3";"920,6";"920,1";"0,6";"270,0";"1,4";"";"0,0"
"14/06/2026";"1000";"8,5";"8,5";"8,4";"100,0";"100,0";"98,0";"8,4";"8,5";"8,1";"920,9";"921,1";"920,7";"1,2";"296,0";"2,1";"";"0,0"
"14/06/2026";"1100";"8,5";"8,5";"8,5";"99,0";"100,0";"98,0";"8,3";"8,5";"8,1";"921,4";"921,7";"921,1";"1,3";"290,0";"2,6";"";"0,0"
"14/06/2026";"1200";"8,9";"9,1";"8,5";"97,0";"99,0";"96,0";"8,3";"8,5";"8,2";"921,9";"922,2";"921,6";"2,2";"294,0";"4,4";"";"0,0"
"14/06/2026";"1300";"9,4";"10,1";"8,9";"92,0";"97,0";"82,0";"7,8";"8,4";"6,6";"922,5";"922,7";"922,2";"1,9";"277,0";"4,9";"";"0,0"
"14/06/2026";"1400";"10,2";"10,7";"10,0";"82,0";"87,0";"77,0";"6,6";"7,5";"5,6";"922,8";"922,9";"922,6";"2,1";"265,0";"5,7";"";"0,0"
"14/06/2026";"1500";"10,8";"11,5";"10,2";"78,0";"81,0";"74,0";"6,4";"7,0";"6,1";"922,6";"922,8";"922,3";"1,9";"255,0";"4,9";"";"0,0"
"14/06/2026";"1600";"11,3";"12,3";"10,9";"76,0";"83,0";"71,0";"6,5";"7,8";"5,6";"922,1";"922,3";"922,0";"2,9";"295,0";"5,2";"";"0,0"
"14/06/2026";"1700";"10,8";"11,1";"10,7";"77,0";"81,0";"72,0";"6,3";"7,0";"5,3";"922,0";"922,1";"921,8";"1,6";"284,0";"3,8";"";"0,0"
"14/06/2026";"1800";"11,0";"11,3";"10,6";"76,0";"80,0";"72,0";"6,2";"6,8";"5,6";"921,8";"922,0";"921,6";"1,5";"245,0";"3,4";"";"0,0"
"14/06/2026";"1900";"10,8";"11,0";"10,6";"76,0";"80,0";"74,0";"6,0";"6,6";"5,5";"921,8";"921,9";"921,7";"1,5";"291,0";"3,4";"";"0,0"
"14/06/2026";"2000";"10,3";"10,6";"10,0";"80,0";"83,0";"76,0";"6,3";"6,7";"5,7";"921,9";"922,0";"921,8";"1,3";"288,0";"2,7";"";"0,0"
"14/06/2026";"2100";"9,7";"10,0";"9,5";"84,0";"86,0";"81,0";"6,5";"6,8";"6,2";"922,1";"922,2";"922,0";"0,7";"272,0";"1,4";"";"0,0"
"14/06/2026";"2200";"9,4";"9,5";"9,2";"86,0";"87,0";"84,0";"6,6";"6,9";"6,2";"922,3";"922,5";"922,1";"1,7";"199,0";"3,2";"";"0,0"
"14/06/2026";"2300";"8,9";"9,2";"8,6";"89,0";"91,0";"87,0";"6,8";"7,0";"6,5";"922,8";"923,1";"922,5";"2,3";"191,0";"4,3";"";"0,0"
"15/06/2026";"0000";"8,3";"8,6";"7,8";"93,0";"94,0";"91,0";"6,8";"6,9";"6,5";"923,2";"923,3";"923,2";"1,5";"178,0";"2,5";"";"0,0"
"15/06/2026";"0100";"7,3";"7,9";"6,7";"95,0";"96,0";"93,0";"6,3";"6,6";"5,9";"923,3";"923,4";"923,2";"1,0";"189,0";"2,0";"";"0,0"
"15/06/2026";"0200";"6,3";"6,7";"6,1";"98,0";"99,0";"96,0";"6,0";"6,1";"5,8";"923,3";"923,4";"923,2";"0,8";"167,0";"1,7";"";"0,0"
"15/06/2026";"0300";"5,5";"6,1";"5,0";"99,0";"100,0";"99,0";"5,4";"6,0";"4,9";"923,3";"923,4";"923,2";"0,5";"264,0";"0,8";"";"0,0"
"15/06/2026";"0400";"5,0";"5,5";"4,7";"98,0";"100,0";"";"5,0";"5,4";"4,6";"923,3";"923,4";"923,2";"0,5";"249,0";"1,3";"";"0,0"
"15/06/2026";"0500";"5,0";"5,3";"4,6";"100,0";"100,0";"100,0";"5,0";"5,2";"4,6";"923,2";"923,3";"923,1";"0,4";"191,0";"1,4";"";"0,0"
"15/06/2026";"0600";"5,3";"5,9";"4,8";"100,0";"100,0";"100,0";"5,3";"5,8";"4,7";"923,2";"923,3";"923,1";"1,2";"136,0";"1,9";"";"0,0"
"15/06/2026";"0700";"5,1";"5,7";"4,4";"100,0";"100,0";"100,0";"5,1";"5,6";"4,3";"923,0";"923,1";"922,9";"0,7";"191,0";"1,2";"";"0,0"
"15/06/2026";"0800";"4,7";"5,4";"4,3";"99,0";"100,0";"98,0";"4,6";"5,1";"4,2";"923,0";"923,1";"923,0";"0,8";"160,0";"1,6";"";"0,0"
"15/06/2026";"0900";"5,4";"5,5";"5,2";"98,0";"99,0";"97,0";"5,1";"5,2";"4,9";"922,8";"923,0";"922,7";"1,1";"124,0";"1,9";"";"0,0"
"15/06/2026";"1000";"5,2";"5,2";"5,1";"99,0";"99,0";"99,0";"5,0";"5,1";"4,9";"923,1";"923,4";"922,8";"0,5";"185,0";"1,6";"";"0,0"
"15/06/2026";"1100";"5,3";"5,5";"5,2";"99,0";"99,0";"99,0";"5,1";"5,3";"5,0";"923,6";"923,7";"923,4";"0,4";"157,0";"0,9";"";"0,0"
"15/06/2026";"1200";"5,5";"5,8";"5,3";"98,0";"99,0";"95,0";"5,1";"5,3";"4,8";"923,8";"924,2";"923,6";"0,8";"106,0";"1,4";"";"0,0"
"15/06/2026";"1300";"6,1";"6,7";"5,8";"89,0";"94,0";"84,0";"4,0";"5,0";"2,9";"924,5";"924,7";"924,2";"0,4";"172,0";"1,2";"";"0,0"
"15/06/2026";"1400";"6,9";"7,2";"6,6";"82,0";"90,0";"76,0";"3,2";"4,8";"2,2";"924,7";"924,8";"924,5";"0,9";"187,0";"1,9";"";"0,0"
"15/06/2026";"1500";"7,4";"7,7";"7,0";"77,0";"83,0";"74,0";"2,9";"3,7";"2,0";"924,4";"924,6";"924,1";"1,3";"254,0";"2,3";"";"0,0"
"15/06/2026";"1600";"7,6";"7,9";"7,4";"75,0";"77,0";"72,0";"2,6";"3,3";"2,0";"923,8";"924,2";"923,3";"1,3";"218,0";"3,0";"";"0,0"
"15/06/2026";"1700";"7,8";"7,9";"7,5";"76,0";"79,0";"73,0";"2,9";"3,6";"2,4";"922,9";"923,2";"922,7";"1,3";"229,0";"3,2";"";"0,0"
"15/06/2026";"1800";"8,2";"9,3";"7,9";"74,0";"80,0";"67,0";"3,1";"4,3";"2,6";"922,4";"922,6";"922,3";"1,5";"221,0";"3,0";"";"0,0"
"15/06/2026";"1900";"9,0";"9,4";"8,3";"69,0";"73,0";"66,0";"2,7";"3,6";"2,2";"922,4";"922,6";"922,3";"1,2";"292,0";"2,7";"";"0,0"
"15/06/2026";"2000";"8,9";"9,9";"7,0";"71,0";"83,0";"62,0";"3,0";"4,0";"2,3";"922,4";"922,5";"922,3";"0,3";"279,0";"0,8";"";"0,0"
"15/06/2026";"2100";"5,6";"7,0";"4,9";"89,0";"92,0";"84,0";"3,5";"3,9";"2,9";"922,6";"922,9";"922,5";"1,0";"227,0";"1,6";"";"0,0"
"15/06/2026";"2200";"4,9";"5,4";"4,3";"91,0";"96,0";"88,0";"3,1";"3,5";"2,9";"922,9";"923,2";"922,8";"0,8";"201,0";"1,2";"";"0,0"
"15/06/2026";"2300";"4,4";"4,5";"4,2";"93,0";"95,0";"92,0";"3,1";"3,3";"2,9";"923,2";"923,3";"923,1";"0,7";"187,0";"1,4";"";"0,0"
"16/06/2026";"0000";"4,0";"4,3";"3,8";"95,0";"97,0";"94,0";"3,0";"3,2";"2,7";"923,2";"923,4";"923,2";"0,7";"173,0";"1,6";"";"0,0"
"16/06/2026";"0100";"3,8";"4,0";"3,5";"97,0";"98,0";"95,0";"3,1";"3,3";"2,9";"923,2";"923,2";"923,1";"0,7";"147,0";"1,0";"";"0,0"
"16/06/2026";"0200";"3,4";"3,8";"3,1";"97,0";"98,0";"95,0";"2,8";"3,1";"2,4";"923,2";"923,2";"923,0";"1,2";"122,0";"1,8";"";"0,0"
"16/06/2026";"0300";"2,6";"3,1";"2,2";"99,0";"99,0";"97,0";"2,4";"2,6";"2,1";"923,1";"923,3";"923,0";"0,7";"95,0";"1,0";"";"0,0"
"16/06/2026";"0400";"2,0";"2,2";"1,8";"100,0";"100,0";"99,0";"2,0";"2,2";"1,7";"923,3";"923,3";"923,2";"1,5";"119,0";"2,2";"";"0,0"
"16/06/2026";"0500";"1,4";"2,0";"0,6";"100,0";"100,0";"100,0";"1,4";"2,0";"0,6";"923,2";"923,3";"923,1";"1,5";"110,0";"2,4";"";"0,0"
"16/06/2026";"0600";"0,3";"0,6";"0,0";"100,0";"100,0";"100,0";"0,3";"0,6";"0,0";"922,9";"923,2";"922,6";"1,2";"98,0";"1,7";"";"0,0"
"16/06/2026";"0700";"0,3";"0,5";"-0,1";"100,0";"100,0";"100,0";"0,2";"0,5";"-0,1";"922,5";"922,6";"922,4";"1,6";"102,0";"2,7";"";"0,0"
"16/06/2026";"0800";"0,5";"0,6";"0,5";"100,0";"100,0";"100,0";"0,5";"0,6";"0,4";"922,3";"922,4";"922,1";"0,9";"83,0";"2,2";"";"0,2"
"16/06/2026";"0900";"0,6";"0,7";"0,5";"100,0";"100,0";"100,0";"0,6";"0,7";"0,5";"922,3";"922,7";"922,1";"1,1";"99,0";"1,8";"";"0,0"
"16/06/2026";"1000";"0,9";"1,0";"0,6";"100,0";"100,0";"100,0";"0,9";"1,0";"0,6";"923,0";"923,2";"922,8";"0,6";"83,0";"2,2";"";"0,0"
"16/06/2026";"1100";"1,3";"1,7";"1,0";"100,0";"100,0";"100,0";"1,2";"1,7";"0,9";"923,4";"923,7";"923,2";"0,8";"90,0";"2,8";"";"0,0"
"16/06/2026";"1200";"";"";"";"";"";"";"";"";"";"";"";"";"";"";"";"";""
"16/06/2026";"1300";"";"";"";"";"";"";"";"";"";"";"";"";"";"";"";"";""
"16/06/2026";"1400";"";"";"";"";"";"";"";"";"";"";"";"";"";"";"";"";""
"16/06/2026";"1500";"";"";"";"";"";"";"";"";"";"";"";"";"";"";"";"";""
"16/06/2026";"1600";"";"";"";"";"";"";"";"";"";"";"";"";"";"";"";"";""
"16/06/2026";"1700";"";"";"";"";"";"";"";"";"";"";"";"";"";"";"";"";""
"16/06/2026";"1800";"";"";"";"";"";"";"";"";"";"";"";"";"";"";"";"";""
"16/06/2026";"1900";"";"";"";"";"";"";"";"";"";"";"";"";"";"";"";"";""
"16/06/2026";"2000";"";"";"";"";"";"";"";"";"";"";"";"";"";"";"";"";""
"16/06/2026";"2100";"";"";"";"";"";"";"";"";"";"";"";"";"";"";"";"";""
"16/06/2026";"2200";"";"";"";"";"";"";"";"";"";"";"";"";"";"";"";"";""
"16/06/2026";"2300";"";"";"";"";"";"";"";"";"";"";"";"";"";"";"";"";""
"17/06/2026";"0000";"";"";"";"";"";"";"";"";"";"";"";"";"";"";"";"";""
"17/06/2026";"0100";"5,3";"5,7";"5,0";"92,0";"93,0";"90,0";"3,6";"4,0";"3,0";"923,7";"923,8";"923,6";"1,5";"246,0";"3,0";"";"0,0"
"17/06/2026";"0200";"5,1";"5,4";"4,7";"88,0";"90,0";"84,0";"2,7";"3,1";"2,2";"923,7";"923,9";"923,6";"0,9";"126,0";"2,4";"";"0,0"
"17/06/2026";"0300";"4,5";"4,7";"4,3";"90,0";"93,0";"88,0";"2,5";"3,0";"2,1";"924,0";"924,1";"923,9";"1,2";"137,0";"1,9";"";"0,0"
"17/06/2026";"0400";"3,9";"4,3";"3,6";"91,0";"93,0";"89,0";"2,2";"2,5";"1,8";"924,0";"924,1";"924,0";"0,9";"236,0";"2,2";"";"0,0"
"17/06/2026";"0500";"4,0";"4,2";"3,7";"89,0";"91,0";"87,0";"1,8";"2,0";"1,4";"924,0";"924,1";"923,8";"0,5";"169,0";"1,8";"";"0,0"
"17/06/2026";"0600";"3,8";"4,1";"3,4";"87,0";"89,0";"85,0";"1,3";"1,8";"1,0";"923,9";"924,0";"923,8";"0,4";"107,0";"0,9";"";"0,0"
"17/06/2026";"0700";"3,1";"3,4";"2,5";"89,0";"92,0";"87,0";"0,9";"1,3";"0,7";"924,0";"924,2";"923,8";"0,3";"76,0";"0,6";"";"0,0"
"17/06/2026";"0800";"3,0";"3,4";"2,3";"87,0";"94,0";"83,0";"0,3";"1,3";"-0,4";"923,9";"924,2";"923,8";"0,8";"136,0";"2,0";"";"0,0"
"17/06/2026";"0900";"2,0";"2,9";"1,5";"94,0";"97,0";"86,0";"0,8";"1,3";"-0,2";"924,2";"924,3";"923,9";"0,8";"138,0";"1,9";"";"0,0"
"17/06/2026";"1000";"1,6";"2,1";"1,1";"89,0";"92,0";"85,0";"-0,7";"-0,4";"-1,1";"924,5";"924,7";"924,2";"0,9";"151,0";"1,6";"";"0,0"
"17/06/2026";"1100";"1,5";"1,7";"1,1";"89,0";"97,0";"83,0";"-0,8";"0,4";"-1,8";"925,1";"925,4";"924,7";"1,5";"117,0";"2,5";"";"0,0"
"17/06/2026";"1200";"2,0";"3,8";"1,1";"93,0";"97,0";"83,0";"0,7";"1,4";"0,2";"925,5";"925,7";"925,4";"0,6";"174,0";"2,1";"";"0,0"
"17/06/2026";"1300";"5,2";"6,4";"3,8";"78,0";"84,0";"73,0";"0,8";"2,4";"-0,7";"925,8";"926,0";"925,5";"1,0";"147,0";"2,8";"";"0,0"
"17/06/2026";"1400";"8,3";"10,1";"6,4";"74,0";"82,0";"60,0";"3,2";"4,1";"2,0";"926,1";"926,3";"926,0";"2,0";"295,0";"3,6";"";"0,0"
"17/06/2026";"1500";"10,7";"11,6";"10,2";"60,0";"63,0";"56,0";"2,8";"3,9";"1,7";"926,2";"926,3";"926,1";"2,3";"306,0";"5,0";"";"0,0"
"17/06/2026";"1600";"12,5";"13,6";"11,6";"61,0";"65,0";"58,0";"4,7";"6,2";"3,6";"926,3";"926,4";"926,1";"2,5";"303,0";"4,3";"";"0,0"
"17/06/2026";"1700";"13,6";"13,9";"13,1";"60,0";"63,0";"54,0";"5,5";"6,2";"4,5";"926,0";"926,1";"925,8";"3,0";"303,0";"4,6";"";"0,0"
"17/06/2026";"1800";"14,2";"14,9";"13,7";"56,0";"62,0";"50,0";"5,4";"6,2";"4,4";"926,0";"926,0";"925,9";"1,9";"262,0";"5,0";"";"0,0"
"17/06/2026";"1900";"14,3";"14,7";"13,8";"54,0";"57,0";"50,0";"5,0";"5,8";"4,6";"925,9";"926,0";"925,9";"1,5";"247,0";"3,3";"";"0,0"
"17/06/2026";"2000";"13,5";"14,1";"12,8";"59,0";"64,0";"54,0";"5,4";"5,9";"4,8";"926,2";"926,5";"926,0";"1,6";"296,0";"3,0";"";"0,0"
"17/06/2026";"2100";"11,2";"12,9";"9,8";"71,0";"77,0";"64,0";"5,4";"5,8";"5,2";"926,6";"926,6";"926,5";"0,7";"259,0";"1,7";"";"0,0"
"17/06/2026";"2200";"9,2";"9,8";"8,7";"80,0";"83,0";"77,0";"5,1";"5,7";"4,9";"926,7";"926,8";"926,6";"1,2";"219,0";"1,7";"";"0,0"
"17/06/2026";"2300";"8,1";"8,9";"7,6";"86,0";"90,0";"80,0";"5,3";"5,5";"4,9";"926,8";"926,8";"926,7";"0,7";"170,0";"1,2";"";"0,0"
"18/06/2026";"0000";"7,1";"7,7";"6,4";"90,0";"93,0";"88,0";"5,1";"5,4";"4,6";"926,7";"926,9";"926,7";"1,4";"130,0";"2,0";"";"0,0"
"18/06/2026";"0100";"6,3";"6,7";"5,9";"91,0";"95,0";"87,0";"4,5";"5,2";"3,8";"926,8";"926,9";"926,7";"1,1";"129,0";"2,1";"";"0,0"
"18/06/2026";"0200";"5,2";"5,8";"4,6";"94,0";"98,0";"91,0";"4,1";"4,7";"3,9";"926,8";"926,9";"926,6";"1,5";"119,0";"2,4";"";"0,0"
"18/06/2026";"0300";"5,7";"6,0";"5,0";"96,0";"98,0";"94,0";"4,9";"5,1";"4,5";"926,9";"927,0";"926,8";"1,7";"125,0";"3,0";"";"0,0"
"18/06/2026";"0400";"5,0";"5,3";"4,8";"98,0";"99,0";"98,0";"4,6";"4,9";"4,5";"926,6";"926,8";"926,4";"3,4";"108,0";"5,1";"";"0,0"
"18/06/2026";"0500";"4,6";"4,8";"4,3";"99,0";"99,0";"99,0";"4,4";"4,5";"4,1";"926,2";"926,4";"926,1";"2,5";"118,0";"4,3";"";"0,0"
"18/06/2026";"0600";"4,1";"4,3";"3,9";"99,0";"100,0";"99,0";"4,0";"4,2";"3,8";"925,7";"926,1";"925,5";"3,1";"108,0";"4,4";"";"0,0"
"18/06/2026";"0700";"3,4";"3,9";"3,0";"100,0";"100,0";"99,0";"3,4";"3,8";"3,0";"925,4";"925,5";"925,3";"3,4";"113,0";"4,7";"";"0,0"
"18/06/2026";"0800";"2,6";"3,1";"2,2";"100,0";"100,0";"100,0";"2,6";"3,0";"2,1";"925,1";"925,3";"924,9";"4,4";"112,0";"6,4";"";"0,0"
"18/06/2026";"0900";"1,9";"2,0";"1,7";"100,0";"100,0";"100,0";"1,8";"2,0";"1,7";"925,0";"925,1";"924,9";"4,7";"112,0";"6,5";"";"0,2"
"18/06/2026";"1000";"2,4";"2,5";"2,3";"100,0";"100,0";"100,0";"2,4";"2,4";"2,3";"925,1";"925,2";"925,1";"4,6";"102,0";"6,8";"";"0,0"
"18/06/2026";"1100";"2,4";"2,6";"2,3";"100,0";"100,0";"100,0";"2,4";"2,5";"2,2";"925,6";"925,9";"925,2";"3,6";"96,0";"6,8";"";"0,0"
"18/06/2026";"1200";"2,7";"3,2";"2,2";"100,0";"100,0";"100,0";"2,6";"3,2";"2,2";"926,2";"926,4";"925,9";"3,8";"112,0";"5,7";"";"0,0"
"18/06/2026";"1300";"4,4";"5,5";"3,2";"97,0";"100,0";"93,0";"3,8";"4,4";"3,2";"926,5";"926,8";"926,4";"2,5";"92,0";"5,3";"";"0,0"
"18/06/2026";"1400";"7,2";"8,7";"5,5";"84,0";"94,0";"76,0";"4,1";"5,0";"3,4";"926,7";"926,9";"926,5";"1,3";"90,0";"4,3";"";"0,0"
"18/06/2026";"1500";"9,4";"9,8";"8,7";"76,0";"82,0";"72,0";"4,5";"5,4";"3,9";"926,2";"926,5";"925,8";"2,9";"96,0";"4,5";"";"0,0"
"18/06/2026";"1600";"10,9";"11,9";"9,8";"73,0";"77,0";"70,0";"5,5";"7,0";"4,2";"925,4";"925,8";"924,9";"1,2";"81,0";"3,9";"";"0,0"
"18/06/2026";"1700";"12,7";"14,2";"11,8";"71,0";"76,0";"64,0";"7,0";"7,9";"6,0";"924,4";"924,9";"924,2";"1,0";"133,0";"4,0";"";"0,0"
"18/06/2026";"1800";"15,0";"15,4";"14,3";"59,0";"68,0";"54,0";"6,9";"7,9";"6,0";"924,3";"924,4";"924,2";"1,6";"201,0";"4,4";"";"0,0"
"18/06/2026";"1900";"15,0";"15,5";"14,3";"57,0";"62,0";"55,0";"6,5";"7,3";"5,9";"924,3";"924,4";"924,1";"1,2";"145,0";"3,6";"";"0,0"
"18/06/2026";"2000";"13,6";"14,3";"13,1";"61,0";"65,0";"58,0";"5,9";"6,9";"5,2";"924,1";"924,2";"923,9";"1,1";"148,0";"4,0";"";"0,0"
"18/06/2026";"2100";"12,2";"13,4";"11,1";"65,0";"72,0";"58,0";"5,2";"5,7";"4,8";"923,7";"924,0";"923,3";"0,7";"128,0";"3,0";"";"0,0"
"18/06/2026";"2200";"10,6";"11,1";"10,2";"75,0";"79,0";"71,0";"5,7";"6,1";"5,2";"923,3";"923,6";"923,2";"0,7";"92,0";"2,7";"";"0,0"
"18/06/2026";"2300";"10,0";"10,2";"9,9";"76,0";"80,0";"71,0";"5,2";"6,0";"4,2";"923,3";"923,4";"923,0";"1,3";"112,0";"5,2";"";"0,0"
"19/06/2026";"0000";"10,2";"10,8";"9,9";"72,0";"74,0";"69,0";"4,5";"4,8";"4,2";"922,8";"923,0";"922,6";"1,9";"140,0";"7,4";"";"0,0"
"19/06/2026";"0100";"10,5";"10,7";"10,2";"73,0";"75,0";"71,0";"5,0";"5,3";"4,7";"922,6";"922,8";"922,4";"1,3";"111,0";"4,1";"";"0,0"
"19/06/2026";"0200";"10,0";"10,2";"9,8";"77,0";"80,0";"74,0";"5,3";"5,7";"5,0";"921,9";"922,6";"921,1";"1,1";"82,0";"3,2";"";"0,0"
"19/06/2026";"0300";"10,2";"10,5";"9,8";"80,0";"81,0";"78,0";"6,2";"6,7";"5,6";"920,4";"921,1";"920,0";"1,2";"127,0";"4,2";"";"0,0"
"19/06/2026";"0400";"10,7";"11,0";"10,4";"81,0";"82,0";"79,0";"6,8";"6,9";"6,7";"920,4";"920,9";"919,9";"1,2";"197,0";"4,3";"";"0,0"
"19/06/2026";"0500";"10,9";"11,2";"10,4";"77,0";"81,0";"74,0";"6,4";"6,8";"5,8";"920,8";"921,2";"920,3";"2,3";"149,0";"8,7";"";"0,0"
"19/06/2026";"0600";"11,1";"11,4";"10,7";"73,0";"77,0";"70,0";"5,7";"6,2";"5,3";"920,0";"920,5";"919,7";"2,5";"154,0";"7,6";"";"0,0"
"19/06/2026";"0700";"10,6";"11,1";"10,3";"74,0";"76,0";"71,0";"5,4";"5,7";"5,3";"919,8";"920,1";"919,4";"1,6";"156,0";"6,3";"";"0,0"
"19/06/2026";"0800";"10,5";"10,7";"10,3";"75,0";"77,0";"74,0";"5,6";"5,8";"5,3";"919,4";"919,6";"919,0";"2,0";"148,0";"7,4";"";"0,0"
"19/06/2026";"0900";"10,6";"10,8";"10,5";"74,0";"76,0";"73,0";"5,4";"5,6";"5,3";"918,7";"918,9";"918,5";"1,9";"137,0";"5,9";"";"0,0"
"19/06/2026";"1000";"10,4";"10,7";"10,2";"75,0";"77,0";"74,0";"5,5";"5,7";"5,3";"920,4";"921,6";"918,6";"2,6";"301,0";"5,5";"";"0,0"
"19/06/2026";"1100";"10,0";"10,3";"9,8";"78,0";"81,0";"76,0";"5,6";"6,1";"5,4";"921,8";"922,4";"921,2";"2,7";"281,0";"5,9";"";"0,0"
"19/06/2026";"1200";"10,0";"10,2";"9,8";"80,0";"84,0";"77,0";"6,1";"6,7";"5,5";"922,5";"923,0";"922,0";"1,4";"324,0";"2,7";"";"0,0"
"19/06/2026";"1300";"10,4";"10,6";"10,2";"81,0";"84,0";"77,0";"6,6";"7,3";"5,9";"923,0";"923,4";"922,4";"1,5";"299,0";"2,6";"";"0,0"
"19/06/2026";"1400";"9,3";"10,3";"8,9";"93,0";"98,0";"82,0";"8,0";"8,6";"6,7";"922,8";"923,4";"922,2";"0,6";"110,0";"2,0";"";"2,4"
"19/06/2026";"1500";"9,1";"9,2";"9,0";"96,0";"97,0";"96,0";"8,4";"8,6";"8,1";"922,2";"922,5";"922,1";"2,7";"313,0";"4,5";"";"0,6"
"19/06/2026";"1600";"9,1";"9,3";"9,1";"98,0";"99,0";"96,0";"8,8";"9,1";"8,3";"921,1";"922,0";"920,2";"2,2";"169,0";"5,2";"";"1,8"
"19/06/2026";"1700";"9,5";"9,9";"9,2";"99,0";"99,0";"98,0";"9,2";"9,6";"9,0";"919,2";"920,1";"918,3";"2,2";"227,0";"7,4";"";"0,6"
"19/06/2026";"1800";"10,1";"10,2";"10,0";"98,0";"99,0";"98,0";"9,8";"10,0";"9,6";"919,2";"919,5";"918,8";"1,6";"232,0";"4,2";"";"0,0"
"19/06/2026";"1900";"10,4";"10,8";"10,2";"98,0";"99,0";"96,0";"10,0";"10,1";"9,8";"917,6";"919,3";"916,7";"3,4";"302,0";"5,6";"";"0,0"
"19/06/2026";"2000";"10,7";"10,8";"10,6";"97,0";"98,0";"96,0";"10,1";"10,3";"9,9";"919,3";"919,5";"919,2";"2,9";"311,0";"5,5";"";"0,0"
"19/06/2026";"2100";"10,6";"10,7";"10,5";"96,0";"97,0";"95,0";"9,9";"10,0";"9,7";"919,1";"919,3";"918,8";"3,1";"320,0";"4,8";"";"0,0"
"19/06/2026";"2200";"10,5";"10,6";"10,4";"97,0";"98,0";"96,0";"9,9";"10,1";"9,8";"919,5";"920,0";"919,0";"2,1";"296,0";"3,6";"";"0,0"
"19/06/2026";"2300";"10,6";"10,6";"10,5";"98,0";"99,0";"97,0";"10,2";"10,3";"10,0";"920,0";"920,6";"919,5";"2,1";"302,0";"4,5";"";"0,0"
"20/06/2026";"0000";"10,5";"10,6";"10,4";"99,0";"99,0";"98,0";"10,2";"10,3";"10,1";"920,5";"920,8";"920,3";"1,7";"300,0";"3,0";"";"0,0"
"20/06/2026";"0100";"10,7";"10,8";"10,6";"98,0";"98,0";"97,0";"10,2";"10,3";"10,2";"920,6";"920,7";"920,4";"1,3";"308,0";"2,2";"";"0,0"
"20/06/2026";"0200";"10,7";"10,8";"10,7";"98,0";"99,0";"98,0";"10,4";"10,6";"10,2";"920,2";"920,5";"920,0";"1,7";"294,0";"3,3";"";"0,0"
"20/06/2026";"0300";"10,7";"10,7";"10,6";"100,0";"100,0";"99,0";"10,6";"10,6";"10,6";"920,2";"920,5";"919,8";"0,9";"292,0";"1,6";"";"0,0"
"20/06/2026";"0400";"10,7";"10,7";"10,6";"100,0";"100,0";"100,0";"10,6";"10,7";"10,6";"920,1";"920,3";"919,8";"0,9";"276,0";"1,9";"";"0,0"
"20/06/2026";"0500";"10,5";"10,6";"10,2";"100,0";"100,0";"100,0";"10,5";"10,6";"10,1";"920,2";"920,4";"920,0";"1,8";"181,0";"4,0";"";"0,4"
"20/06/2026";"0600";"9,3";"10,1";"8,6";"100,0";"100,0";"100,0";"9,3";"10,1";"8,6";"919,9";"920,0";"919,7";"2,2";"207,0";"4,6";"";"0,2"
"20/06/2026";"0700";"8,4";"8,6";"8,0";"100,0";"100,0";"100,0";"8,4";"8,6";"8,0";"919,9";"920,2";"919,7";"1,9";"199,0";"4,2";"";"0,0"
"20/06/2026";"0800";"7,6";"8,0";"7,4";"100,0";"100,0";"100,0";"7,6";"8,0";"7,4";"919,6";"919,8";"919,4";"1,5";"194,0";"3,1";"";"0,0"
"20/06/2026";"0900";"7,3";"7,4";"7,3";"100,0";"100,0";"100,0";"7,3";"7,4";"7,3";"919,2";"919,4";"919,0";"1,4";"189,0";"2,4";"";"0,0"
"20/06/2026";"1000";"7,3";"7,4";"7,2";"100,0";"100,0";"100,0";"7,3";"7,4";"7,2";"919,4";"919,6";"919,2";"0,8";"177,0";"1,8";"";"0,0"
"20/06/2026";"1100";"7,3";"7,4";"7,3";"100,0";"100,0";"100,0";"7,3";"7,4";"7,2";"919,7";"919,9";"919,5";"0,4";"234,0";"0,9";"";"0,0"
"20/06/2026";"1200";"7,4";"7,5";"7,3";"100,0";"100,0";"100,0";"7,4";"7,5";"7,3";"920,0";"920,2";"919,8";"1,1";"227,0";"2,0";"";"0,2"
"20/06/2026";"1300";"7,7";"8,1";"7,5";"100,0";"100,0";"100,0";"7,7";"8,1";"7,5";"920,2";"920,3";"920,0";"0,8";"167,0";"1,8";"";"0,0"
"20/06/2026";"1400";"8,2";"8,4";"8,0";"100,0";"100,0";"100,0";"8,1";"8,4";"8,0";"919,7";"920,1";"919,0";"1,8";"183,0";"3,4";"";"0,0"
"20/06/2026";"1500";"8,7";"9,0";"8,4";"99,0";"100,0";"98,0";"8,6";"8,8";"8,4";"919,1";"919,6";"918,5";"1,4";"205,0";"2,6";"";"0,0"
"20/06/2026";"1600";"9,0";"9,2";"8,9";"99,0";"100,0";"98,0";"8,8";"8,9";"8,5";"918,5";"918,9";"918,3";"1,1";"281,0";"2,3";"";"0,0"
"20/06/2026";"1700";"9,0";"9,2";"8,8";"99,0";"100,0";"99,0";"8,9";"9,1";"8,7";"917,9";"918,4";"917,7";"0,7";"173,0";"1,8";"";"0,0"
"20/06/2026";"1800";"9,3";"9,5";"9,1";"98,0";"99,0";"98,0";"9,0";"9,2";"8,8";"917,7";"917,8";"917,5";"1,1";"154,0";"2,6";"";"0,0"
"20/06/2026";"1900";"9,1";"9,4";"9,0";"99,0";"100,0";"98,0";"9,0";"9,2";"8,8";"917,4";"917,7";"916,9";"0,8";"212,0";"2,2";"";"0,0"
"20/06/2026";"2000";"9,0";"9,2";"8,9";"100,0";"100,0";"99,0";"9,0";"9,2";"8,9";"916,9";"917,4";"916,7";"0,8";"251,0";"1,7";"";"0,0"
"20/06/2026";"2100";"8,8";"8,9";"8,6";"100,0";"100,0";"100,0";"8,7";"8,9";"8,6";"917,6";"917,9";"917,4";"1,1";"259,0";"2,2";"";"0,0"
"20/06/2026";"2200";"8,6";"8,6";"8,4";"100,0";"100,0";"100,0";"8,5";"8,6";"8,4";"917,6";"917,7";"917,5";"1,6";"216,0";"3,1";"";"0,0"
"20/06/2026";"2300";"8,3";"8,4";"8,2";"100,0";"100,0";"100,0";"8,3";"8,4";"8,2";"917,9";"918,3";"917,5";"1,0";"267,0";"3,1";"";"0,0"
"21/06/2026";"0000";"8,1";"8,3";"7,9";"100,0";"100,0";"100,0";"8,1";"8,3";"7,9";"918,2";"918,4";"918,0";"0,9";"151,0";"1,6";"";"0,2"
"21/06/2026";"0100";"7,8";"7,9";"7,8";"100,0";"100,0";"100,0";"7,8";"7,9";"7,7";"918,3";"918,6";"918,0";"0,7";"215,0";"1,4";"";"0,0"
"21/06/2026";"0200";"7,9";"8,0";"7,9";"100,0";"100,0";"100,0";"7,9";"8,0";"7,9";"918,6";"918,7";"918,5";"0,8";"197,0";"1,8";"";"0,0"
"21/06/2026";"0300";"7,9";"8,0";"7,8";"100,0";"100,0";"100,0";"7,9";"8,0";"7,8";"918,4";"918,6";"918,3";"1,4";"168,0";"2,5";"";"0,0"
"21/06/2026";"0400";"7,9";"8,0";"7,8";"100,0";"100,0";"100,0";"7,9";"8,0";"7,8";"918,4";"918,7";"918,1";"0,8";"289,0";"1,6";"";"0,0"
"21/06/2026";"0500";"8,1";"8,1";"8,0";"100,0";"100,0";"100,0";"8,0";"8,1";"8,0";"918,6";"918,8";"918,4";"0,3";"122,0";"0,9";"";"0,0"
"21/06/2026";"0600";"8,1";"8,1";"8,0";"100,0";"100,0";"100,0";"8,0";"8,1";"8,0";"918,3";"918,5";"917,9";"0,5";"99,0";"1,5";"";"0,0"
"21/06/2026";"0700";"8,1";"8,2";"8,1";"100,0";"100,0";"100,0";"8,1";"8,2";"8,0";"917,8";"918,0";"917,6";"0,8";"80,0";"2,4";"";"0,0"
"21/06/2026";"0800";"8,0";"8,1";"8,0";"100,0";"100,0";"100,0";"8,0";"8,1";"8,0";"917,8";"918,0";"917,7";"0,5";"85,0";"1,5";"";"0,0"
"21/06/2026";"0900";"8,0";"8,1";"7,9";"100,0";"100,0";"100,0";"8,0";"8,1";"7,9";"918,1";"918,6";"917,7";"1,3";"297,0";"2,4";"";"0,0"
"21/06/2026";"1000";"8,1";"8,1";"8,0";"100,0";"100,0";"100,0";"8,0";"8,1";"7,9";"919,1";"919,3";"918,7";"0,9";"245,0";"1,9";"";"0,0"
"21/06/2026";"1100";"8,1";"8,1";"7,9";"100,0";"100,0";"100,0";"8,0";"8,1";"7,9";"919,6";"919,8";"919,3";"1,3";"246,0";"3,0";"";"0,0"
"21/06/2026";"1200";"8,1";"8,4";"8,0";"100,0";"100,0";"100,0";"8,1";"8,4";"7,9";"919,7";"919,9";"919,5";"1,1";"149,0";"3,7";"";"0,0"
"21/06/2026";"1300";"8,7";"9,2";"8,4";"100,0";"100,0";"100,0";"8,7";"9,2";"8,3";"919,9";"920,1";"919,7";"1,1";"147,0";"3,7";"";"0,0"
"21/06/2026";"1400";"10,0";"11,1";"9,2";"98,0";"100,0";"93,0";"9,7";"10,3";"9,1";"920,1";"920,2";"920,0";"1,5";"148,0";"4,2";"";"0,0"
"21/06/2026";"1500";"12,4";"13,7";"11,2";"85,0";"93,0";"78,0";"9,4";"10,0";"8,5";"919,8";"920,1";"919,5";"1,2";"159,0";"4,0";"";"0,0"
"21/06/2026";"1600";"14,3";"15,3";"13,1";"74,0";"85,0";"65,0";"9,2";"10,4";"7,8";"919,2";"919,5";"918,8";"1,7";"222,0";"4,7";"";"0,0"
"21/06/2026";"1700";"15,9";"16,5";"15,2";"65,0";"74,0";"57,0";"9,0";"10,5";"7,9";"918,5";"918,8";"918,2";"2,0";"197,0";"4,8";"";"0,0"
"21/06/2026";"1800";"16,6";"17,0";"16,1";"59,0";"66,0";"54,0";"8,4";"9,6";"7,4";"917,9";"918,2";"917,7";"1,8";"204,0";"5,0";"";"0,0"
"21/06/2026";"1900";"16,5";"16,9";"15,7";"60,0";"65,0";"56,0";"8,5";"9,4";"7,8";"917,3";"917,7";"917,1";"1,2";"225,0";"3,4";"";"0,0"
"21/06/2026";"2000";"16,6";"17,5";"16,2";"58,0";"64,0";"53,0";"8,3";"10,0";"7,3";"917,2";"917,5";"917,0";"0,7";"163,0";"1,4";"";"0,0"
"21/06/2026";"2100";"13,6";"17,2";"11,2";"74,0";"82,0";"61,0";"8,3";"9,9";"7,4";"917,8";"917,9";"917,5";"0,7";"316,0";"1,2";"";"0,0"
"21/06/2026";"2200";"10,8";"11,3";"10,4";"82,0";"85,0";"79,0";"7,3";"7,8";"7,0";"918,0";"918,1";"917,8";"1,3";"328,0";"2,2";"";"0,0"
"21/06/2026";"2300";"10,2";"10,7";"9,9";"83,0";"86,0";"81,0";"6,9";"7,1";"6,7";"918,1";"918,4";"917,9";"0,5";"87,0";"1,1";"";"0,0"
"22/06/2026";"0000";"9,5";"10,3";"9,0";"87,0";"90,0";"83,0";"6,9";"7,1";"6,6";"918,1";"918,2";"917,9";"1,5";"176,0";"2,1";"";"0,0"
"22/06/2026";"0100";"8,5";"9,3";"7,4";"93,0";"99,0";"88,0";"7,1";"7,3";"6,9";"918,4";"918,5";"918,3";"2,3";"112,0";"3,9";"";"0,0"
"22/06/2026";"0200";"7,6";"7,8";"7,2";"99,0";"99,0";"98,0";"7,3";"7,6";"6,9";"918,3";"918,5";"918,1";"3,1";"95,0";"5,6";"";"0,0"
"22/06/2026";"0300";"7,5";"7,7";"7,4";"99,0";"100,0";"98,0";"7,3";"7,5";"7,2";"918,1";"918,4";"917,3";"3,4";"90,0";"7,0";"";"0,0"
"22/06/2026";"0400";"7,9";"8,5";"7,2";"99,0";"100,0";"98,0";"7,7";"8,3";"7,0";"917,3";"917,6";"917,0";"1,2";"89,0";"4,9";"";"0,0"
"22/06/2026";"0500";"8,4";"9,6";"7,9";"98,0";"99,0";"96,0";"8,0";"8,9";"7,4";"916,6";"917,0";"916,3";"1,0";"163,0";"3,3";"";"0,0"
"22/06/2026";"0600";"10,1";"10,3";"9,7";"93,0";"96,0";"92,0";"8,7";"8,9";"8,6";"916,3";"916,5";"916,1";"1,0";"138,0";"2,9";"";"0,0"
"22/06/2026";"0700";"10,3";"10,6";"10,1";"93,0";"95,0";"90,0";"8,8";"9,0";"8,7";"915,9";"916,1";"915,6";"0,9";"141,0";"4,6";"";"0,0"
"22/06/2026";"0800";"10,6";"11,2";"10,4";"89,0";"92,0";"85,0";"8,5";"8,8";"8,1";"915,2";"915,6";"914,8";"1,9";"129,0";"6,6";"";"0,0"
"22/06/2026";"0900";"11,3";"11,6";"11,1";"84,0";"87,0";"81,0";"8,2";"8,6";"7,8";"914,9";"915,2";"914,5";"0,7";"146,0";"1,9";"";"0,2"
"22/06/2026";"1000";"11,2";"11,8";"11,0";"84,0";"87,0";"79,0";"8,1";"8,5";"7,6";"914,4";"914,9";"913,8";"1,1";"146,0";"5,0";"";"0,0"
"22/06/2026";"1100";"12,0";"12,3";"11,7";"79,0";"82,0";"78,0";"7,9";"8,2";"7,6";"913,9";"914,4";"913,5";"1,2";"129,0";"5,4";"";"0,0"
"22/06/2026";"1200";"12,7";"13,2";"12,1";"79,0";"80,0";"77,0";"8,4";"8,8";"8,0";"913,3";"913,7";"912,9";"1,5";"137,0";"6,2";"";"0,0"
"22/06/2026";"1300";"11,7";"13,5";"10,4";"89,0";"98,0";"76,0";"9,5";"10,0";"8,7";"913,6";"914,3";"912,9";"1,8";"193,0";"4,8";"";"3,0"
"22/06/2026";"1400";"10,3";"10,5";"10,2";"99,0";"100,0";"99,0";"10,2";"10,3";"10,0";"913,7";"915,4";"912,8";"1,6";"245,0";"5,8";"";"9,1"
"22/06/2026";"1500";"10,4";"10,6";"10,2";"100,0";"100,0";"100,0";"10,4";"10,6";"10,1";"914,3";"915,7";"913,3";"1,3";"191,0";"2,5";"";"6,1"
"22/06/2026";"1600";"10,3";"10,6";"10,1";"100,0";"100,0";"100,0";"10,3";"10,5";"10,1";"912,6";"913,4";"911,9";"0,9";"96,0";"3,6";"";"3,6"
"22/06/2026";"1700";"10,6";"10,9";"10,5";"100,0";"100,0";"100,0";"10,6";"10,9";"10,4";"912,5";"913,0";"911,8";"1,3";"134,0";"3,2";"";"3,2"
"22/06/2026";"1800";"11,1";"11,3";"10,9";"100,0";"100,0";"100,0";"11,0";"11,3";"10,9";"912,3";"912,7";"912,0";"1,5";"224,0";"3,0";"";"2,4"
"22/06/2026";"1900";"11,5";"11,6";"11,3";"100,0";"100,0";"100,0";"11,5";"11,6";"11,3";"912,8";"913,4";"912,3";"3,3";"308,0";"6,4";"";"0,4"
"22/06/2026";"2000";"11,1";"11,5";"10,8";"100,0";"100,0";"100,0";"11,1";"11,5";"10,8";"913,7";"914,3";"913,5";"3,7";"299,0";"7,2";"";"0,2"
"22/06/2026";"2100";"10,3";"10,5";"10,2";"100,0";"100,0";"100,0";"10,3";"10,4";"10,2";"914,8";"915,0";"914,6";"3,0";"296,0";"6,5";"";"0,0"
"22/06/2026";"2200";"10,0";"10,2";"9,5";"100,0";"100,0";"100,0";"9,9";"10,2";"9,5";"915,5";"916,0";"915,0";"2,6";"278,0";"6,2";"";"0,2"
"22/06/2026";"2300";"9,0";"9,5";"8,4";"100,0";"100,0";"100,0";"9,0";"9,5";"8,4";"916,3";"916,6";"916,1";"2,1";"263,0";"5,0";"";"0,2"
"23/06/2026";"0000";"8,2";"8,4";"7,8";"100,0";"100,0";"100,0";"8,2";"8,4";"7,8";"917,0";"917,4";"916,5";"1,8";"256,0";"5,2";"";"0,4"
"23/06/2026";"0100";"6,9";"7,8";"6,5";"100,0";"100,0";"99,0";"6,9";"7,8";"6,4";"917,9";"918,2";"917,5";"2,7";"274,0";"6,2";"";"0,4"
"23/06/2026";"0200";"6,0";"6,5";"5,7";"100,0";"100,0";"99,0";"5,9";"6,4";"5,6";"918,5";"918,9";"918,1";"2,0";"275,0";"6,6";"";"0,2"
"23/06/2026";"0300";"4,8";"5,7";"4,4";"98,0";"100,0";"95,0";"4,3";"5,7";"3,8";"919,1";"919,1";"918,9";"1,8";"253,0";"4,0";"";"0,2"
"23/06/2026";"0400";"4,3";"4,4";"4,0";"98,0";"98,0";"98,0";"3,9";"4,1";"3,5";"918,7";"919,1";"918,5";"1,4";"276,0";"3,7";"";"0,0"
"23/06/2026";"0500";"3,4";"4,0";"3,1";"98,0";"98,0";"97,0";"2,9";"3,5";"2,7";"918,5";"918,6";"918,3";"1,4";"290,0";"3,3";"";"0,0"
"23/06/2026";"0600";"3,0";"3,1";"2,7";"98,0";"99,0";"97,0";"2,6";"2,7";"2,4";"918,5";"918,9";"918,2";"1,4";"313,0";"2,4";"";"0,0"
"23/06/2026";"0700";"3,1";"3,4";"2,7";"100,0";"100,0";"99,0";"3,0";"3,4";"2,4";"919,0";"919,2";"918,8";"2,0";"283,0";"3,9";"";"0,0"
"23/06/2026";"0800";"3,1";"3,3";"2,9";"100,0";"100,0";"100,0";"3,1";"3,3";"2,9";"918,9";"919,0";"918,7";"1,9";"290,0";"3,8";"";"0,0"
"23/06/2026";"0900";"3,0";"3,2";"2,9";"100,0";"100,0";"100,0";"3,0";"3,1";"2,8";"918,8";"919,0";"918,7";"2,3";"267,0";"5,6";"";"0,0"
"23/06/2026";"1000";"2,8";"2,9";"2,7";"100,0";"100,0";"100,0";"2,7";"2,9";"2,7";"919,2";"919,3";"918,9";"1,8";"285,0";"5,5";"";"0,0"
"23/06/2026";"1100";"2,6";"2,7";"2,5";"100,0";"100,0";"99,0";"2,5";"2,7";"2,4";"919,0";"919,2";"918,9";"1,8";"282,0";"4,9";"";"0,0"
"23/06/2026";"1200";"2,8";"3,0";"2,6";"99,0";"100,0";"99,0";"2,6";"2,8";"2,5";"919,7";"920,1";"919,1";"2,4";"294,0";"4,5";"";"0,0"
"23/06/2026";"1300";"3,2";"3,4";"3,0";"98,0";"99,0";"97,0";"2,9";"3,1";"2,7";"920,5";"920,9";"920,1";"3,5";"280,0";"6,4";"";"0,0"
"23/06/2026";"1400";"3,6";"3,9";"3,4";"94,0";"97,0";"92,0";"2,4";"2,7";"2,1";"921,0";"921,2";"920,8";"3,1";"284,0";"6,4";"";"0,0"
"23/06/2026";"1500";"4,5";"5,2";"3,9";"90,0";"94,0";"84,0";"2,6";"3,3";"1,8";"921,1";"921,3";"921,0";"3,6";"297,0";"7,0";"";"0,0"
"23/06/2026";"1600";"5,1";"6,1";"4,7";"86,0";"90,0";"82,0";"2,3";"3,0";"1,7";"920,7";"921,0";"920,5";"3,2";"297,0";"5,5";"";"0,0"
"23/06/2026";"1700";"6,3";"7,9";"5,3";"79,0";"86,0";"70,0";"2,2";"3,1";"1,6";"920,2";"920,6";"919,8";"3,5";"296,0";"6,6";"";"0,0"
"23/06/2026";"1800";"6,9";"8,4";"6,3";"73,0";"78,0";"62,0";"1,4";"2,4";"0,6";"919,8";"920,0";"919,5";"2,4";"270,0";"6,6";"";"0,0"
"23/06/2026";"1900";"8,2";"8,8";"7,7";"63,0";"68,0";"57,0";"0,7";"2,1";"-0,5";"919,5";"919,7";"919,3";"4,1";"310,0";"7,4";"";"0,0"
"23/06/2026";"2000";"7,0";"8,3";"5,9";"65,0";"70,0";"58,0";"0,1";"1,0";"-0,5";"919,9";"920,0";"919,6";"2,8";"283,0";"4,9";"";"0,0"
"23/06/2026";"2100";"4,8";"5,9";"3,4";"77,0";"87,0";"69,0";"0,2";"0,8";"-0,4";"920,2";"920,4";"920,1";"1,3";"313,0";"2,4";"";"0,0"
"23/06/2026";"2200";"3,0";"3,3";"2,6";"89,0";"92,0";"86,0";"0,8";"1,0";"0,5";"920,7";"920,9";"920,4";"0,9";"312,0";"2,4";"";"0,0"
"23/06/2026";"2300";"2,5";"3,0";"2,1";"91,0";"94,0";"88,0";"0,8";"1,0";"0,5";"920,9";"921,1";"920,9";"0,8";"307,0";"1,9";"";"0,0"
"24/06/2026";"0000";"1,9";"2,3";"1,4";"95,0";"97,0";"93,0";"0,8";"1,1";"0,5";"921,2";"921,4";"921,1";"1,4";"324,0";"2,7";"";"0,0"
"24/06/2026";"0100";"1,7";"2,1";"1,1";"93,0";"97,0";"90,0";"0,3";"0,9";"0,1";"921,3";"921,5";"921,1";"0,9";"297,0";"2,0";"";"0,0"
"24/06/2026";"0200";"1,0";"1,2";"0,8";"96,0";"98,0";"95,0";"0,3";"0,6";"0,0";"921,5";"921,6";"921,4";"1,1";"315,0";"2,4";"";"0,0"
"24/06/2026";"0300";"";"";"";"";"";"";"";"";"";"";"";"";"";"";"";"";""
"24/06/2026";"0400";"1,4";"1,8";"0,9";"95,0";"97,0";"92,0";"0,4";"0,7";"0,1";"922,1";"922,4";"922,0";"0,8";"306,0";"1,8";"";"0,0"
"24/06/2026";"0500";"0,4";"1,0";"-0,2";"97,0";"99,0";"95,0";"-0,3";"0,2";"-0,7";"921,9";"922,0";"921,8";"1,0";"275,0";"1,8";"";"0,0"
"24/06/2026";"0600";"-0,2";"0,0";"-0,5";"99,0";"100,0";"99,0";"-0,3";"-0,1";"-0,6";"921,7";"921,9";"921,6";"1,0";"195,0";"12,4";"";"0,0"
"24/06/2026";"0700";"-0,5";"-0,2";"-0,8";"100,0";"100,0";"99,0";"-0,6";"-0,2";"-0,9";"921,3";"921,6";"921,1";"1,0";"315,0";"2,0";"";"0,0"
"24/06/2026";"0800";"-0,6";"-0,2";"-1,0";"100,0";"100,0";"100,0";"-0,6";"-0,3";"-1,0";"920,7";"921,1";"920,4";"0,7";"307,0";"1,5";"";"0,0"
"24/06/2026";"0900";"-0,8";"-0,6";"-1,0";"100,0";"100,0";"100,0";"-0,9";"-0,6";"-1,1";"920,6";"920,8";"920,5";"1,3";"324,0";"2,3";"";"0,0"
"24/06/2026";"1000";"0,0";"0,5";"-0,7";"99,0";"100,0";"97,0";"-0,1";"0,1";"-0,7";"921,0";"921,3";"920,8";"1,7";"302,0";"3,6";"";"0,0"
"24/06/2026";"1100";"0,7";"0,8";"0,6";"95,0";"96,0";"94,0";"-0,3";"0,0";"-0,5";"921,5";"921,8";"921,3";"1,3";"307,0";"2,7";"";"0,0"
"24/06/2026";"1200";"";"";"";"";"";"";"";"";"";"";"";"";"";"";"";"";""
"24/06/2026";"1300";"3,0";"3,7";"2,3";"83,0";"87,0";"80,0";"-0,4";"0,4";"-1,0";"922,4";"922,7";"922,2";"3,0";"306,0";"5,2";"";"0,0"
"24/06/2026";"1400";"5,1";"6,2";"3,7";"75,0";"82,0";"68,0";"0,2";"0,8";"-0,5";"922,9";"923,0";"922,7";"3,4";"298,0";"6,3";"";"0,0"
"24/06/2026";"1500";"6,3";"7,1";"5,7";"66,0";"71,0";"60,0";"-0,6";"0,3";"-1,9";"922,7";"922,8";"922,4";"3,7";"294,0";"9,0";"";"0,0"
"24/06/2026";"1600";"6,7";"7,7";"5,8";"61,0";"66,0";"55,0";"-1,1";"-0,3";"-1,8";"922,1";"922,5";"921,7";"4,3";"304,0";"8,2";"";"0,0"
"24/06/2026";"1700";"7,2";"8,3";"5,9";"59,0";"65,0";"53,0";"-1,0";"-0,2";"-1,6";"921,5";"921,8";"921,3";"4,4";"306,0";"9,0";"";"0,0"
"24/06/2026";"1800";"8,1";"8,6";"7,4";"55,0";"60,0";"51,0";"-0,8";"0,1";"-1,7";"920,9";"921,3";"920,5";"3,1";"298,0";"6,8";"";"0,0"
"24/06/2026";"1900";"8,1";"8,9";"7,1";"53,0";"58,0";"49,0";"-1,3";"-0,4";"-2,0";"920,4";"920,6";"920,3";"3,1";"310,0";"6,1";"";"0,0"
"24/06/2026";"2000";"7,8";"8,5";"6,6";"56,0";"65,0";"51,0";"-1,1";"-0,1";"-1,5";"920,7";"921,1";"920,3";"1,7";"313,0";"3,6";"";"0,0"
"24/06/2026";"2100";"5,8";"6,7";"4,7";"69,0";"74,0";"62,0";"-0,5";"0,9";"-1,3";"921,2";"921,3";"921,0";"0,9";"308,0";"1,8";"";"0,0"
"24/06/2026";"2200";"3,8";"4,7";"3,0";"78,0";"86,0";"72,0";"-0,6";"0,3";"-1,1";"921,5";"921,7";"921,4";"1,0";"322,0";"1,7";"";"0,0"
"24/06/2026";"2300";"2,9";"3,2";"2,6";"82,0";"86,0";"78,0";"-0,8";"0,1";"-1,2";"921,8";"922,1";"921,6";"1,2";"321,0";"1,8";"";"0,0"
"25/06/2026";"0000";"2,9";"3,3";"2,5";"83,0";"88,0";"78,0";"-0,4";"0,2";"-1,2";"922,4";"922,7";"922,1";"1,3";"284,0";"2,1";"";"0,0"
"25/06/2026";"0100";"3,0";"3,3";"2,6";"83,0";"86,0";"80,0";"-0,5";"-0,1";"-0,8";"922,8";"923,0";"922,6";"1,3";"285,0";"2,3";"";"0,0"
"25/06/2026";"0200";"2,1";"2,8";"1,5";"88,0";"91,0";"83,0";"-0,3";"0,0";"-0,6";"922,7";"923,1";"922,4";"1,1";"188,0";"1,9";"";"0,0"
"25/06/2026";"0300";"1,0";"1,8";"0,7";"93,0";"95,0";"89,0";"-0,4";"-0,3";"-0,7";"923,2";"923,4";"922,9";"0,5";"226,0";"2,0";"";"0,0"
"25/06/2026";"0400";"0,6";"0,8";"0,3";"95,0";"97,0";"93,0";"-0,3";"0,0";"-0,8";"923,6";"923,7";"923,4";"0,6";"129,0";"1,9";"";"0,0"
"25/06/2026";"0500";"0,0";"0,3";"-0,3";"97,0";"99,0";"95,0";"-0,5";"-0,1";"-0,9";"923,9";"924,3";"923,6";"0,9";"52,0";"2,6";"";"0,0"
"25/06/2026";"0600";"";"";"";"";"";"";"";"";"";"";"";"";"";"";"";"";""
"25/06/2026";"0700";"-0,4";"-0,2";"-0,7";"98,0";"99,0";"97,0";"-0,9";"-0,6";"-1,2";"924,8";"925,0";"924,5";"0,7";"81,0";"1,7";"";"0,0"
"25/06/2026";"0800";"-0,4";"-0,1";"-0,9";"98,0";"99,0";"97,0";"-0,7";"-0,3";"-1,4";"924,8";"925,1";"924,3";"0,4";"97,0";"1,1";"";"0,0"
"25/06/2026";"0900";"-0,8";"-0,4";"-1,4";"98,0";"99,0";"98,0";"-1,1";"-0,7";"-1,8";"924,7";"925,1";"924,3";"0,6";"76,0";"1,7";"";"0,0"
"25/06/2026";"1000";"-0,8";"-0,3";"-1,3";"99,0";"100,0";"98,0";"-1,0";"-0,3";"-1,7";"925,4";"925,8";"925,1";"0,4";"98,0";"1,2";"";"0,0"
"25/06/2026";"1100";"-0,4";"0,5";"-1,2";"99,0";"100,0";"98,0";"-0,5";"0,4";"-1,5";"925,9";"926,4";"925,7";"0,5";"44,0";"0,9";"";"0,0"
"25/06/2026";"1200";"0,0";"0,5";"-0,4";"98,0";"99,0";"95,0";"-0,5";"0,3";"-1,2";"926,4";"926,7";"926,2";"1,9";"100,0";"4,0";"";"0,0"
"25/06/2026";"1300";"1,6";"4,7";"-0,4";"95,0";"100,0";"84,0";"0,6";"1,8";"-0,8";"926,8";"927,5";"926,3";"0,8";"225,0";"2,1";"";"0,0"
"25/06/2026";"1400";"6,7";"8,6";"4,4";"75,0";"85,0";"66,0";"1,7";"3,0";"0,7";"927,5";"927,7";"927,3";"1,1";"243,0";"2,3";"";"0,0"
"25/06/2026";"1500";"9,1";"10,2";"7,7";"62,0";"74,0";"46,0";"1,4";"3,4";"-1,1";"927,5";"927,7";"927,3";"1,3";"287,0";"2,8";"";"0,0"
"25/06/2026";"1600";"10,2";"11,4";"9,2";"47,0";"55,0";"35,0";"-0,4";"1,2";"-2,2";"926,9";"927,4";"926,1";"1,4";"166,0";"3,0";"";"0,0"
"25/06/2026";"1700";"11,8";"13,4";"10,6";"35,0";"43,0";"25,0";"-1,2";"1,4";"-4,3";"925,6";"926,1";"925,0";"1,1";"235,0";"2,9";"";"0,0"
"25/06/2026";"1800";"12,5";"13,1";"12,1";"39,0";"44,0";"35,0";"0,4";"1,6";"-0,2";"925,9";"926,4";"924,8";"1,8";"237,0";"4,2";"";"0,0"
"25/06/2026";"1900";"12,2";"12,7";"11,6";"45,0";"48,0";"43,0";"1,1";"1,9";"0,4";"926,2";"926,4";"926,0";"1,4";"256,0";"3,4";"";"0,0"
"25/06/2026";"2000";"11,8";"12,5";"11,0";"46,0";"51,0";"43,0";"0,9";"2,1";"0,2";"925,9";"926,1";"925,7";"0,9";"193,0";"1,6";"";"0,0"
"25/06/2026";"2100";"8,7";"11,3";"7,2";"62,0";"69,0";"53,0";"1,1";"2,7";"0,0";"925,7";"925,9";"925,6";"0,8";"291,0";"1,5";"";"0,0"
"25/06/2026";"2200";"6,3";"7,1";"5,8";"72,0";"74,0";"68,0";"0,7";"1,2";"0,4";"925,8";"925,9";"925,6";"0,7";"53,0";"1,2";"";"0,0"
"25/06/2026";"2300";"5,8";"6,1";"5,4";"74,0";"77,0";"71,0";"0,5";"1,0";"0,1";"926,1";"926,2";"925,9";"0,6";"70,0";"1,0";"";"0,0"
"26/06/2026";"0000";"5,6";"6,2";"5,1";"74,0";"77,0";"70,0";"0,4";"0,9";"-0,1";"926,0";"926,1";"925,9";"0,7";"101,0";"1,2";"";"0,0"
"26/06/2026";"0100";"4,8";"5,1";"4,5";"81,0";"85,0";"77,0";"1,0";"1,9";"0,2";"926,2";"926,5";"925,9";"1,6";"97,0";"2,8";"";"0,0"
"26/06/2026";"0200";"4,4";"4,8";"4,1";"86,0";"87,0";"84,0";"1,5";"1,7";"1,1";"926,7";"927,0";"926,5";"1,2";"95,0";"2,2";"";"0,0"
"26/06/2026";"0300";"3,6";"3,8";"3,4";"88,0";"90,0";"87,0";"1,3";"1,4";"1,2";"926,9";"927,0";"926,8";"1,3";"103,0";"2,0";"";"0,0"
"26/06/2026";"0400";"3,0";"3,4";"2,4";"92,0";"95,0";"89,0";"1,4";"1,6";"1,2";"926,7";"926,9";"926,5";"1,9";"103,0";"2,8";"";"0,0"
"26/06/2026";"0500";"2,5";"3,1";"2,2";"92,0";"96,0";"87,0";"0,9";"1,5";"0,4";"926,5";"926,6";"926,3";"1,3";"113,0";"2,4";"";"0,0"
"26/06/2026";"0600";"1,9";"2,2";"1,7";"94,0";"95,0";"92,0";"0,7";"1,0";"0,4";"926,0";"926,3";"925,8";"1,0";"125,0";"1,8";"";"0,0"
"26/06/2026";"0700";"2,0";"2,4";"1,7";"92,0";"95,0";"89,0";"0,3";"0,7";"0,0";"925,5";"925,8";"925,3";"0,6";"66,0";"1,2";"";"0,0"
"26/06/2026";"0800";"2,4";"2,6";"2,3";"88,0";"89,0";"85,0";"0,0";"0,3";"0,0";"925,0";"925,3";"924,8";"1,0";"90,0";"2,6";"";"0,0"
"26/06/2026";"0900";"2,1";"2,5";"1,9";"89,0";"90,0";"86,0";"-0,2";"0,0";"-0,6";"925,1";"925,5";"924,8";"0,8";"110,0";"2,2";"";"0,0"
"26/06/2026";"1000";"2,8";"3,0";"2,5";"85,0";"87,0";"84,0";"-0,2";"0,2";"-0,4";"925,8";"926,2";"925,5";"0,6";"139,0";"2,0";"";"0,0"
"26/06/2026";"1100";"2,7";"2,9";"2,5";"87,0";"89,0";"84,0";"0,1";"0,5";"-0,3";"926,5";"926,6";"926,2";"0,6";"135,0";"2,8";"";"0,0"
"26/06/2026";"1200";"3,9";"4,7";"2,8";"83,0";"87,0";"80,0";"0,6";"1,0";"0,3";"926,9";"927,2";"926,6";"1,3";"135,0";"4,6";"";"0,0"
"26/06/2026";"1300";"5,6";"6,9";"4,7";"80,0";"82,0";"78,0";"1,5";"2,7";"0,7";"927,4";"927,6";"927,2";"1,2";"112,0";"4,1";"";"0,0"
"26/06/2026";"1400";"8,7";"10,1";"7,0";"71,0";"79,0";"65,0";"3,0";"3,8";"2,4";"927,6";"927,6";"927,5";"1,4";"122,0";"3,6";"";"0,0"
"26/06/2026";"1500";"11,5";"12,6";"9,9";"64,0";"70,0";"59,0";"4,3";"5,4";"3,1";"927,3";"927,5";"927,1";"1,1";"141,0";"3,7";"";"0,0"
"26/06/2026";"1600";"13,4";"13,9";"12,7";"56,0";"63,0";"51,0";"4,6";"5,4";"3,9";"926,6";"927,1";"926,3";"1,1";"188,0";"2,7";"";"0,0"
"26/06/2026";"1700";"14,9";"15,7";"14,1";"46,0";"55,0";"41,0";"4,2";"5,2";"3,1";"926,0";"926,3";"925,6";"1,1";"233,0";"2,5";"";"0,0"
"26/06/2026";"1800";"15,8";"16,3";"15,3";"44,0";"50,0";"38,0";"4,6";"5,9";"3,1";"925,3";"925,6";"925,2";"1,1";"133,0";"2,9";"";"0,0"
"26/06/2026";"1900";"16,4";"16,7";"15,7";"44,0";"48,0";"41,0";"5,2";"5,9";"4,3";"925,2";"925,2";"925,1";"1,5";"287,0";"2,8";"";"0,0"
"26/06/2026";"2000";"16,0";"17,1";"15,3";"44,0";"51,0";"39,0";"4,8";"6,1";"3,7";"925,2";"925,3";"925,1";"0,4";"113,0";"1,0";"";"0,0"
"26/06/2026";"2100";"12,2";"16,3";"9,2";"58,0";"68,0";"45,0";"3,8";"6,1";"2,0";"925,3";"925,5";"925,1";"0,5";"83,0";"1,1";"";"0,0"
"26/06/2026";"2200";"9,2";"9,5";"8,8";"67,0";"72,0";"62,0";"2,6";"3,6";"1,9";"925,8";"925,9";"925,5";"0,4";"53,0";"1,4";"";"0,0"
"26/06/2026";"2300";"9,4";"10,3";"8,9";"66,0";"73,0";"60,0";"2,6";"3,7";"1,9";"926,0";"926,1";"925,9";"0,9";"91,0";"2,0";"";"0,0"
"27/06/2026";"0000";"8,9";"10,0";"7,7";"71,0";"80,0";"64,0";"3,2";"4,2";"2,3";"926,1";"926,2";"926,0";"1,1";"163,0";"3,5";"";"0,0"
"27/06/2026";"0100";"7,4";"8,0";"6,9";"85,0";"87,0";"81,0";"4,4";"4,7";"4,1";"926,0";"926,1";"925,8";"1,9";"112,0";"3,7";"";"0,0"
"27/06/2026";"0200";"6,5";"6,7";"6,3";"87,0";"88,0";"85,0";"3,8";"3,9";"3,6";"925,9";"926,0";"925,9";"1,7";"96,0";"4,3";"";"0,0"
"27/06/2026";"0300";"5,8";"6,9";"5,0";"89,0";"92,0";"85,0";"3,5";"4,0";"3,2";"926,1";"926,2";"925,9";"1,6";"113,0";"2,6";"";"0,0"
"27/06/2026";"0400";"5,1";"5,9";"4,5";"91,0";"95,0";"85,0";"3,4";"3,7";"3,0";"926,0";"926,1";"925,8";"1,2";"94,0";"3,5";"";"0,0"
"27/06/2026";"0500";"5,8";"6,0";"5,7";"84,0";"85,0";"84,0";"2,7";"3,0";"2,5";"925,8";"925,9";"925,6";"2,6";"105,0";"4,3";"";"0,0"
"27/06/2026";"0600";"6,0";"6,2";"5,7";"84,0";"85,0";"82,0";"2,7";"2,8";"2,6";"925,5";"925,7";"925,2";"1,7";"112,0";"3,0";"";"0,0"
"27/06/2026";"0700";"5,9";"6,0";"5,7";"85,0";"87,0";"83,0";"2,9";"3,2";"2,6";"925,1";"925,3";"924,9";"1,4";"97,0";"3,6";"";"0,0"
"27/06/2026";"0800";"6,1";"6,3";"5,9";"86,0";"89,0";"83,0";"3,4";"4,0";"2,8";"924,8";"925,0";"924,7";"0,5";"74,0";"1,7";"";"0,0"
"27/06/2026";"0900";"6,5";"7,0";"6,2";"86,0";"89,0";"83,0";"3,8";"4,6";"3,1";"924,8";"924,9";"924,7";"0,7";"90,0";"2,4";"";"0,0"
"27/06/2026";"1000";"6,3";"6,8";"6,1";"86,0";"89,0";"83,0";"3,5";"4,1";"3,1";"925,3";"925,5";"925,0";"1,4";"96,0";"2,8";"";"0,0"
"27/06/2026";"1100";"6,7";"7,1";"6,3";"86,0";"88,0";"84,0";"3,9";"4,2";"3,7";"925,6";"925,7";"925,5";"2,2";"98,0";"3,2";"";"0,0"
"27/06/2026";"1200";"7,9";"8,3";"7,2";"82,0";"84,0";"78,0";"4,2";"4,8";"3,8";"925,8";"926,1";"925,5";"2,8";"102,0";"4,8";"";"0,0"
"27/06/2026";"1300";"9,3";"10,4";"8,2";"80,0";"84,0";"76,0";"5,4";"6,5";"4,2";"926,1";"926,5";"925,8";"1,8";"102,0";"3,6";"";"0,0"
"27/06/2026";"1400";"12,7";"15,0";"10,2";"75,0";"80,0";"67,0";"7,6";"9,1";"5,5";"926,1";"926,4";"925,8";"1,5";"101,0";"3,8";"";"0,0"
"27/06/2026";"1500";"16,3";"17,9";"14,2";"68,0";"72,0";"64,0";"9,8";"11,3";"8,2";"925,9";"926,1";"925,7";"1,5";"250,0";"3,1";"";"0,0"
"27/06/2026";"1600";"18,5";"19,1";"17,7";"66,0";"70,0";"63,0";"11,7";"12,5";"10,8";"925,2";"925,8";"924,8";"1,0";"198,0";"2,5";"";"0,0"
"27/06/2026";"1700";"18,9";"19,8";"18,3";"67,0";"72,0";"64,0";"12,3";"13,1";"11,8";"924,5";"924,9";"924,1";"1,4";"302,0";"2,8";"";"0,0"
"27/06/2026";"1800";"19,0";"19,5";"18,5";"69,0";"72,0";"67,0";"12,8";"13,3";"12,4";"923,9";"924,1";"923,7";"1,6";"279,0";"3,0";"";"0,0"
"27/06/2026";"1900";"18,1";"18,5";"17,8";"74,0";"77,0";"71,0";"12,9";"13,3";"12,6";"923,5";"923,7";"923,4";"0,9";"299,0";"1,9";"";"0,0"
"27/06/2026";"2000";"17,1";"17,8";"16,4";"82,0";"87,0";"76,0";"13,4";"13,8";"12,9";"923,6";"923,8";"923,4";"1,3";"314,0";"2,2";"";"0,0"
"27/06/2026";"2100";"16,0";"16,6";"15,2";"88,0";"96,0";"83,0";"13,6";"14,3";"13,1";"923,8";"924,0";"923,7";"1,2";"281,0";"2,8";"";"0,2"
"27/06/2026";"2200";"14,9";"15,1";"14,7";"98,0";"98,0";"96,0";"14,4";"14,6";"14,3";"924,0";"924,1";"923,8";"0,8";"299,0";"1,3";"";"0,0"
"27/06/2026";"2300";"15,0";"15,2";"14,7";"97,0";"98,0";"95,0";"14,3";"14,6";"14,0";"924,0";"924,2";"923,9";"0,7";"156,0";"1,8";"";"0,0"
"28/06/2026";"0000";"14,9";"15,1";"14,8";"96,0";"97,0";"94,0";"14,1";"14,2";"13,9";"924,2";"924,5";"924,0";"0,8";"150,0";"2,8";"";"0,0"
"28/06/2026";"0100";"15,0";"15,1";"14,8";"94,0";"95,0";"93,0";"13,7";"14,0";"13,5";"924,2";"924,4";"923,9";"0,8";"141,0";"2,8";"";"0,0"
"28/06/2026";"0200";"14,7";"14,9";"14,5";"93,0";"93,0";"92,0";"13,3";"13,5";"13,1";"924,0";"924,2";"923,8";"1,0";"166,0";"3,7";"";"0,0"
"28/06/2026";"0300";"14,6";"14,7";"14,5";"91,0";"92,0";"90,0";"12,8";"13,1";"12,4";"924,0";"924,2";"923,6";"1,0";"188,0";"2,8";"";"0,0"
"28/06/2026";"0400";"14,6";"14,7";"14,5";"89,0";"90,0";"86,0";"12,4";"12,6";"12,0";"923,6";"923,8";"923,3";"2,2";"210,0";"5,2";"";"0,0"
"28/06/2026";"0500";"14,4";"14,7";"14,2";"88,0";"88,0";"86,0";"11,9";"12,1";"11,7";"923,0";"923,4";"922,6";"1,4";"216,0";"4,3";"";"0,0"
"28/06/2026";"0600";"14,2";"14,4";"13,7";"88,0";"92,0";"87,0";"11,8";"12,1";"11,6";"922,5";"922,8";"922,2";"3,2";"301,0";"5,8";"";"0,2"
"28/06/2026";"0700";"13,6";"13,7";"13,6";"91,0";"92,0";"90,0";"11,8";"12,1";"11,6";"921,2";"922,2";"920,4";"1,3";"167,0";"4,8";"";"0,0"
"28/06/2026";"0800";"13,5";"13,8";"13,3";"90,0";"92,0";"89,0";"11,6";"11,7";"11,4";"921,1";"921,5";"920,8";"0,9";"154,0";"3,2";"";"0,0"
"28/06/2026";"0900";"13,4";"13,6";"13,1";"91,0";"92,0";"90,0";"11,6";"11,8";"11,5";"921,0";"921,2";"920,9";"1,9";"226,0";"4,6";"";"0,0"
"28/06/2026";"1000";"13,3";"13,6";"13,2";"94,0";"96,0";"91,0";"12,1";"12,5";"11,8";"922,1";"922,9";"921,1";"2,9";"317,0";"4,8";"";"0,6"
"28/06/2026";"1100";"13,2";"13,3";"13,2";"97,0";"98,0";"96,0";"12,7";"12,9";"12,5";"922,8";"923,0";"922,6";"2,0";"316,0";"4,5";"";"2,8"
"28/06/2026";"1200";"13,2";"13,4";"13,2";"99,0";"100,0";"98,0";"13,0";"13,3";"12,9";"922,8";"923,1";"922,5";"2,8";"321,0";"4,7";"";"4,4"
"28/06/2026";"1300";"13,5";"13,7";"13,4";"100,0";"100,0";"99,0";"13,5";"13,6";"13,3";"922,8";"923,2";"922,5";"1,8";"215,0";"3,8";"";"6,1"
"28/06/2026";"1400";"13,6";"13,7";"13,6";"100,0";"100,0";"100,0";"13,6";"13,6";"13,5";"922,7";"923,0";"922,3";"0,9";"128,0";"2,2";"";"5,0"
"28/06/2026";"1500";"13,5";"13,6";"13,4";"100,0";"100,0";"100,0";"13,5";"13,5";"13,4";"921,6";"922,5";"920,7";"1,2";"118,0";"3,2";"";"3,0"
"28/06/2026";"1600";"13,4";"13,4";"13,3";"100,0";"100,0";"100,0";"13,4";"13,4";"13,3";"921,2";"921,7";"920,9";"2,4";"320,0";"4,1";"";"5,5"
"28/06/2026";"1700";"13,3";"13,4";"13,3";"100,0";"100,0";"100,0";"13,3";"13,4";"13,3";"920,3";"920,9";"920,1";"2,7";"318,0";"5,5";"";"2,4"
"28/06/2026";"1800";"13,3";"13,4";"12,9";"100,0";"100,0";"100,0";"13,2";"13,4";"12,9";"920,6";"921,2";"920,2";"3,3";"293,0";"5,8";"";"1,8"
"28/06/2026";"1900";"12,9";"12,9";"12,9";"100,0";"100,0";"100,0";"12,9";"12,9";"12,9";"921,0";"921,5";"920,7";"4,0";"305,0";"7,4";"";"1,4"
"28/06/2026";"2000";"12,9";"12,9";"12,8";"100,0";"100,0";"100,0";"12,9";"12,9";"12,8";"921,7";"922,0";"921,4";"4,0";"310,0";"6,6";"";"2,4"
"28/06/2026";"2100";"12,5";"12,8";"12,2";"100,0";"100,0";"100,0";"12,5";"12,8";"12,2";"920,8";"921,8";"919,3";"1,7";"149,0";"4,8";"";"0,8"
"28/06/2026";"2200";"12,0";"12,2";"11,8";"100,0";"100,0";"99,0";"11,9";"12,1";"11,7";"919,9";"920,7";"918,7";"2,9";"317,0";"5,1";"";"0,2"
"28/06/2026";"2300";"11,8";"11,9";"11,6";"99,0";"100,0";"98,0";"11,5";"11,7";"11,4";"920,0";"920,7";"919,2";"1,4";"179,0";"4,7";"";"0,0"
"29/06/2026";"0000";"11,7";"11,8";"11,7";"98,0";"99,0";"97,0";"11,3";"11,5";"11,2";"920,0";"920,4";"919,6";"2,6";"287,0";"4,9";"";"0,0"
"29/06/2026";"0100";"11,7";"11,9";"11,7";"98,0";"98,0";"97,0";"11,2";"11,3";"11,2";"920,6";"921,1";"920,1";"1,7";"294,0";"3,1";"";"0,0"
"29/06/2026";"0200";"11,8";"11,9";"11,6";"98,0";"99,0";"98,0";"11,4";"11,6";"11,2";"920,7";"921,2";"919,5";"2,0";"308,0";"3,4";"";"0,0"
"29/06/2026";"0300";"11,9";"12,0";"11,9";"99,0";"100,0";"99,0";"11,8";"11,9";"11,6";"921,1";"921,3";"920,9";"1,0";"296,0";"2,1";"";"0,0"
"29/06/2026";"0400";"12,0";"12,1";"12,0";"100,0";"100,0";"99,0";"11,9";"12,1";"11,9";"920,8";"921,1";"920,0";"0,4";"210,0";"2,3";"";"0,0"
"29/06/2026";"0500";"12,1";"12,2";"11,9";"100,0";"100,0";"100,0";"12,0";"12,2";"11,9";"920,3";"920,5";"920,0";"1,7";"322,0";"2,7";"";"0,2"
"29/06/2026";"0600";"10,8";"12,1";"10,0";"99,0";"100,0";"99,0";"10,7";"12,1";"9,8";"920,8";"921,0";"920,4";"2,7";"211,0";"5,8";"";"1,0"
"29/06/2026";"0700";"9,8";"10,0";"9,8";"99,0";"100,0";"99,0";"9,7";"9,8";"9,6";"921,1";"921,2";"920,9";"1,5";"208,0";"3,0";"";"0,2"
"29/06/2026";"0800";"9,8";"9,8";"9,8";"100,0";"100,0";"100,0";"9,8";"9,8";"9,7";"921,0";"921,1";"920,9";"1,9";"204,0";"4,4";"";"0,0"
"29/06/2026";"0900";"9,6";"9,8";"9,5";"99,0";"100,0";"99,0";"9,4";"9,7";"9,3";"921,1";"921,5";"920,9";"0,4";"215,0";"1,2";"";"0,0"
"29/06/2026";"1000";"9,5";"9,5";"9,5";"99,0";"99,0";"99,0";"9,3";"9,4";"9,2";"921,8";"922,2";"921,5";"0,4";"174,0";"1,4";"";"0,0"
"29/06/2026";"1100";"9,5";"9,7";"9,5";"100,0";"100,0";"99,0";"9,4";"9,7";"9,3";"922,4";"922,7";"922,2";"0,4";"168,0";"0,8";"";"0,0"
"29/06/2026";"1200";"9,9";"10,2";"9,7";"98,0";"100,0";"95,0";"9,5";"9,8";"9,0";"922,7";"922,8";"922,6";"1,3";"161,0";"2,7";"";"0,2"
"29/06/2026";"1300";"10,5";"10,7";"10,2";"92,0";"96,0";"89,0";"8,9";"9,3";"8,4";"922,9";"923,2";"922,6";"1,1";"131,0";"1,9";"";"0,0"
"29/06/2026";"1400";"11,3";"11,9";"10,7";"89,0";"93,0";"83,0";"9,1";"10,3";"8,4";"923,3";"923,4";"923,1";"1,3";"146,0";"3,8";"";"0,0"
"29/06/2026";"1500";"12,4";"13,1";"11,8";"84,0";"89,0";"78,0";"9,1";"10,4";"8,2";"923,1";"923,4";"922,7";"1,6";"102,0";"3,6";"";"0,0"
"29/06/2026";"1600";"13,1";"13,5";"12,7";"82,0";"88,0";"76,0";"9,5";"10,6";"8,4";"922,6";"922,8";"922,2";"1,1";"118,0";"3,0";"";"0,0"
"29/06/2026";"1700";"13,8";"14,5";"13,3";"82,0";"86,0";"79,0";"10,1";"11,2";"9,4";"922,1";"922,3";"921,9";"1,8";"311,0";"3,4";"";"0,0"
"29/06/2026";"1800";"14,3";"15,4";"13,6";"80,0";"85,0";"75,0";"10,4";"11,3";"9,7";"921,9";"922,0";"921,8";"2,4";"262,0";"4,1";"";"0,0"
"29/06/2026";"1900";"15,0";"15,6";"14,2";"72,0";"78,0";"66,0";"9,5";"10,5";"8,7";"921,7";"921,9";"921,5";"1,0";"217,0";"2,0";"";"0,0"
"29/06/2026";"2000";"14,6";"15,8";"13,1";"76,0";"88,0";"70,0";"9,9";"10,9";"9,0";"921,5";"921,6";"921,4";"1,1";"245,0";"2,0";"";"0,0"
"29/06/2026";"2100";"13,0";"13,1";"12,8";"89,0";"91,0";"86,0";"10,8";"11,2";"10,4";"921,7";"921,7";"921,6";"0,5";"184,0";"0,9";"";"0,0"
"29/06/2026";"2200";"12,5";"12,9";"12,3";"92,0";"95,0";"88,0";"11,0";"11,3";"10,3";"921,8";"921,9";"921,7";"0,6";"126,0";"1,3";"";"0,0"
"29/06/2026";"2300";"12,4";"12,5";"12,2";"91,0";"94,0";"89,0";"10,5";"11,0";"10,1";"921,7";"921,9";"921,4";"1,4";"132,0";"2,4";"";"0,0"
"30/06/2026";"0000";"12,4";"12,5";"12,1";"92,0";"95,0";"89,0";"10,7";"11,2";"10,2";"921,6";"921,9";"921,5";"0,4";"89,0";"1,8";"";"0,0"
"30/06/2026";"0100";"12,0";"12,1";"11,9";"95,0";"96,0";"94,0";"11,0";"11,2";"10,9";"922,0";"922,2";"921,8";"1,8";"127,0";"3,1";"";"0,0"
"30/06/2026";"0200";"11,7";"11,9";"11,6";"97,0";"97,0";"96,0";"11,1";"11,2";"11,0";"921,7";"921,8";"921,5";"1,9";"103,0";"4,1";"";"0,0"
"30/06/2026";"0300";"11,6";"11,6";"11,6";"97,0";"98,0";"97,0";"11,1";"11,1";"11,0";"921,5";"921,8";"921,3";"2,4";"99,0";"4,9";"";"0,0"
"30/06/2026";"0400";"11,4";"11,7";"11,2";"98,0";"99,0";"97,0";"11,0";"11,1";"10,9";"921,3";"921,7";"920,9";"2,6";"116,0";"3,7";"";"0,2"
"30/06/2026";"0500";"11,2";"11,2";"11,1";"98,0";"99,0";"98,0";"10,9";"11,1";"10,8";"920,9";"921,1";"920,7";"1,9";"121,0";"3,2";"";"0,0"
"30/06/2026";"0600";"11,1";"11,1";"10,9";"99,0";"99,0";"98,0";"10,8";"10,8";"10,7";"920,4";"920,7";"920,2";"2,1";"116,0";"3,7";"";"1,0"
"30/06/2026";"0700";"10,8";"11,0";"10,7";"100,0";"100,0";"99,0";"10,7";"10,9";"10,6";"920,1";"920,3";"919,9";"2,6";"105,0";"3,8";"";"0,0"
"30/06/2026";"0800";"10,7";"10,8";"10,7";"100,0";"100,0";"100,0";"10,7";"10,7";"10,6";"919,9";"920,0";"919,8";"1,4";"117,0";"2,5";"";"0,2"
"30/06/2026";"0900";"10,7";"10,7";"10,6";"100,0";"100,0";"100,0";"10,6";"10,7";"10,6";"919,9";"920,1";"919,7";"1,4";"113,0";"2,1";"";"0,0"
"30/06/2026";"1000";"10,7";"10,8";"10,6";"100,0";"100,0";"100,0";"10,7";"10,7";"10,6";"920,2";"920,4";"920,1";"1,6";"112,0";"3,2";"";"0,0"
"30/06/2026";"1100";"10,7";"10,9";"10,6";"100,0";"100,0";"100,0";"10,7";"10,9";"10,6";"920,4";"920,5";"920,3";"1,6";"127,0";"3,0";"";"0,0"
"30/06/2026";"1200";"11,2";"11,5";"10,9";"100,0";"100,0";"100,0";"11,2";"11,5";"10,9";"920,8";"921,3";"920,4";"0,4";"115,0";"1,1";"";"0,0"
"30/06/2026";"1300";"11,6";"11,9";"11,4";"100,0";"100,0";"99,0";"11,6";"11,8";"11,3";"921,4";"921,5";"921,2";"2,0";"103,0";"4,0";"";"0,0"
"30/06/2026";"1400";"12,3";"12,7";"11,7";"99,0";"100,0";"97,0";"12,0";"12,3";"11,6";"921,4";"921,6";"921,1";"1,1";"96,0";"2,2";"";"0,0"
"30/06/2026";"1500";"13,8";"14,8";"12,7";"94,0";"98,0";"89,0";"12,7";"13,2";"12,2";"921,3";"921,5";"921,1";"1,2";"238,0";"3,1";"";"0,0"
"30/06/2026";"1600";"14,5";"14,9";"14,3";"93,0";"95,0";"90,0";"13,1";"13,4";"12,7";"920,7";"921,1";"920,4";"0,8";"163,0";"2,6";"";"0,0"
"30/06/2026";"1700";"15,1";"15,7";"14,6";"91,0";"94,0";"88,0";"13,4";"13,9";"13,0";"919,9";"920,3";"919,5";"0,7";"200,0";"1,7";"";"0,0"
"30/06/2026";"1800";"15,7";"16,7";"14,9";"90,0";"95,0";"85,0";"13,8";"14,7";"13,2";"919,0";"919,6";"918,7";"1,3";"198,0";"2,8";"";"0,0"
"30/06/2026";"1900";"16,3";"16,8";"16,0";"87,0";"92,0";"83,0";"13,7";"14,3";"13,2";"918,8";"919,1";"918,5";"0,6";"183,0";"1,9";"";"0,0"
"30/06/2026";"2000";"15,8";"16,3";"15,5";"91,0";"92,0";"87,0";"13,9";"14,1";"13,5";"918,7";"918,8";"918,4";"0,6";"169,0";"1,2";"";"0,0"
"30/06/2026";"2100";"15,3";"15,6";"15,1";"93,0";"94,0";"92,0";"13,9";"14,0";"13,6";"918,4";"918,6";"917,9";"1,1";"191,0";"2,0";"";"0,0"
"30/06/2026";"2200";"14,9";"15,1";"14,7";"94,0";"96,0";"92,0";"13,8";"14,0";"13,5";"918,1";"918,4";"917,8";"1,2";"166,0";"2,9";"";"0,0"
"30/06/2026";"2300";"14,4";"14,7";"14,3";"98,0";"99,0";"96,0";"14,0";"14,1";"13,9";"918,3";"918,8";"917,8";"0,9";"201,0";"1,8";"";"3,8"
"01/07/2026";"0000";"14,1";"14,3";"13,8";"99,0";"100,0";"99,0";"14,0";"14,1";"13,8";"918,7";"918,9";"918,5";"1,6";"199,0";"4,4";"";"3,6"
"01/07/2026";"0100";"13,5";"13,8";"13,3";"100,0";"100,0";"99,0";"13,4";"13,7";"13,3";"918,9";"919,6";"918,4";"1,6";"191,0";"3,8";"";"2,4"
"01/07/2026";"0200";"13,2";"13,3";"13,2";"100,0";"100,0";"100,0";"13,1";"13,3";"13,1";"919,2";"919,7";"918,7";"0,4";"166,0";"1,2";"";"0,2"
"01/07/2026";"0300";"12,9";"13,2";"12,8";"100,0";"100,0";"100,0";"12,9";"13,1";"12,8";"919,5";"919,7";"919,3";"0,8";"74,0";"2,3";"";"0,0"
"01/07/2026";"0400";"12,9";"13,0";"12,8";"100,0";"100,0";"100,0";"12,9";"13,0";"12,8";"919,7";"920,0";"919,4";"0,6";"163,0";"1,6";"";"0,0"
"01/07/2026";"0500";"12,9";"13,1";"12,9";"100,0";"100,0";"100,0";"12,9";"13,1";"12,9";"919,8";"919,9";"919,6";"0,5";"129,0";"1,4";"";"0,0"
"01/07/2026";"0600";"13,0";"13,1";"13,0";"100,0";"100,0";"100,0";"13,0";"13,1";"13,0";"919,5";"919,7";"919,2";"0,3";"118,0";"2,7";"";"0,0"
"01/07/2026";"0700";"13,0";"13,2";"13,0";"100,0";"100,0";"100,0";"13,0";"13,1";"12,9";"919,6";"919,7";"919,4";"0,9";"105,0";"1,5";"";"0,0"
"01/07/2026";"0800";"13,1";"13,2";"13,0";"100,0";"100,0";"100,0";"13,1";"13,2";"13,0";"919,3";"919,6";"919,1";"0,4";"123,0";"1,7";"";"0,0"
"01/07/2026";"0900";"13,4";"13,6";"13,1";"100,0";"100,0";"100,0";"13,3";"13,6";"13,1";"919,3";"919,5";"919,2";"0,8";"108,0";"2,1";"";"0,0"
"01/07/2026";"1000";"14,0";"14,2";"13,6";"100,0";"100,0";"100,0";"13,9";"14,2";"13,6";"919,7";"920,1";"919,3";"0,7";"196,0";"2,0";"";"0,0"
"01/07/2026";"1100";"14,1";"14,2";"13,8";"100,0";"100,0";"100,0";"14,1";"14,2";"13,8";"920,4";"920,8";"919,8";"0,5";"108,0";"1,8";"";"0,0"
"01/07/2026";"1200";"14,5";"14,7";"14,2";"100,0";"100,0";"100,0";"14,5";"14,7";"14,1";"921,0";"921,2";"920,7";"1,2";"106,0";"2,1";"";"0,0"
"01/07/2026";"1300";"15,3";"15,9";"14,5";"100,0";"100,0";"100,0";"15,2";"15,8";"14,5";"921,3";"921,5";"921,0";"1,0";"101,0";"3,4";"";"0,0"
"01/07/2026";"1400";"16,6";"17,5";"15,9";"97,0";"100,0";"91,0";"15,9";"16,4";"15,3";"921,7";"922,0";"921,4";"1,3";"140,0";"3,3";"";"0,0"
"01/07/2026";"1500";"16,8";"17,3";"16,5";"95,0";"97,0";"92,0";"15,8";"16,3";"15,5";"921,6";"922,0";"921,3";"0,6";"140,0";"1,9";"";"0,0"
"01/07/2026";"1600";"16,9";"17,2";"16,5";"96,0";"97,0";"95,0";"16,1";"16,4";"15,9";"921,2";"921,5";"920,9";"1,9";"239,0";"4,4";"";"0,0"
"01/07/2026";"1700";"16,0";"16,4";"15,8";"99,0";"99,0";"97,0";"15,7";"15,9";"15,6";"921,1";"921,8";"919,9";"0,6";"104,0";"2,4";"";"5,3"
"01/07/2026";"1800";"15,7";"15,8";"15,6";"100,0";"100,0";"99,0";"15,7";"15,7";"15,6";"920,0";"920,5";"919,2";"0,8";"150,0";"2,4";"";"1,4"
"01/07/2026";"1900";"15,6";"15,7";"15,6";"100,0";"100,0";"100,0";"15,6";"15,7";"15,5";"920,6";"921,2";"919,7";"2,1";"95,0";"4,1";"";"5,5"
"01/07/2026";"2000";"15,6";"15,7";"15,5";"100,0";"100,0";"100,0";"15,6";"15,7";"15,5";"920,1";"920,8";"919,3";"0,5";"141,0";"2,7";"";"1,4"
"01/07/2026";"2100";"15,4";"15,5";"15,3";"100,0";"100,0";"100,0";"15,4";"15,5";"15,3";"920,5";"921,1";"919,5";"1,0";"149,0";"3,4";"";"2,8"
"01/07/2026";"2200";"15,3";"15,4";"15,2";"100,0";"100,0";"100,0";"15,2";"15,4";"15,2";"920,2";"921,2";"919,1";"1,9";"114,0";"4,7";"";"1,4"
"01/07/2026";"2300";"15,2";"15,3";"15,1";"100,0";"100,0";"100,0";"15,2";"15,3";"15,0";"921,1";"921,7";"920,2";"0,4";"118,0";"1,4";"";"0,0"
"02/07/2026";"0000";"15,0";"15,2";"14,9";"100,0";"100,0";"100,0";"15,0";"15,2";"14,9";"921,4";"921,7";"921,1";"1,4";"110,0";"2,2";"";"0,2"
"02/07/2026";"0100";"15,1";"15,2";"15,1";"100,0";"100,0";"100,0";"15,1";"15,2";"15,0";"921,5";"921,9";"921,1";"0,8";"163,0";"2,2";"";"1,4"
"02/07/2026";"0200";"15,3";"15,3";"15,2";"100,0";"100,0";"100,0";"15,2";"15,3";"15,1";"922,3";"922,5";"921,7";"0,9";"193,0";"1,9";"";"1,8"
"02/07/2026";"0300";"15,2";"15,3";"15,1";"100,0";"100,0";"100,0";"15,2";"15,3";"15,1";"922,6";"922,8";"922,4";"0,4";"197,0";"1,0";"";"0,8"
"02/07/2026";"0400";"15,2";"15,3";"15,1";"100,0";"100,0";"100,0";"15,1";"15,2";"15,1";"922,7";"923,1";"922,4";"1,1";"270,0";"2,6";"";"4,4"
"02/07/2026";"0500";"15,1";"15,3";"15,0";"100,0";"100,0";"100,0";"15,1";"15,2";"15,0";"922,4";"923,0";"922,1";"0,7";"99,0";"1,7";"";"2,6"
"02/07/2026";"0600";"15,0";"15,1";"15,0";"100,0";"100,0";"100,0";"15,0";"15,1";"15,0";"922,4";"923,2";"921,4";"1,4";"112,0";"2,7";"";"0,6"
"02/07/2026";"0700";"15,0";"15,1";"14,9";"100,0";"100,0";"100,0";"15,0";"15,1";"14,9";"921,8";"922,2";"921,2";"0,6";"131,0";"1,7";"";"0,0"
"02/07/2026";"0800";"15,0";"15,2";"14,9";"100,0";"100,0";"100,0";"15,0";"15,2";"14,9";"921,8";"922,4";"921,3";"0,7";"190,0";"2,2";"";"1,8"
"02/07/2026";"0900";"15,1";"15,1";"15,1";"100,0";"100,0";"100,0";"15,1";"15,1";"15,0";"921,7";"922,2";"921,3";"0,7";"263,0";"1,3";"";"0,0"
"02/07/2026";"1000";"15,1";"15,1";"15,1";"100,0";"100,0";"100,0";"15,1";"15,1";"15,1";"922,4";"922,8";"922,1";"0,7";"281,0";"1,7";"";"0,4"
"02/07/2026";"1100";"15,0";"15,1";"15,0";"100,0";"100,0";"100,0";"15,0";"15,1";"15,0";"922,8";"923,1";"922,3";"0,8";"239,0";"1,8";"";"0,2"
"02/07/2026";"1200";"14,8";"15,0";"14,2";"100,0";"100,0";"100,0";"14,7";"15,0";"14,2";"923,2";"923,9";"922,8";"1,3";"242,0";"3,3";"";"8,5"
"02/07/2026";"1300";"13,8";"14,1";"13,6";"100,0";"100,0";"100,0";"13,8";"14,0";"13,5";"923,1";"923,5";"922,4";"1,2";"220,0";"3,0";"";"2,4"
"02/07/2026";"1400";"13,7";"14,1";"13,3";"100,0";"100,0";"100,0";"13,6";"14,1";"13,3";"923,2";"924,2";"922,8";"1,4";"291,0";"3,7";"";"8,5"
"02/07/2026";"1500";"13,5";"13,9";"13,1";"100,0";"100,0";"100,0";"13,5";"13,9";"13,1";"923,3";"923,6";"923,0";"1,6";"255,0";"4,1";"";"2,0"
"02/07/2026";"1600";"12,8";"13,2";"12,5";"100,0";"100,0";"100,0";"12,8";"13,2";"12,5";"922,5";"923,0";"922,2";"1,4";"250,0";"4,0";"";"2,0"
"02/07/2026";"1700";"12,1";"12,5";"11,5";"100,0";"100,0";"100,0";"12,1";"12,5";"11,5";"922,1";"922,4";"921,8";"2,2";"216,0";"5,3";"";"3,0"
"02/07/2026";"1800";"11,1";"11,5";"10,8";"100,0";"100,0";"100,0";"11,1";"11,5";"10,8";"922,2";"922,3";"922,0";"2,7";"212,0";"5,9";"";"0,8"
"02/07/2026";"1900";"10,5";"10,8";"10,3";"100,0";"100,0";"99,0";"10,4";"10,8";"10,2";"922,4";"922,6";"922,1";"2,3";"205,0";"5,0";"";"0,6"
"02/07/2026";"2000";"10,2";"10,3";"10,0";"99,0";"100,0";"99,0";"10,0";"10,3";"9,9";"922,6";"923,0";"922,4";"1,7";"208,0";"4,2";"";"0,0"
"02/07/2026";"2100";"9,6";"10,0";"9,1";"100,0";"100,0";"99,0";"9,5";"10,0";"9,0";"923,2";"923,4";"923,0";"3,1";"192,0";"5,8";"";"0,2"
"02/07/2026";"2200";"8,8";"9,1";"8,5";"99,0";"100,0";"99,0";"8,7";"9,0";"8,4";"923,8";"924,0";"923,4";"2,2";"189,0";"5,0";"";"0,2"
"02/07/2026";"2300";"8,1";"8,6";"7,9";"100,0";"100,0";"99,0";"8,1";"8,5";"7,8";"924,5";"924,9";"923,9";"1,9";"214,0";"5,1";"";"0,0"
"03/07/2026";"0000";"7,7";"7,9";"7,4";"100,0";"100,0";"100,0";"7,7";"7,9";"7,4";"924,8";"925,1";"924,6";"2,4";"223,0";"5,5";"";"0,2"
"03/07/2026";"0100";"7,2";"7,4";"7,0";"100,0";"100,0";"99,0";"7,1";"7,3";"6,9";"925,2";"925,3";"925,1";"1,7";"220,0";"4,0";"";"0,0"
"03/07/2026";"0200";"7,0";"7,2";"6,9";"100,0";"100,0";"100,0";"6,9";"7,1";"6,8";"925,4";"925,5";"925,2";"1,5";"219,0";"4,4";"";"0,0"
"03/07/2026";"0300";"6,9";"6,9";"6,9";"100,0";"100,0";"100,0";"6,9";"6,9";"6,8";"925,3";"925,5";"925,2";"1,3";"245,0";"3,6";"";"0,0"
"03/07/2026";"0400";"6,8";"6,9";"6,7";"100,0";"100,0";"100,0";"6,7";"6,9";"6,6";"925,3";"925,4";"925,0";"1,2";"227,0";"3,0";"";"0,0"
"03/07/2026";"0500";"6,6";"6,7";"6,5";"100,0";"100,0";"100,0";"6,6";"6,7";"6,5";"924,9";"925,0";"924,7";"1,7";"257,0";"5,6";"";"0,4"
"03/07/2026";"0600";"5,8";"6,5";"5,2";"100,0";"100,0";"100,0";"5,7";"6,5";"5,1";"924,8";"924,9";"924,6";"2,5";"259,0";"5,6";"";"0,0"
"03/07/2026";"0700";"4,8";"5,2";"4,5";"100,0";"100,0";"100,0";"4,8";"5,2";"4,5";"924,8";"924,9";"924,7";"2,7";"260,0";"6,2";"";"0,0"
"03/07/2026";"0800";"4,2";"4,5";"3,9";"100,0";"100,0";"100,0";"4,2";"4,4";"3,8";"924,8";"924,9";"924,7";"2,4";"274,0";"4,6";"";"0,0"
"03/07/2026";"0900";"3,4";"3,8";"3,0";"100,0";"100,0";"100,0";"3,3";"3,8";"2,9";"925,1";"925,5";"924,8";"2,5";"267,0";"6,4";"";"0,0"
"03/07/2026";"1000";"2,7";"3,0";"2,5";"100,0";"100,0";"100,0";"2,7";"2,9";"2,5";"925,7";"925,9";"925,4";"2,1";"257,0";"5,8";"";"0,2"
"03/07/2026";"1100";"1,8";"2,6";"0,9";"100,0";"100,0";"100,0";"1,8";"2,6";"0,8";"926,3";"926,6";"926,0";"2,3";"239,0";"6,0";"";"0,2"
"03/07/2026";"1200";"0,5";"0,9";"0,2";"99,0";"100,0";"97,0";"0,3";"0,9";"-0,4";"926,7";"926,9";"926,5";"2,0";"278,0";"4,0";"";"0,0"
"03/07/2026";"1300";"1,1";"1,6";"0,6";"96,0";"99,0";"93,0";"0,4";"0,8";"-0,3";"927,1";"927,2";"926,9";"2,5";"291,0";"4,7";"";"0,0"
"03/07/2026";"1400";"2,5";"3,7";"1,5";"89,0";"96,0";"77,0";"0,3";"1,6";"-1,4";"927,2";"927,3";"926,9";"2,7";"299,0";"5,2";"";"0,0"
"03/07/2026";"1500";"4,1";"4,7";"3,6";"71,0";"81,0";"64,0";"-1,7";"-0,2";"-2,9";"926,7";"927,0";"926,5";"2,5";"281,0";"4,4";"";"0,0"
"03/07/2026";"1600";"5,4";"6,3";"4,7";"67,0";"73,0";"60,0";"-1,1";"0,2";"-2,4";"926,1";"926,5";"925,7";"2,2";"264,0";"5,6";"";"0,0"
"03/07/2026";"1700";"6,2";"6,6";"5,6";"61,0";"69,0";"52,0";"-1,5";"0,0";"-3,5";"925,5";"925,7";"925,3";"3,1";"289,0";"5,5";"";"0,0"
"03/07/2026";"1800";"6,7";"7,3";"6,3";"57,0";"62,0";"50,0";"-1,9";"-0,9";"-3,5";"925,5";"925,6";"925,2";"2,5";"286,0";"8,0";"";"0,0"
"03/07/2026";"1900";"6,3";"6,8";"5,8";"59,0";"63,0";"52,0";"-2,0";"-1,3";"-3,0";"925,5";"925,6";"925,4";"2,5";"295,0";"4,6";"";"0,0"
"03/07/2026";"2000";"5,9";"6,3";"5,5";"59,0";"64,0";"54,0";"-2,3";"-1,5";"-3,0";"925,5";"925,7";"925,3";"2,0";"292,0";"4,0";"";"0,0"
"03/07/2026";"2100";"3,8";"5,4";"2,7";"71,0";"81,0";"62,0";"-2,0";"-0,7";"-2,5";"925,8";"925,9";"925,6";"1,4";"288,0";"2,6";"";"0,0"
"03/07/2026";"2200";"2,4";"2,7";"2,1";"77,0";"80,0";"74,0";"-2,2";"-1,8";"-2,6";"925,8";"926,2";"925,5";"1,3";"280,0";"2,8";"";"0,0"
"03/07/2026";"2300";"2,3";"2,4";"2,2";"77,0";"78,0";"75,0";"-2,4";"-2,2";"-2,6";"926,6";"926,9";"926,2";"1,4";"279,0";"3,3";"";"0,0"
"04/07/2026";"0000";"2,2";"2,3";"2,0";"78,0";"80,0";"76,0";"-2,2";"-1,8";"-2,5";"927,0";"927,1";"926,8";"1,1";"260,0";"2,4";"";"0,0"
"04/07/2026";"0100";"2,4";"2,7";"2,2";"78,0";"81,0";"77,0";"-1,9";"-1,4";"-2,2";"926,8";"927,0";"926,7";"1,2";"235,0";"2,5";"";"0,0"
"04/07/2026";"0200";"2,5";"2,7";"2,2";"80,0";"82,0";"78,0";"-1,5";"-1,2";"-1,7";"926,7";"926,8";"926,6";"1,0";"252,0";"2,4";"";"0,0"
"04/07/2026";"0300";"2,0";"2,1";"1,9";"87,0";"89,0";"83,0";"-0,7";"-0,3";"-1,4";"926,5";"926,6";"926,4";"0,6";"254,0";"1,7";"";"0,0"
"04/07/2026";"0400";"2,1";"2,2";"2,1";"91,0";"95,0";"87,0";"0,4";"1,2";"-0,5";"926,5";"926,6";"926,4";"0,7";"277,0";"1,5";"";"0,0"
"04/07/2026";"0500";"2,1";"2,3";"2,0";"94,0";"95,0";"93,0";"0,9";"1,2";"0,5";"926,4";"926,5";"926,2";"1,0";"220,0";"2,0";"";"0,0"
"04/07/2026";"0600";"2,3";"2,4";"2,3";"96,0";"99,0";"93,0";"1,5";"2,2";"0,9";"926,0";"926,1";"925,8";"0,7";"180,0";"1,4";"";"0,0"
"04/07/2026";"0700";"2,5";"2,6";"2,4";"100,0";"100,0";"99,0";"2,4";"2,5";"2,2";"925,8";"925,9";"925,5";"1,4";"174,0";"3,3";"";"0,0"
"04/07/2026";"0800";"2,5";"2,7";"2,4";"100,0";"100,0";"100,0";"0,0";"";"";"925,4";"925,5";"925,2";"1,1";"167,0";"2,7";"";"0,0"
"04/07/2026";"0900";"2,5";"2,5";"2,4";"100,0";"100,0";"99,0";"2,4";"2,4";"2,3";"925,2";"925,4";"925,1";"0,7";"149,0";"2,2";"";"0,0"
"04/07/2026";"1000";"2,5";"2,6";"2,3";"100,0";"100,0";"99,0";"2,4";"2,6";"2,2";"925,6";"925,7";"925,5";"0,6";"111,0";"1,4";"";"0,0"
"04/07/2026";"1100";"2,4";"2,6";"2,2";"100,0";"100,0";"99,0";"2,4";"2,6";"2,2";"925,9";"926,1";"925,7";"1,5";"97,0";"3,4";"";"0,0"
"04/07/2026";"1200";"2,8";"3,1";"2,5";"100,0";"100,0";"100,0";"2,8";"3,1";"2,5";"926,2";"926,4";"926,0";"1,0";"123,0";"2,9";"";"0,0"
"04/07/2026";"1300";"3,4";"3,6";"3,2";"99,0";"100,0";"97,0";"3,3";"3,5";"2,8";"926,7";"926,8";"926,6";"1,4";"112,0";"2,8";"";"0,0"
"04/07/2026";"1400";"4,2";"4,9";"3,3";"91,0";"98,0";"87,0";"2,5";"3,3";"1,9";"926,8";"926,9";"926,8";"1,0";"275,0";"1,7";"";"0,0"
"04/07/2026";"1500";"6,6";"7,6";"4,9";"77,0";"87,0";"72,0";"2,0";"3,0";"1,1";"926,4";"926,9";"926,1";"1,1";"181,0";"2,7";"";"0,0"
"04/07/2026";"1600";"8,7";"9,9";"7,6";"70,0";"76,0";"65,0";"2,7";"4,0";"1,9";"925,9";"926,2";"925,4";"0,9";"121,0";"2,6";"";"0,0"
"04/07/2026";"1700";"10,4";"11,5";"9,5";"66,0";"72,0";"61,0";"3,7";"5,0";"2,8";"925,3";"925,6";"925,0";"2,0";"298,0";"4,0";"";"0,0"
"04/07/2026";"1800";"11,4";"12,3";"10,5";"67,0";"72,0";"62,0";"4,8";"5,5";"3,8";"924,9";"925,2";"924,5";"2,1";"305,0";"3,5";"";"0,0"
"04/07/2026";"1900";"10,6";"11,0";"10,2";"72,0";"75,0";"69,0";"4,9";"5,5";"4,5";"924,2";"924,5";"923,7";"0,5";"183,0";"1,9";"";"0,0"
"04/07/2026";"2000";"10,7";"11,6";"10,4";"72,0";"77,0";"67,0";"5,2";"6,2";"4,4";"923,7";"923,8";"923,6";"0,4";"188,0";"1,2";"";"0,0"
"04/07/2026";"2100";"8,7";"10,4";"8,0";"83,0";"87,0";"74,0";"5,3";"5,6";"5,0";"923,7";"923,9";"923,5";"1,0";"191,0";"2,1";"";"0,0"
"04/07/2026";"2200";"7,6";"8,0";"7,5";"88,0";"90,0";"85,0";"5,3";"5,6";"5,0";"923,9";"924,2";"923,5";"0,7";"175,0";"1,5";"";"0,0"
"04/07/2026";"2300";"7,6";"7,9";"7,4";"91,0";"94,0";"89,0";"5,8";"6,2";"5,5";"924,3";"924,6";"924,0";"0,4";"149,0";"1,7";"";"0,0"
"05/07/2026";"0000";"7,5";"7,7";"7,3";"93,0";"95,0";"91,0";"6,1";"6,3";"6,0";"924,8";"925,0";"924,5";"1,6";"132,0";"3,4";"";"0,0"
"05/07/2026";"0100";"7,6";"7,7";"7,5";"91,0";"92,0";"88,0";"5,7";"6,1";"5,2";"924,2";"924,6";"924,0";"3,6";"105,0";"5,7";"";"0,0"
"05/07/2026";"0200";"7,6";"7,8";"7,5";"87,0";"88,0";"85,0";"5,0";"5,3";"4,7";"923,6";"924,2";"922,9";"3,0";"89,0";"6,2";"";"0,0"
"05/07/2026";"0300";"7,4";"7,5";"7,3";"88,0";"89,0";"87,0";"4,9";"5,1";"4,7";"924,2";"924,7";"923,6";"3,3";"102,0";"5,2";"";"0,0"
"05/07/2026";"0400";"7,4";"7,5";"7,4";"87,0";"89,0";"86,0";"4,9";"5,2";"4,6";"924,2";"924,5";"923,8";"3,1";"105,0";"4,9";"";"0,0"
"05/07/2026";"0500";"7,4";"7,5";"7,3";"88,0";"90,0";"87,0";"5,1";"5,4";"4,9";"923,7";"924,2";"923,1";"2,6";"116,0";"6,0";"";"0,0"
"05/07/2026";"0600";"6,9";"7,3";"6,6";"92,0";"93,0";"90,0";"5,2";"5,6";"5,0";"923,9";"924,2";"923,5";"3,2";"99,0";"5,3";"";"0,0"
"05/07/2026";"0700";"6,8";"6,8";"6,8";"92,0";"93,0";"91,0";"5,2";"5,3";"5,1";"923,2";"923,5";"923,0";"2,5";"107,0";"4,3";"";"0,0"
"05/07/2026";"0800";"6,5";"6,8";"6,3";"93,0";"94,0";"92,0";"5,1";"5,3";"5,0";"923,1";"923,3";"923,0";"2,3";"110,0";"3,4";"";"0,0"
"05/07/2026";"0900";"6,3";"6,5";"6,0";"93,0";"96,0";"92,0";"5,0";"5,2";"4,9";"923,1";"923,6";"922,9";"1,5";"105,0";"2,6";"";"0,0"
"05/07/2026";"1000";"6,2";"6,6";"5,9";"95,0";"96,0";"93,0";"5,2";"5,3";"5,0";"923,7";"923,9";"923,3";"2,4";"107,0";"4,1";"";"0,0"
"05/07/2026";"1100";"6,5";"6,7";"6,2";"94,0";"95,0";"93,0";"5,3";"5,7";"5,1";"923,7";"924,0";"923,6";"0,7";"89,0";"1,8";"";"0,0"
"05/07/2026";"1200";"7,3";"7,8";"6,7";"93,0";"96,0";"91,0";"6,0";"6,3";"5,7";"924,0";"924,2";"923,8";"1,0";"83,0";"2,5";"";"0,0"
"05/07/2026";"1300";"8,3";"9,3";"7,8";"90,0";"92,0";"85,0";"6,2";"6,6";"5,9";"924,4";"924,6";"924,2";"1,7";"89,0";"3,6";"";"0,0"
"05/07/2026";"1400";"11,0";"12,3";"9,4";"81,0";"87,0";"74,0";"7,2";"7,9";"6,2";"924,4";"924,6";"924,3";"1,2";"137,0";"3,0";"";"0,0"
"05/07/2026";"1500";"13,3";"14,6";"12,0";"74,0";"80,0";"68,0";"8,1";"9,0";"7,3";"924,2";"924,5";"924,0";"1,6";"241,0";"4,4";"";"0,0"
"05/07/2026";"1600";"15,5";"16,3";"14,4";"66,0";"71,0";"60,0";"8,6";"9,6";"7,8";"923,5";"924,0";"923,2";"1,3";"156,0";"3,4";"";"0,0"
"05/07/2026";"1700";"16,4";"16,6";"16,2";"65,0";"70,0";"61,0";"9,4";"10,6";"8,6";"922,8";"923,2";"922,3";"0,8";"122,0";"2,7";"";"0,0"
"05/07/2026";"1800";"16,0";"16,6";"15,3";"65,0";"69,0";"60,0";"9,0";"10,1";"8,6";"922,3";"922,5";"922,1";"1,4";"279,0";"2,5";"";"0,0"
"05/07/2026";"1900";"15,1";"15,4";"14,9";"71,0";"75,0";"66,0";"9,4";"10,4";"8,4";"922,1";"922,4";"921,7";"1,3";"206,0";"2,9";"";"0,0"
"05/07/2026";"2000";"15,2";"15,3";"14,9";"69,0";"75,0";"64,0";"8,9";"10,1";"8,2";"922,3";"922,5";"921,9";"1,3";"164,0";"2,7";"";"0,0"
"05/07/2026";"2100";"14,5";"14,9";"14,3";"71,0";"74,0";"67,0";"8,8";"9,2";"8,4";"922,4";"922,5";"922,3";"0,9";"197,0";"2,6";"";"0,0"
"05/07/2026";"2200";"13,8";"14,3";"13,2";"77,0";"81,0";"73,0";"9,2";"9,5";"8,9";"922,4";"922,5";"922,4";"0,4";"135,0";"1,4";"";"0,0"
"05/07/2026";"2300";"13,9";"14,2";"13,3";"79,0";"81,0";"77,0";"9,6";"9,9";"9,5";"922,5";"922,6";"922,4";"0,6";"133,0";"2,2";"";"0,0"
"06/07/2026";"0000";"13,6";"13,8";"13,4";"83,0";"85,0";"81,0";"10,1";"10,4";"9,8";"922,6";"922,8";"922,5";"0,7";"122,0";"2,4";"";"0,0"
"06/07/2026";"0100";"13,1";"13,4";"13,0";"88,0";"89,0";"85,0";"10,6";"10,8";"10,3";"922,5";"922,6";"922,4";"0,6";"95,0";"1,9";"";"0,0"
"06/07/2026";"0200";"12,9";"13,1";"12,8";"90,0";"91,0";"89,0";"10,9";"11,0";"10,8";"922,6";"922,7";"922,3";"0,5";"149,0";"1,9";"";"0,0"
"06/07/2026";"0300";"12,9";"13,1";"12,8";"89,0";"90,0";"88,0";"10,7";"10,9";"10,6";"922,7";"922,9";"922,6";"0,6";"174,0";"1,7";"";"0,0"
"06/07/2026";"0400";"12,9";"13,0";"12,8";"88,0";"89,0";"87,0";"10,5";"10,7";"10,4";"922,6";"922,8";"922,5";"0,9";"117,0";"2,2";"";"0,0"
"06/07/2026";"0500";"12,6";"12,7";"12,3";"90,0";"91,0";"89,0";"10,5";"10,7";"10,4";"922,8";"923,0";"922,5";"0,6";"155,0";"2,1";"";"0,0"
"06/07/2026";"0600";"12,5";"12,6";"12,4";"89,0";"91,0";"89,0";"10,4";"10,6";"10,3";"922,1";"922,5";"921,8";"0,6";"150,0";"1,6";"";"0,0"
"06/07/2026";"0700";"12,4";"12,6";"12,3";"89,0";"90,0";"89,0";"10,2";"10,4";"10,1";"921,7";"922,0";"921,1";"0,7";"120,0";"2,3";"";"0,0"
"06/07/2026";"0800";"12,3";"12,5";"12,1";"89,0";"90,0";"88,0";"10,0";"10,2";"9,9";"921,0";"921,2";"920,9";"0,8";"142,0";"2,6";"";"0,0"
"06/07/2026";"0900";"11,7";"12,2";"11,4";"92,0";"95,0";"89,0";"10,1";"10,5";"9,9";"921,1";"921,2";"920,9";"0,5";"90,0";"1,9";"";"0,0"
"06/07/2026";"1000";"12,1";"12,4";"11,5";"93,0";"95,0";"91,0";"10,6";"10,7";"10,5";"921,3";"921,8";"920,8";"1,1";"299,0";"2,8";"";"0,0"
"06/07/2026";"1100";"12,1";"12,3";"12,0";"95,0";"95,0";"93,0";"11,1";"11,3";"10,7";"921,8";"922,0";"921,7";"1,8";"311,0";"3,1";"";"0,0"
"06/07/2026";"1200";"12,2";"12,4";"12,1";"96,0";"97,0";"95,0";"11,4";"11,6";"11,2";"922,0";"922,2";"921,9";"1,2";"262,0";"2,2";"";"0,0"
"06/07/2026";"1300";"12,5";"12,6";"12,2";"96,0";"96,0";"95,0";"11,6";"11,8";"11,5";"922,4";"922,6";"922,1";"1,2";"228,0";"3,0";"";"0,0"
"06/07/2026";"1400";"12,7";"12,8";"12,5";"95,0";"96,0";"95,0";"11,8";"11,9";"11,6";"922,4";"922,5";"922,2";"1,4";"293,0";"2,8";"";"0,0"
"06/07/2026";"1500";"12,8";"12,8";"12,7";"94,0";"95,0";"93,0";"11,6";"11,8";"11,3";"922,3";"922,4";"922,1";"1,9";"312,0";"3,1";"";"0,0"
"06/07/2026";"1600";"12,3";"12,7";"11,3";"94,0";"97,0";"93,0";"11,1";"11,5";"10,7";"922,2";"922,4";"922,1";"3,2";"289,0";"6,4";"";"0,2"
"06/07/2026";"1700";"10,5";"11,2";"10,1";"98,0";"99,0";"97,0";"10,1";"10,7";"9,8";"921,6";"922,1";"920,9";"1,9";"313,0";"3,1";"";"0,4"
"06/07/2026";"1800";"10,0";"10,2";"9,7";"99,0";"99,0";"99,0";"9,8";"10,0";"9,6";"921,1";"921,6";"920,7";"3,2";"303,0";"5,2";"";"0,2"
"06/07/2026";"1900";"9,5";"9,7";"9,3";"99,0";"100,0";"99,0";"9,4";"9,6";"9,2";"921,1";"921,4";"920,7";"2,7";"294,0";"5,6";"";"0,0"
"06/07/2026";"2000";"9,2";"9,3";"9,1";"100,0";"100,0";"99,0";"9,1";"9,2";"9,1";"921,5";"921,7";"921,3";"3,0";"303,0";"4,6";"";"1,0"
"06/07/2026";"2100";"9,0";"9,1";"8,9";"100,0";"100,0";"100,0";"9,0";"9,1";"8,8";"921,8";"922,0";"921,5";"2,5";"305,0";"4,6";"";"0,6"
"06/07/2026";"2200";"8,6";"8,9";"8,5";"100,0";"100,0";"100,0";"8,6";"8,8";"8,4";"922,2";"922,4";"922,0";"2,4";"294,0";"4,5";"";"0,0"
"06/07/2026";"2300";"8,4";"8,5";"8,2";"100,0";"100,0";"100,0";"8,3";"8,5";"8,1";"922,5";"922,6";"922,3";"2,5";"307,0";"4,8";"";"0,0"
"07/07/2026";"0000";"7,9";"8,2";"7,5";"100,0";"100,0";"99,0";"7,9";"8,1";"7,3";"922,5";"922,6";"922,3";"1,8";"293,0";"3,1";"";"0,0"
"07/07/2026";"0100";"7,1";"7,5";"6,3";"98,0";"100,0";"96,0";"6,7";"7,4";"5,8";"922,6";"922,7";"922,4";"2,3";"285,0";"4,5";"";"0,0"
"07/07/2026";"0200";"6,2";"6,3";"6,1";"98,0";"98,0";"97,0";"5,7";"5,8";"5,6";"922,9";"923,2";"922,7";"2,8";"300,0";"4,8";"";"0,0"
"07/07/2026";"0300";"5,7";"6,1";"5,0";"96,0";"99,0";"92,0";"4,9";"5,8";"3,7";"923,4";"923,7";"923,1";"2,9";"287,0";"5,7";"";"0,0"
"07/07/2026";"0400";"4,8";"4,9";"4,5";"91,0";"94,0";"89,0";"3,0";"3,6";"2,4";"923,9";"924,0";"923,7";"2,6";"284,0";"5,8";"";"0,0"
"07/07/2026";"0500";"4,6";"4,7";"4,6";"93,0";"94,0";"91,0";"3,1";"3,4";"2,9";"923,8";"924,0";"923,6";"1,7";"297,0";"3,3";"";"0,0"
"07/07/2026";"0600";"4,6";"4,7";"4,5";"91,0";"93,0";"85,0";"2,7";"3,2";"1,7";"923,4";"923,6";"923,1";"1,6";"296,0";"3,4";"";"0,0"
"07/07/2026";"0700";"4,2";"4,5";"3,5";"91,0";"94,0";"90,0";"2,5";"2,8";"2,3";"922,8";"923,1";"922,6";"1,3";"311,0";"2,3";"";"0,0"
"07/07/2026";"0800";"3,3";"3,4";"3,1";"94,0";"96,0";"92,0";"2,0";"2,4";"1,7";"922,5";"922,6";"922,3";"1,4";"302,0";"2,5";"";"0,0"
"07/07/2026";"0900";"3,2";"3,4";"3,1";"93,0";"96,0";"91,0";"1,9";"2,3";"1,5";"922,5";"922,7";"922,3";"1,7";"302,0";"3,0";"";"0,0"
"07/07/2026";"1000";"3,4";"3,6";"3,3";"93,0";"95,0";"90,0";"2,0";"2,3";"1,5";"922,7";"922,9";"922,4";"2,2";"318,0";"3,4";"";"0,0"
"07/07/2026";"1100";"3,3";"3,4";"3,1";"95,0";"97,0";"93,0";"2,3";"2,6";"1,9";"923,3";"923,5";"922,9";"2,5";"317,0";"4,3";"";"0,0"
"07/07/2026";"1200";"3,4";"3,7";"3,0";"92,0";"94,0";"89,0";"1,7";"2,0";"1,4";"923,5";"923,7";"923,4";"2,5";"311,0";"4,2";"";"0,0"
"07/07/2026";"1300";"4,2";"4,9";"3,7";"87,0";"90,0";"83,0";"1,5";"2,0";"1,0";"924,0";"924,3";"923,5";"3,4";"316,0";"5,8";"";"0,0"
"07/07/2026";"1400";"5,6";"6,4";"4,8";"79,0";"85,0";"72,0";"1,4";"2,5";"0,6";"924,6";"924,7";"924,3";"2,5";"305,0";"4,7";"";"0,0"
"07/07/2026";"1500";"7,0";"7,8";"6,2";"70,0";"75,0";"64,0";"1,0";"1,9";"0,3";"924,3";"924,5";"924,1";"";"";"";"";"0,0"
"07/07/2026";"1600";"8,4";"9,1";"7,6";"63,0";"70,0";"58,0";"0,9";"1,8";"0,0";"923,8";"924,0";"923,6";"";"";"";"";"0,0"
"07/07/2026";"1700";"9,4";"9,9";"9,0";"58,0";"64,0";"54,0";"1,0";"1,9";"0,3";"923,3";"923,5";"923,0";"";"";"";"";"0,0"
"07/07/2026";"1800";"10,1";"10,5";"9,7";"55,0";"60,0";"51,0";"1,1";"2,1";"0,3";"922,8";"923,1";"922,6";"";"";"";"";"0,0"
"07/07/2026";"1900";"10,3";"10,8";"10,0";"54,0";"57,0";"50,0";"1,2";"1,7";"0,4";"922,8";"922,9";"922,7";"";"";"";"";"0,0"
"07/07/2026";"2000";"10,1";"10,7";"9,6";"57,0";"61,0";"54,0";"1,4";"2,1";"0,8";"923,0";"923,0";"922,8";"";"";"";"";"0,0"
"07/07/2026";"2100";"7,8";"9,6";"5,9";"69,0";"80,0";"58,0";"1,6";"1,9";"1,2";"922,9";"923,0";"922,8";"";"";"";"";"0,0"
"07/07/2026";"2200";"5,3";"5,8";"4,8";"81,0";"85,0";"75,0";"1,5";"2,1";"0,8";"922,9";"923,0";"922,8";"";"";"";"";"0,0"
"07/07/2026";"2300";"4,8";"5,7";"4,0";"83,0";"87,0";"77,0";"1,4";"1,9";"1,0";"923,0";"923,2";"922,8";"";"";"";"";"0,0"
"08/07/2026";"0000";"3,7";"4,4";"3,1";"87,0";"92,0";"";"1,4";"1,7";"1,2";"923,2";"923,4";"923,1";"";"";"";"";"0,0"
"08/07/2026";"0100";"3,9";"5,0";"3,0";"88,0";"94,0";"82,0";"1,5";"1,9";"1,3";"923,4";"923,6";"923,3";"1,6";"295,0";"2,3";"";"0,0"
"08/07/2026";"0200";"3,6";"4,3";"3,1";"90,0";"93,0";"86,0";"1,5";"1,7";"1,4";"923,4";"923,7";"923,2";"0,2";"178,0";"0,9";"";"0,0"
"08/07/2026";"0300";"2,5";"3,1";"2,2";"96,0";"98,0";"93,0";"1,6";"1,8";"1,4";"923,2";"923,3";"923,0";"0,6";"293,0";"1,3";"";"0,0"
"08/07/2026";"0400";"2,0";"2,3";"1,7";"98,0";"99,0";"97,0";"1,6";"1,9";"1,2";"923,3";"923,5";"923,3";"0,7";"80,0";"2,0";"";"0,0"
"08/07/2026";"0500";"1,8";"1,9";"1,6";"98,0";"99,0";"97,0";"1,4";"1,6";"1,1";"923,4";"923,5";"923,2";"0,5";"105,0";"1,1";"";"0,0"
"08/07/2026";"0600";"1,3";"1,6";"0,9";"99,0";"100,0";"98,0";"1,0";"1,2";"0,5";"922,6";"923,2";"922,3";"1,3";"72,0";"2,6";"";"0,0"
"08/07/2026";"0700";"-0,1";"1,3";"-0,9";"99,0";"100,0";"99,0";"-0,2";"1,2";"-1,1";"922,3";"922,5";"922,2";"1,4";"100,0";"2,5";"";"0,0"
"08/07/2026";"0800";"-0,3";"0,1";"-0,6";"100,0";"100,0";"100,0";"-0,3";"0,0";"-0,7";"922,2";"922,4";"922,1";"0,5";"102,0";"1,7";"";"0,0"
"08/07/2026";"0900";"-0,2";"0,4";"-0,7";"100,0";"100,0";"100,0";"-0,2";"0,4";"-0,7";"922,3";"922,6";"922,1";"0,9";"88,0";"2,7";"";"0,0"
"08/07/2026";"1000";"-0,6";"-0,2";"-0,8";"100,0";"100,0";"100,0";"-0,6";"-0,2";"-0,8";"923,0";"923,3";"922,6";"1,5";"83,0";"3,4";"";"0,0"
"08/07/2026";"1100";"-0,3";"0,0";"-0,5";"100,0";"100,0";"100,0";"-0,3";"0,0";"-0,5";"923,6";"923,9";"923,4";"1,3";"91,0";"2,3";"";"0,0"
"08/07/2026";"1200";"0,4";"1,9";"-0,5";"100,0";"100,0";"100,0";"0,3";"1,8";"-0,5";"924,0";"924,1";"923,8";"0,5";"151,0";"2,3";"";"0,0"
"08/07/2026";"1300";"2,6";"3,8";"1,6";"100,0";"100,0";"95,0";"2,5";"3,3";"1,6";"924,2";"924,3";"924,1";"1,4";"80,0";"3,3";"";"0,2"
"08/07/2026";"1400";"6,7";"9,1";"3,9";"80,0";"95,0";"66,0";"2,8";"3,6";"1,6";"924,3";"924,4";"924,1";"1,3";"123,0";"3,3";"";"0,0"
"08/07/2026";"1500";"9,3";"9,4";"9,1";"67,0";"72,0";"65,0";"2,8";"3,5";"2,4";"924,3";"924,4";"924,3";"1,3";"261,0";"2,5";"";"0,0"
"08/07/2026";"1600";"";"";"";"";"";"";"";"";"";"";"";"";"1,9";"245,0";"3,5";"";"0,0"
"08/07/2026";"1700";"";"";"";"";"";"";"";"";"";"";"";"";"1,0";"212,0";"2,6";"";"0,0"
"08/07/2026";"1800";"";"";"";"";"";"";"";"";"";"";"";"";"1,9";"216,0";"3,9";"";"0,0"
"08/07/2026";"1900";"";"";"";"";"";"";"";"";"";"";"";"";"0,5";"168,0";"1,4";"";"0,0"
"08/07/2026";"2000";"";"";"";"";"";"";"";"";"";"";"";"";"0,5";"116,0";"1,1";"";"0,0"
"08/07/2026";"2100";"";"";"";"";"";"";"";"";"";"";"";"";"0,5";"70,0";"0,7";"";"0,0"
"08/07/2026";"2200";"";"";"";"";"";"";"";"";"";"";"";"";"0,5";"78,0";"1,6";"";"0,0"
"08/07/2026";"2300";"";"";"";"";"";"";"";"";"";"";"";"";"1,2";"124,0";"1,8";"";"0,0"
"09/07/2026";"0000";"";"";"";"";"";"";"";"";"";"";"";"";"1,2";"120,0";"1,9";"";"0,0"
"09/07/2026";"0100";"";"";"";"";"";"";"";"";"";"";"";"";"1,1";"101,0";"2,2";"";"0,0"
"09/07/2026";"0200";"";"";"";"";"";"";"";"";"";"";"";"";"0,7";"142,0";"1,9";"";"0,0"
"09/07/2026";"0300";"";"";"";"";"";"";"";"";"";"";"";"";"2,4";"100,0";"5,1";"";"0,0"
"09/07/2026";"0400";"";"";"";"";"";"";"";"";"";"";"";"";"0,8";"104,0";"3,3";"";"0,0"
"09/07/2026";"0500";"";"";"";"";"";"";"";"";"";"";"";"";"1,2";"113,0";"2,0";"";"0,0"
"09/07/2026";"0600";"";"";"";"";"";"";"";"";"";"";"";"";"2,2";"126,0";"3,5";"";"0,0"
"09/07/2026";"0700";"";"";"";"";"";"";"";"";"";"";"";"";"1,5";"86,0";"3,9";"";"0,0"
"09/07/2026";"0800";"";"";"";"";"";"";"";"";"";"";"";"";"2,2";"133,0";"3,7";"";"0,0"
"09/07/2026";"0900";"";"";"";"";"";"";"";"";"";"";"";"";"2,9";"104,0";"5,2";"";"0,0"
"09/07/2026";"1000";"";"";"";"";"";"";"";"";"";"";"";"";"3,1";"112,0";"5,1";"";"0,0"
"09/07/2026";"1100";"";"";"";"";"";"";"";"";"";"";"";"";"1,8";"102,0";"3,8";"";"0,0"
"09/07/2026";"1200";"";"";"";"";"";"";"";"";"";"";"";"";"2,6";"98,0";"4,5";"";"0,0"
"09/07/2026";"1300";"";"";"";"";"";"";"";"";"";"";"";"";"0,7";"104,0";"3,5";"";"0,0"
"09/07/2026";"1400";"";"";"";"";"";"";"";"";"";"";"";"";"1,1";"142,0";"3,8";"";"0,0"
"09/07/2026";"1500";"";"";"";"";"";"";"";"";"";"";"";"";"2,2";"221,0";"4,6";"";"0,0"
"09/07/2026";"1600";"";"";"";"";"";"";"";"";"";"";"";"";"2,0";"264,0";"3,3";"";"0,0"
"09/07/2026";"1700";"";"";"";"";"";"";"";"";"";"";"";"";"2,7";"307,0";"4,5";"";"0,0"
"09/07/2026";"1800";"";"";"";"";"";"";"";"";"";"";"";"";"3,6";"303,0";"6,3";"";"0,0"
"09/07/2026";"1900";"";"";"";"";"";"";"";"";"";"";"";"";"2,2";"301,0";"3,7";"";"0,0"
"09/07/2026";"2000";"";"";"";"";"";"";"";"";"";"";"";"";"1,0";"247,0";"3,3";"";"0,0"
"09/07/2026";"2100";"";"";"";"";"";"";"";"";"";"";"";"";"0,3";"290,0";"0,6";"";"0,0"
"09/07/2026";"2200";"";"";"";"";"";"";"";"";"";"";"";"";"0,5";"330,0";"0,8";"";"0,0"
"09/07/2026";"2300";"";"";"";"";"";"";"";"";"";"";"";"";"0,3";"72,0";"0,9";"";"0,0"
"10/07/2026";"0000";"";"";"";"";"";"";"";"";"";"";"";"";"0,3";"107,0";"0,9";"";"0,0"
"10/07/2026";"0100";"";"";"";"";"";"";"";"";"";"";"";"";"1,2";"65,0";"2,2";"";"0,0"
"10/07/2026";"0200";"";"";"";"";"";"";"";"";"";"";"";"";"0,4";"126,0";"1,2";"";"0,0"
"10/07/2026";"0300";"";"";"";"";"";"";"";"";"";"";"";"";"1,0";"275,0";"1,7";"";"0,0"
"10/07/2026";"0400";"";"";"";"";"";"";"";"";"";"";"";"";"0,9";"151,0";"2,4";"";"0,0"
"10/07/2026";"0500";"";"";"";"";"";"";"";"";"";"";"";"";"0,8";"98,0";"1,6";"";"0,0"
"10/07/2026";"0600";"";"";"";"";"";"";"";"";"";"";"";"";"0,5";"134,0";"1,1";"";"0,0"
"10/07/2026";"0700";"";"";"";"";"";"";"";"";"";"";"";"";"0,4";"36,0";"1,3";"";"0,0"
"10/07/2026";"0800";"";"";"";"";"";"";"";"";"";"";"";"";"1,1";"45,0";"2,3";"";"0,0"
"10/07/2026";"0900";"";"";"";"";"";"";"";"";"";"";"";"";"1,7";"91,0";"3,1";"";"0,0"
"10/07/2026";"1000";"";"";"";"";"";"";"";"";"";"";"";"";"1,8";"113,0";"3,8";"";"0,0"
"10/07/2026";"1100";"";"";"";"";"";"";"";"";"";"";"";"";"0,5";"204,0";"1,8";"";"0,0"
"10/07/2026";"1200";"";"";"";"";"";"";"";"";"";"";"";"";"1,7";"198,0";"3,9";"";"1,8"
"10/07/2026";"1300";"";"";"";"";"";"";"";"";"";"";"";"";"0,6";"115,0";"1,7";"";"0,0"
"10/07/2026";"1400";"";"";"";"";"";"";"";"";"";"";"";"";"1,4";"98,0";"2,7";"";"0,0"
"10/07/2026";"1500";"";"";"";"";"";"";"";"";"";"";"";"";"1,6";"138,0";"3,2";"";"0,0"
"10/07/2026";"1600";"";"";"";"";"";"";"";"";"";"";"";"";"0,9";"153,0";"2,2";"";"0,0"
"10/07/2026";"1700";"";"";"";"";"";"";"";"";"";"";"";"";"1,2";"177,0";"2,5";"";"0,0"
"10/07/2026";"1800";"";"";"";"";"";"";"";"";"";"";"";"";"1,3";"172,0";"2,8";"";"0,0"
"10/07/2026";"1900";"";"";"";"";"";"";"";"";"";"";"";"";"1,2";"227,0";"2,6";"";"0,0"
"10/07/2026";"2000";"";"";"";"";"";"";"";"";"";"";"";"";"0,9";"318,0";"1,5";"";"0,0"
"10/07/2026";"2100";"";"";"";"";"";"";"";"";"";"";"";"";"0,9";"137,0";"2,1";"";"0,0"
"10/07/2026";"2200";"";"";"";"";"";"";"";"";"";"";"";"";"1,6";"317,0";"2,6";"";"0,0"
"10/07/2026";"2300";"";"";"";"";"";"";"";"";"";"";"";"";"0,5";"157,0";"1,5";"";"0,0"
"11/07/2026";"0000";"";"";"";"";"";"";"";"";"";"";"";"";"0,5";"150,0";"1,5";"";"0,0"
"11/07/2026";"0100";"";"";"";"";"";"";"";"";"";"";"";"";"0,6";"197,0";"3,3";"";"0,0"
"11/07/2026";"0200";"";"";"";"";"";"";"";"";"";"";"";"";"0,5";"132,0";"1,7";"";"0,0"
"11/07/2026";"0300";"";"";"";"";"";"";"";"";"";"";"";"";"0,5";"149,0";"1,3";"";"0,0"
"11/07/2026";"0400";"";"";"";"";"";"";"";"";"";"";"";"";"0,5";"111,0";"1,3";"";"0,2"
"11/07/2026";"0500";"";"";"";"";"";"";"";"";"";"";"";"";"1,3";"175,0";"5,3";"";"0,0"
"11/07/2026";"0600";"";"";"";"";"";"";"";"";"";"";"";"";"0,8";"156,0";"2,5";"";"0,0"
"11/07/2026";"0700";"";"";"";"";"";"";"";"";"";"";"";"";"0,4";"166,0";"1,4";"";"0,0"
"11/07/2026";"0800";"";"";"";"";"";"";"";"";"";"";"";"";"2,1";"103,0";"3,6";"";"0,0"
"11/07/2026";"0900";"";"";"";"";"";"";"";"";"";"";"";"";"2,2";"99,0";"3,6";"";"0,0"
"11/07/2026";"1000";"";"";"";"";"";"";"";"";"";"";"";"";"0,7";"126,0";"2,0";"";"0,0"
"11/07/2026";"1100";"";"";"";"";"";"";"";"";"";"";"";"";"0,7";"89,0";"1,8";"";"3,4"
"11/07/2026";"1200";"";"";"";"";"";"";"";"";"";"";"";"";"1,2";"260,0";"2,6";"";"0,6"
"11/07/2026";"1300";"";"";"";"";"";"";"";"";"";"";"";"";"0,8";"221,0";"2,0";"";"1,6"
"11/07/2026";"1400";"";"";"";"";"";"";"";"";"";"";"";"";"2,6";"186,0";"6,4";"";"0,2"
"11/07/2026";"1500";"";"";"";"";"";"";"";"";"";"";"";"";"0,9";"146,0";"2,9";"";"1,8"
"11/07/2026";"1600";"";"";"";"";"";"";"";"";"";"";"";"";"0,9";"167,0";"2,2";"";"0,2"
"11/07/2026";"1700";"";"";"";"";"";"";"";"";"";"";"";"";"2,0";"324,0";"4,5";"";"0,6"
"11/07/2026";"1800";"";"";"";"";"";"";"";"";"";"";"";"";"0,7";"86,0";"1,8";"";"0,0"
"11/07/2026";"1900";"";"";"";"";"";"";"";"";"";"";"";"";"0,9";"116,0";"2,7";"";"0,0"
"11/07/2026";"2000";"";"";"";"";"";"";"";"";"";"";"";"";"1,7";"261,0";"4,0";"";"0,0"
"11/07/2026";"2100";"";"";"";"";"";"";"";"";"";"";"";"";"3,0";"199,0";"5,3";"";"0,0"
"11/07/2026";"2200";"";"";"";"";"";"";"";"";"";"";"";"";"2,5";"199,0";"4,9";"";"0,0"
"11/07/2026";"2300";"";"";"";"";"";"";"";"";"";"";"";"";"1,9";"244,0";"4,9";"";"0,0"
"12/07/2026";"0000";"";"";"";"";"";"";"";"";"";"";"";"";"1,2";"278,0";"2,7";"";"0,0"
"12/07/2026";"0100";"";"";"";"";"";"";"";"";"";"";"";"";"1,5";"268,0";"3,5";"";"0,0"
"12/07/2026";"0200";"";"";"";"";"";"";"";"";"";"";"";"";"1,4";"249,0";"3,6";"";"0,2"
"12/07/2026";"0300";"";"";"";"";"";"";"";"";"";"";"";"";"1,4";"250,0";"4,1";"";"0,2"
"12/07/2026";"0400";"";"";"";"";"";"";"";"";"";"";"";"";"1,6";"274,0";"3,9";"";"0,0"
"12/07/2026";"0500";"";"";"";"";"";"";"";"";"";"";"";"";"2,4";"282,0";"4,9";"";"0,0"
"12/07/2026";"0600";"";"";"";"";"";"";"";"";"";"";"";"";"2,2";"288,0";"4,8";"";"0,0"
"12/07/2026";"0700";"";"";"";"";"";"";"";"";"";"";"";"";"2,1";"297,0";"4,1";"";"0,0"
"12/07/2026";"0800";"";"";"";"";"";"";"";"";"";"";"";"";"2,4";"282,0";"5,5";"";"0,0"
"12/07/2026";"0900";"";"";"";"";"";"";"";"";"";"";"";"";"2,9";"269,0";"6,8";"";"0,0"
"12/07/2026";"1000";"";"";"";"";"";"";"";"";"";"";"";"";"2,7";"275,0";"6,3";"";"0,0"
"12/07/2026";"1100";"";"";"";"";"";"";"";"";"";"";"";"";"2,3";"266,0";"5,9";"";"0,0"
"12/07/2026";"1200";"";"";"";"";"";"";"";"";"";"";"";"";"3,2";"283,0";"6,5";"";"0,2"
"12/07/2026";"1300";"";"";"";"";"";"";"";"";"";"";"";"";"2,5";"266,0";"5,0";"";"0,0"
"12/07/2026";"1400";"";"";"";"";"";"";"";"";"";"";"";"";"2,8";"279,0";"6,2";"";"0,0"
"12/07/2026";"1500";"";"";"";"";"";"";"";"";"";"";"";"";"2,9";"271,0";"5,6";"";"0,0"
"12/07/2026";"1600";"";"";"";"";"";"";"";"";"";"";"";"";"2,9";"273,0";"6,6";"";"0,0"
"12/07/2026";"1700";"";"";"";"";"";"";"";"";"";"";"";"";"2,8";"266,0";"5,3";"";"0,0"
"12/07/2026";"1800";"";"";"";"";"";"";"";"";"";"";"";"";"2,4";"262,0";"5,5";"";"0,0"
"12/07/2026";"1900";"";"";"";"";"";"";"";"";"";"";"";"";"3,1";"275,0";"6,7";"";"0,0"
"12/07/2026";"2000";"";"";"";"";"";"";"";"";"";"";"";"";"2,3";"286,0";"4,7";"";"0,0"
"12/07/2026";"2100";"";"";"";"";"";"";"";"";"";"";"";"";"1,2";"268,0";"2,9";"";"0,0"
"12/07/2026";"2200";"";"";"";"";"";"";"";"";"";"";"";"";"1,4";"238,0";"5,1";"";"0,0"
"12/07/2026";"2300";"";"";"";"";"";"";"";"";"";"";"";"";"1,5";"224,0";"3,6";"";"0,0"
"13/07/2026";"0000";"";"";"";"";"";"";"";"";"";"";"";"";"2,6";"235,0";"5,7";"";"0,0"
"13/07/2026";"0100";"";"";"";"";"";"";"";"";"";"";"";"";"1,7";"234,0";"4,0";"";"0,0"
"13/07/2026";"0200";"";"";"";"";"";"";"";"";"";"";"";"";"3,1";"259,0";"6,6";"";"0,0"
"13/07/2026";"0300";"";"";"";"";"";"";"";"";"";"";"";"";"1,9";"283,0";"3,6";"";"0,0"
"13/07/2026";"0400";"";"";"";"";"";"";"";"";"";"";"";"";"1,3";"292,0";"2,4";"";"0,0"
"13/07/2026";"0500";"";"";"";"";"";"";"";"";"";"";"";"";"1,4";"275,0";"3,1";"";"0,0"
"13/07/2026";"0600";"";"";"";"";"";"";"";"";"";"";"";"";"1,3";"261,0";"3,5";"";"0,0"
"13/07/2026";"0700";"";"";"";"";"";"";"";"";"";"";"";"";"1,6";"316,0";"3,0";"";"0,0"
"13/07/2026";"0800";"";"";"";"";"";"";"";"";"";"";"";"";"0,9";"288,0";"2,2";"";"0,0"
"13/07/2026";"0900";"";"";"";"";"";"";"";"";"";"";"";"";"0,5";"262,0";"1,4";"";"0,2"
"13/07/2026";"1000";"";"";"";"";"";"";"";"";"";"";"";"";"0,8";"274,0";"2,2";"";"0,2"
"13/07/2026";"1100";"";"";"";"";"";"";"";"";"";"";"";"";"1,0";"283,0";"2,0";"";"0,0"
"13/07/2026";"1200";"";"";"";"";"";"";"";"";"";"";"";"";"1,4";"292,0";"2,4";"";"0,0"
"13/07/2026";"1300";"";"";"";"";"";"";"";"";"";"";"";"";"1,3";"185,0";"2,6";"";"0,0"
"13/07/2026";"1400";"";"";"";"";"";"";"";"";"";"";"";"";"1,3";"190,0";"2,9";"";"0,0"
"13/07/2026";"1500";"";"";"";"";"";"";"";"";"";"";"";"";"1,0";"154,0";"1,7";"";"0,0"
"13/07/2026";"1600";"";"";"";"";"";"";"";"";"";"";"";"";"1,2";"233,0";"2,7";"";"0,0"
"13/07/2026";"1700";"";"";"";"";"";"";"";"";"";"";"";"";"2,4";"318,0";"4,1";"";"0,0"
"13/07/2026";"1800";"";"";"";"";"";"";"";"";"";"";"";"";"2,2";"288,0";"4,2";"";"0,0"
"13/07/2026";"1900";"";"";"";"";"";"";"";"";"";"";"";"";"2,1";"298,0";"3,4";"";"0,0"
"13/07/2026";"2000";"";"";"";"";"";"";"";"";"";"";"";"";"2,0";"309,0";"4,0";"";"0,0"
"13/07/2026";"2100";"";"";"";"";"";"";"";"";"";"";"";"";"0,9";"230,0";"1,5";"";"0,0"
"13/07/2026";"2200";"";"";"";"";"";"";"";"";"";"";"";"";"1,4";"174,0";"3,4";"";"0,0"
"13/07/2026";"2300";"";"";"";"";"";"";"";"";"";"";"";"";"1,3";"133,0";"3,5";"";"0,0"
"14/07/2026";"0000";"";"";"";"";"";"";"";"";"";"";"";"";"2,3";"96,0";"4,0";"";"0,0"
"14/07/2026";"0100";"";"";"";"";"";"";"";"";"";"";"";"";"2,1";"102,0";"3,8";"";"0,0"
"14/07/2026";"0200";"";"";"";"";"";"";"";"";"";"";"";"";"2,9";"98,0";"4,9";"";"0,0"
"14/07/2026";"0300";"";"";"";"";"";"";"";"";"";"";"";"";"3,7";"96,0";"5,9";"";"0,0"
"14/07/2026";"0400";"";"";"";"";"";"";"";"";"";"";"";"";"2,9";"89,0";"5,1";"";"0,0"
"14/07/2026";"0500";"";"";"";"";"";"";"";"";"";"";"";"";"3,2";"92,0";"5,2";"";"0,0"
"14/07/2026";"0600";"";"";"";"";"";"";"";"";"";"";"";"";"3,4";"98,0";"5,2";"";"0,0"
"14/07/2026";"0700";"";"";"";"";"";"";"";"";"";"";"";"";"3,1";"98,0";"4,8";"";"0,2"
"14/07/2026";"0800";"";"";"";"";"";"";"";"";"";"";"";"";"";"";"";"";""
"14/07/2026";"0900";"";"";"";"";"";"";"";"";"";"";"";"";"";"";"";"";""
"14/07/2026";"1000";"3,9";"4,2";"3,5";"";"";"";"3,8";"4,2";"3,4";"925,1";"925,2";"925,0";"1,5";"92,0";"3,4";"";"0,0"
"14/07/2026";"1100";"3,4";"3,6";"3,1";"100,0";"100,0";"100,0";"3,3";"3,6";"3,1";"925,4";"925,7";"925,2";"3,9";"100,0";"6,2";"";"0,0"
"14/07/2026";"1200";"4,1";"4,9";"3,5";"100,0";"100,0";"100,0";"4,1";"4,9";"3,5";"925,9";"926,2";"925,6";"2,0";"81,0";"5,2";"";"0,0"
"14/07/2026";"1300";"5,6";"6,5";"5,0";"100,0";"100,0";"100,0";"5,6";"6,5";"5,0";"926,3";"926,5";"926,1";"2,2";"89,0";"4,7";"";"0,0"
"14/07/2026";"1400";"8,1";"9,8";"6,4";"97,0";"100,0";"87,0";"7,6";"8,3";"6,4";"926,6";"926,6";"926,5";"1,5";"90,0";"3,8";"";"0,0"
"14/07/2026";"1500";"11,7";"13,1";"9,9";"80,0";"89,0";"69,0";"7,7";"8,8";"6,5";"926,5";"926,6";"926,4";"2,1";"173,0";"5,3";"";"0,0"
"14/07/2026";"1600";"13,9";"14,4";"13,2";"65,0";"77,0";"59,0";"6,9";"9,0";"6,0";"925,9";"926,4";"925,6";"2,4";"196,0";"7,4";"";"0,0"
"14/07/2026";"1700";"14,8";"15,3";"14,2";"58,0";"61,0";"55,0";"6,5";"7,2";"5,7";"925,0";"925,7";"924,5";"1,8";"174,0";"6,9";"";"0,0"
"14/07/2026";"1800";"15,7";"16,1";"15,3";"56,0";"60,0";"54,0";"6,9";"7,9";"6,4";"924,3";"924,6";"924,0";"1,9";"166,0";"5,2";"";"0,0"
"14/07/2026";"1900";"15,5";"15,9";"15,1";"57,0";"60,0";"53,0";"7,0";"7,6";"6,5";"923,6";"924,0";"923,2";"1,8";"169,0";"6,6";"";"0,0"
"14/07/2026";"2000";"14,7";"15,5";"13,9";"62,0";"66,0";"58,0";"7,1";"7,6";"6,6";"923,6";"923,9";"923,4";"1,6";"169,0";"5,2";"";"0,0"
"14/07/2026";"2100";"12,2";"14,0";"10,5";"74,0";"80,0";"64,0";"7,0";"7,6";"6,5";"924,1";"924,2";"923,9";"0,8";"128,0";"2,5";"";"0,0"
"14/07/2026";"2200";"10,3";"10,6";"10,0";"80,0";"81,0";"78,0";"6,3";"6,7";"6,1";"924,3";"924,4";"924,1";"0,8";"122,0";"3,9";"";"0,0"
"14/07/2026";"2300";"9,5";"10,0";"8,9";"83,0";"85,0";"81,0";"6,1";"6,2";"5,8";"924,4";"924,5";"924,3";"0,5";"143,0";"1,8";"";"0,0"
"15/07/2026";"0000";"";"";"";"";"";"";"";"";"";"";"";"";"";"";"";"";""
"15/07/2026";"0100";"";"";"";"";"";"";"";"";"";"";"";"";"";"";"";"";""
"15/07/2026";"0200";"";"";"";"";"";"";"";"";"";"";"";"";"";"";"";"";""
"15/07/2026";"0300";"";"";"";"";"";"";"";"";"";"";"";"";"";"";"";"";""
"15/07/2026";"0400";"";"";"";"";"";"";"";"";"";"";"";"";"";"";"";"";""
"15/07/2026";"0500";"";"";"";"";"";"";"";"";"";"";"";"";"";"";"";"";""
"15/07/2026";"0600";"";"";"";"";"";"";"";"";"";"";"";"";"";"";"";"";""
"15/07/2026";"0700";"";"";"";"";"";"";"";"";"";"";"";"";"";"";"";"";""
"15/07/2026";"0800";"";"";"";"";"";"";"";"";"";"";"";"";"";"";"";"";""
"15/07/2026";"0900";"";"";"";"";"";"";"";"";"";"";"";"";"";"";"";"";""
"15/07/2026";"1000";"";"";"";"";"";"";"";"";"";"";"";"";"";"";"";"";""
"15/07/2026";"1100";"";"";"";"";"";"";"";"";"";"";"";"";"";"";"";"";""
"15/07/2026";"1200";"";"";"";"";"";"";"";"";"";"";"";"";"";"";"";"";""
"15/07/2026";"1300";"";"";"";"";"";"";"";"";"";"";"";"";"";"";"";"";""
"15/07/2026";"1400";"";"";"";"";"";"";"";"";"";"";"";"";"";"";"";"";""
"15/07/2026";"1500";"";"";"";"";"";"";"";"";"";"";"";"";"";"";"";"";""
"15/07/2026";"1600";"";"";"";"";"";"";"";"";"";"";"";"";"";"";"";"";""
"15/07/2026";"1700";"";"";"";"";"";"";"";"";"";"";"";"";"";"";"";"";""
"15/07/2026";"1800";"";"";"";"";"";"";"";"";"";"";"";"";"";"";"";"";""
"15/07/2026";"1900";"";"";"";"";"";"";"";"";"";"";"";"";"";"";"";"";""
"15/07/2026";"2000";"";"";"";"";"";"";"";"";"";"";"";"";"";"";"";"";""
"15/07/2026";"2100";"";"";"";"";"";"";"";"";"";"";"";"";"";"";"";"";""
"15/07/2026";"2200";"";"";"";"";"";"";"";"";"";"";"";"";"";"";"";"";""
"15/07/2026";"2300";"";"";"";"";"";"";"";"";"";"";"";"";"";"";"";"";""
"16/07/2026";"0000";"";"";"";"";"";"";"";"";"";"";"";"";"";"";"";"";""
"16/07/2026";"0100";"";"";"";"";"";"";"";"";"";"";"";"";"";"";"";"";""
"16/07/2026";"0200";"";"";"";"";"";"";"";"";"";"";"";"";"";"";"";"";""
"16/07/2026";"0300";"";"";"";"";"";"";"";"";"";"";"";"";"";"";"";"";""
"16/07/2026";"0400";"";"";"";"";"";"";"";"";"";"";"";"";"";"";"";"";""
"16/07/2026";"0500";"";"";"";"";"";"";"";"";"";"";"";"";"";"";"";"";""
"16/07/2026";"0600";"";"";"";"";"";"";"";"";"";"";"";"";"";"";"";"";""
"16/07/2026";"0700";"";"";"";"";"";"";"";"";"";"";"";"";"";"";"";"";""
"16/07/2026";"0800";"";"";"";"";"";"";"";"";"";"";"";"";"";"";"";"";""
"16/07/2026";"0900";"";"";"";"";"";"";"";"";"";"";"";"";"";"";"";"";""
"16/07/2026";"1000";"";"";"";"";"";"";"";"";"";"";"";"";"";"";"";"";""
"16/07/2026";"1100";"";"";"";"";"";"";"";"";"";"";"";"";"";"";"";"";""
"16/07/2026";"1200";"";"";"";"";"";"";"";"";"";"";"";"";"";"";"";"";""
"16/07/2026";"1300";"";"";"";"";"";"";"";"";"";"";"";"";"";"";"";"";""
"16/07/2026";"1400";"";"";"";"";"";"";"";"";"";"";"";"";"";"";"";"";""
"16/07/2026";"1500";"";"";"";"";"";"";"";"";"";"";"";"";"";"";"";"";""
"16/07/2026";"1600";"";"";"";"";"";"";"";"";"";"";"";"";"";"";"";"";""
"16/07/2026";"1700";"";"";"";"";"";"";"";"";"";"";"";"";"";"";"";"";""
"16/07/2026";"1800";"";"";"";"";"";"";"";"";"";"";"";"";"";"";"";"";""
"16/07/2026";"1900";"";"";"";"";"";"";"";"";"";"";"";"";"";"";"";"";""
"16/07/2026";"2000";"";"";"";"";"";"";"";"";"";"";"";"";"";"";"";"";""
"16/07/2026";"2100";"";"";"";"";"";"";"";"";"";"";"";"";"";"";"";"";""
"16/07/2026";"2200";"";"";"";"";"";"";"";"";"";"";"";"";"";"";"";"";""
"16/07/2026";"2300";"";"";"";"";"";"";"";"";"";"";"";"";"";"";"";"";""
"17/07/2026";"0000";"";"";"";"";"";"";"";"";"";"";"";"";"";"";"";"";""
"17/07/2026";"0100";"";"";"";"";"";"";"";"";"";"";"";"";"";"";"";"";""
"17/07/2026";"0200";"";"";"";"";"";"";"";"";"";"";"";"";"";"";"";"";""
"17/07/2026";"0300";"";"";"";"";"";"";"";"";"";"";"";"";"";"";"";"";""
"17/07/2026";"0400";"";"";"";"";"";"";"";"";"";"";"";"";"";"";"";"";""
"17/07/2026";"0500";"";"";"";"";"";"";"";"";"";"";"";"";"";"";"";"";""
"17/07/2026";"0600";"";"";"";"";"";"";"";"";"";"";"";"";"";"";"";"";""
"17/07/2026";"0700";"";"";"";"";"";"";"";"";"";"";"";"";"";"";"";"";""
"17/07/2026";"0800";"";"";"";"";"";"";"";"";"";"";"";"";"";"";"";"";""
"17/07/2026";"0900";"";"";"";"";"";"";"";"";"";"";"";"";"";"";"";"";""
"17/07/2026";"1000";"";"";"";"";"";"";"";"";"";"";"";"";"";"";"";"";""
"17/07/2026";"1100";"";"";"";"";"";"";"";"";"";"";"";"";"";"";"";"";""
"17/07/2026";"1200";"";"";"";"";"";"";"";"";"";"";"";"";"";"";"";"";""
"17/07/2026";"1300";"";"";"";"";"";"";"";"";"";"";"";"";"";"";"";"";""
"17/07/2026";"1400";"";"";"";"";"";"";"";"";"";"";"";"";"";"";"";"";""
"17/07/2026";"1500";"";"";"";"";"";"";"";"";"";"";"";"";"";"";"";"";""
"17/07/2026";"1600";"";"";"";"";"";"";"";"";"";"";"";"";"";"";"";"";""
"17/07/2026";"1700";"";"";"";"";"";"";"";"";"";"";"";"";"";"";"";"";""
"17/07/2026";"1800";"";"";"";"";"";"";"";"";"";"";"";"";"";"";"";"";""
"17/07/2026";"1900";"";"";"";"";"";"";"";"";"";"";"";"";"";"";"";"";""
"17/07/2026";"2000";"";"";"";"";"";"";"";"";"";"";"";"";"";"";"";"";""
"17/07/2026";"2100";"";"";"";"";"";"";"";"";"";"";"";"";"";"";"";"";""
"17/07/2026";"2200";"";"";"";"";"";"";"";"";"";"";"";"";"";"";"";"";""
"17/07/2026";"2300";"";"";"";"";"";"";"";"";"";"";"";"";"";"";"";"";""
"18/07/2026";"0000";"";"";"";"";"";"";"";"";"";"";"";"";"";"";"";"";""
"18/07/2026";"0100";"";"";"";"";"";"";"";"";"";"";"";"";"";"";"";"";""
"18/07/2026";"0200";"";"";"";"";"";"";"";"";"";"";"";"";"";"";"";"";""
"18/07/2026";"0300";"";"";"";"";"";"";"";"";"";"";"";"";"";"";"";"";""
"18/07/2026";"0400";"";"";"";"";"";"";"";"";"";"";"";"";"";"";"";"";""
"18/07/2026";"0500";"";"";"";"";"";"";"";"";"";"";"";"";"";"";"";"";""
"18/07/2026";"0600";"";"";"";"";"";"";"";"";"";"";"";"";"";"";"";"";""
"18/07/2026";"0700";"";"";"";"";"";"";"";"";"";"";"";"";"";"";"";"";""
"18/07/2026";"0800";"";"";"";"";"";"";"";"";"";"";"";"";"";"";"";"";""
"18/07/2026";"0900";"";"";"";"";"";"";"";"";"";"";"";"";"";"";"";"";""
"18/07/2026";"1000";"";"";"";"";"";"";"";"";"";"";"";"";"";"";"";"";""
"18/07/2026";"1100";"";"";"";"";"";"";"";"";"";"";"";"";"";"";"";"";""
"18/07/2026";"1200";"";"";"";"";"";"";"";"";"";"";"";"";"";"";"";"";""
"18/07/2026";"1300";"";"";"";"";"";"";"";"";"";"";"";"";"";"";"";"";""
"18/07/2026";"1400";"";"";"";"";"";"";"";"";"";"";"";"";"";"";"";"";""
"18/07/2026";"1500";"";"";"";"";"";"";"";"";"";"";"";"";"";"";"";"";""
"18/07/2026";"1600";"";"";"";"";"";"";"";"";"";"";"";"";"";"";"";"";""
"18/07/2026";"1700";"";"";"";"";"";"";"";"";"";"";"";"";"";"";"";"";""
"18/07/2026";"1800";"";"";"";"";"";"";"";"";"";"";"";"";"";"";"";"";""
"18/07/2026";"1900";"";"";"";"";"";"";"";"";"";"";"";"";"";"";"";"";""
"18/07/2026";"2000";"";"";"";"";"";"";"";"";"";"";"";"";"";"";"";"";""
"18/07/2026";"2100";"";"";"";"";"";"";"";"";"";"";"";"";"";"";"";"";""
"18/07/2026";"2200";"";"";"";"";"";"";"";"";"";"";"";"";"";"";"";"";""
"18/07/2026";"2300";"";"";"";"";"";"";"";"";"";"";"";"";"";"";"";"";""
"19/07/2026";"0000";"";"";"";"";"";"";"";"";"";"";"";"";"";"";"";"";""
"19/07/2026";"0100";"";"";"";"";"";"";"";"";"";"";"";"";"";"";"";"";""
"19/07/2026";"0200";"";"";"";"";"";"";"";"";"";"";"";"";"";"";"";"";""
"19/07/2026";"0300";"";"";"";"";"";"";"";"";"";"";"";"";"";"";"";"";""
"19/07/2026";"0400";"";"";"";"";"";"";"";"";"";"";"";"";"";"";"";"";""
"19/07/2026";"0500";"";"";"";"";"";"";"";"";"";"";"";"";"";"";"";"";""
"19/07/2026";"0600";"";"";"";"";"";"";"";"";"";"";"";"";"";"";"";"";""
"19/07/2026";"0700";"";"";"";"";"";"";"";"";"";"";"";"";"";"";"";"";""
"19/07/2026";"0800";"";"";"";"";"";"";"";"";"";"";"";"";"";"";"";"";""
"19/07/2026";"0900";"";"";"";"";"";"";"";"";"";"";"";"";"";"";"";"";""
"19/07/2026";"1000";"";"";"";"";"";"";"";"";"";"";"";"";"";"";"";"";""
"19/07/2026";"1100";"";"";"";"";"";"";"";"";"";"";"";"";"";"";"";"";""
"19/07/2026";"1200";"";"";"";"";"";"";"";"";"";"";"";"";"";"";"";"";""
"19/07/2026";"1300";"";"";"";"";"";"";"";"";"";"";"";"";"";"";"";"";""
"19/07/2026";"1400";"";"";"";"";"";"";"";"";"";"";"";"";"";"";"";"";""
"19/07/2026";"1500";"";"";"";"";"";"";"";"";"";"";"";"";"";"";"";"";""
"19/07/2026";"1600";"";"";"";"";"";"";"";"";"";"";"";"";"";"";"";"";""
"19/07/2026";"1700";"";"";"";"";"";"";"";"";"";"";"";"";"";"";"";"";""
"19/07/2026";"1800";"";"";"";"";"";"";"";"";"";"";"";"";"";"";"";"";""
"19/07/2026";"1900";"";"";"";"";"";"";"";"";"";"";"";"";"";"";"";"";""
"19/07/2026";"2000";"";"";"";"";"";"";"";"";"";"";"";"";"";"";"";"";""
"19/07/2026";"2100";"";"";"";"";"";"";"";"";"";"";"";"";"";"";"";"";""
"19/07/2026";"2200";"";"";"";"";"";"";"";"";"";"";"";"";"";"";"";"";""
"19/07/2026";"2300";"";"";"";"";"";"";"";"";"";"";"";"";"";"";"";"";""
"20/07/2026";"0000";"";"";"";"";"";"";"";"";"";"";"";"";"";"";"";"";""
"20/07/2026";"0100";"";"";"";"";"";"";"";"";"";"";"";"";"";"";"";"";""
"20/07/2026";"0200";"";"";"";"";"";"";"";"";"";"";"";"";"";"";"";"";""
"20/07/2026";"0300";"";"";"";"";"";"";"";"";"";"";"";"";"";"";"";"";""
"20/07/2026";"0400";"";"";"";"";"";"";"";"";"";"";"";"";"";"";"";"";""
"20/07/2026";"0500";"";"";"";"";"";"";"";"";"";"";"";"";"";"";"";"";""
"20/07/2026";"0600";"";"";"";"";"";"";"";"";"";"";"";"";"";"";"";"";""
"20/07/2026";"0700";"";"";"";"";"";"";"";"";"";"";"";"";"";"";"";"";""
"20/07/2026";"0800";"";"";"";"";"";"";"";"";"";"";"";"";"";"";"";"";""
"20/07/2026";"0900";"";"";"";"";"";"";"";"";"";"";"";"";"";"";"";"";""
"20/07/2026";"1000";"";"";"";"";"";"";"";"";"";"";"";"";"";"";"";"";""
"20/07/2026";"1100";"";"";"";"";"";"";"";"";"";"";"";"";"";"";"";"";""
"20/07/2026";"1200";"";"";"";"";"";"";"";"";"";"";"";"";"";"";"";"";""
"20/07/2026";"1300";"";"";"";"";"";"";"";"";"";"";"";"";"";"";"";"";""
"20/07/2026";"1400";"";"";"";"";"";"";"";"";"";"";"";"";"";"";"";"";""
"20/07/2026";"1500";"";"";"";"";"";"";"";"";"";"";"";"";"";"";"";"";""
"20/07/2026";"1600";"";"";"";"";"";"";"";"";"";"";"";"";"";"";"";"";""
"20/07/2026";"1700";"";"";"";"";"";"";"";"";"";"";"";"";"";"";"";"";""
"20/07/2026";"1800";"";"";"";"";"";"";"";"";"";"";"";"";"";"";"";"";""
"20/07/2026";"1900";"";"";"";"";"";"";"";"";"";"";"";"";"";"";"";"";""
"20/07/2026";"2000";"";"";"";"";"";"";"";"";"";"";"";"";"";"";"";"";""
"20/07/2026";"2100";"";"";"";"";"";"";"";"";"";"";"";"";"";"";"";"";""
"20/07/2026";"2200";"";"";"";"";"";"";"";"";"";"";"";"";"";"";"";"";""
"20/07/2026";"2300";"";"";"";"";"";"";"";"";"";"";"";"";"";"";"";"";""
"21/07/2026";"0000";"";"";"";"";"";"";"";"";"";"";"";"";"";"";"";"";""
"21/07/2026";"0100";"";"";"";"";"";"";"";"";"";"";"";"";"";"";"";"";""
"21/07/2026";"0200";"";"";"";"";"";"";"";"";"";"";"";"";"";"";"";"";""
"21/07/2026";"0300";"";"";"";"";"";"";"";"";"";"";"";"";"";"";"";"";""
"21/07/2026";"0400";"";"";"";"";"";"";"";"";"";"";"";"";"";"";"";"";""
"21/07/2026";"0500";"";"";"";"";"";"";"";"";"";"";"";"";"";"";"";"";""
"21/07/2026";"0600";"";"";"";"";"";"";"";"";"";"";"";"";"";"";"";"";""
"21/07/2026";"0700";"";"";"";"";"";"";"";"";"";"";"";"";"";"";"";"";""
"21/07/2026";"0800";"";"";"";"";"";"";"";"";"";"";"";"";"";"";"";"";""
"21/07/2026";"0900";"";"";"";"";"";"";"";"";"";"";"";"";"";"";"";"";""
"21/07/2026";"1000";"";"";"";"";"";"";"";"";"";"";"";"";"";"";"";"";""
"21/07/2026";"1100";"";"";"";"";"";"";"";"";"";"";"";"";"";"";"";"";""
"21/07/2026";"1200";"";"";"";"";"";"";"";"";"";"";"";"";"";"";"";"";""
"21/07/2026";"1300";"";"";"";"";"";"";"";"";"";"";"";"";"";"";"";"";""
"21/07/2026";"1400";"";"";"";"";"";"";"";"";"";"";"";"";"";"";"";"";""
"21/07/2026";"1500";"";"";"";"";"";"";"";"";"";"";"";"";"";"";"";"";""
"21/07/2026";"1600";"";"";"";"";"";"";"";"";"";"";"";"";"";"";"";"";""
"21/07/2026";"1700";"";"";"";"";"";"";"";"";"";"";"";"";"";"";"";"";""
"21/07/2026";"1800";"";"";"";"";"";"";"";"";"";"";"";"";"";"";"";"";""
"21/07/2026";"1900";"";"";"";"";"";"";"";"";"";"";"";"";"";"";"";"";""
"21/07/2026";"2000";"";"";"";"";"";"";"";"";"";"";"";"";"";"";"";"";""
"21/07/2026";"2100";"";"";"";"";"";"";"";"";"";"";"";"";"";"";"";"";""
"21/07/2026";"2200";"";"";"";"";"";"";"";"";"";"";"";"";"";"";"";"";""
"21/07/2026";"2300";"";"";"";"";"";"";"";"";"";"";"";"";"";"";"";"";""
"22/07/2026";"0000";"";"";"";"";"";"";"";"";"";"";"";"";"";"";"";"";""
"22/07/2026";"0100";"";"";"";"";"";"";"";"";"";"";"";"";"";"";"";"";""
"22/07/2026";"0200";"";"";"";"";"";"";"";"";"";"";"";"";"";"";"";"";""
"22/07/2026";"0300";"";"";"";"";"";"";"";"";"";"";"";"";"";"";"";"";""
"22/07/2026";"0400";"";"";"";"";"";"";"";"";"";"";"";"";"";"";"";"";""
"22/07/2026";"0500";"";"";"";"";"";"";"";"";"";"";"";"";"";"";"";"";""
"22/07/2026";"0600";"";"";"";"";"";"";"";"";"";"";"";"";"";"";"";"";""
"22/07/2026";"0700";"";"";"";"";"";"";"";"";"";"";"";"";"";"";"";"";""
"22/07/2026";"0800";"";"";"";"";"";"";"";"";"";"";"";"";"";"";"";"";""
"22/07/2026";"0900";"";"";"";"";"";"";"";"";"";"";"";"";"";"";"";"";""
"22/07/2026";"1000";"";"";"";"";"";"";"";"";"";"";"";"";"";"";"";"";""
"22/07/2026";"1100";"";"";"";"";"";"";"";"";"";"";"";"";"";"";"";"";""
"22/07/2026";"1200";"";"";"";"";"";"";"";"";"";"";"";"";"";"";"";"";""
"22/07/2026";"1300";"";"";"";"";"";"";"";"";"";"";"";"";"";"";"";"";""
"22/07/2026";"1400";"";"";"";"";"";"";"";"";"";"";"";"";"";"";"";"";""
"22/07/2026";"1500";"";"";"";"";"";"";"";"";"";"";"";"";"";"";"";"";""
"22/07/2026";"1600";"";"";"";"";"";"";"";"";"";"";"";"";"";"";"";"";""
"22/07/2026";"1700";"";"";"";"";"";"";"";"";"";"";"";"";"";"";"";"";""
"22/07/2026";"1800";"";"";"";"";"";"";"";"";"";"";"";"";"";"";"";"";""
"22/07/2026";"1900";"";"";"";"";"";"";"";"";"";"";"";"";"";"";"";"";""
"22/07/2026";"2000";"";"";"";"";"";"";"";"";"";"";"";"";"";"";"";"";""
"22/07/2026";"2100";"";"";"";"";"";"";"";"";"";"";"";"";"";"";"";"";""
"22/07/2026";"2200";"";"";"";"";"";"";"";"";"";"";"";"";"";"";"";"";""
"22/07/2026";"2300";"";"";"";"";"";"";"";"";"";"";"";"";"";"";"";"";""
"23/07/2026";"0000";"";"";"";"";"";"";"";"";"";"";"";"";"";"";"";"";""
"23/07/2026";"0100";"";"";"";"";"";"";"";"";"";"";"";"";"";"";"";"";""
"23/07/2026";"0200";"";"";"";"";"";"";"";"";"";"";"";"";"";"";"";"";""
"23/07/2026";"0300";"";"";"";"";"";"";"";"";"";"";"";"";"";"";"";"";""
"23/07/2026";"0400";"";"";"";"";"";"";"";"";"";"";"";"";"";"";"";"";""
"23/07/2026";"0500";"";"";"";"";"";"";"";"";"";"";"";"";"";"";"";"";""
"23/07/2026";"0600";"";"";"";"";"";"";"";"";"";"";"";"";"";"";"";"";""
"23/07/2026";"0700";"";"";"";"";"";"";"";"";"";"";"";"";"";"";"";"";""
"23/07/2026";"0800";"";"";"";"";"";"";"";"";"";"";"";"";"";"";"";"";""
"23/07/2026";"0900";"";"";"";"";"";"";"";"";"";"";"";"";"";"";"";"";""
"23/07/2026";"1000";"";"";"";"";"";"";"";"";"";"";"";"";"";"";"";"";""
"23/07/2026";"1100";"";"";"";"";"";"";"";"";"";"";"";"";"";"";"";"";""
"23/07/2026";"1200";"";"";"";"";"";"";"";"";"";"";"";"";"";"";"";"";""
"23/07/2026";"1300";"";"";"";"";"";"";"";"";"";"";"";"";"";"";"";"";""
"23/07/2026";"1400";"";"";"";"";"";"";"";"";"";"";"";"";"";"";"";"";""
"23/07/2026";"1500";"";"";"";"";"";"";"";"";"";"";"";"";"";"";"";"";""
"23/07/2026";"1600";"";"";"";"";"";"";"";"";"";"";"";"";"";"";"";"";""
"23/07/2026";"1700";"";"";"";"";"";"";"";"";"";"";"";"";"";"";"";"";""
"23/07/2026";"1800";"";"";"";"";"";"";"";"";"";"";"";"";"";"";"";"";""
"23/07/2026";"1900";"";"";"";"";"";"";"";"";"";"";"";"";"";"";"";"";""
"23/07/2026";"2000";"";"";"";"";"";"";"";"";"";"";"";"";"";"";"";"";""
"23/07/2026";"2100";"";"";"";"";"";"";"";"";"";"";"";"";"";"";"";"";""
"23/07/2026";"2200";"";"";"";"";"";"";"";"";"";"";"";"";"";"";"";"";""
"23/07/2026";"2300";"";"";"";"";"";"";"";"";"";"";"";"";"";"";"";"";""
"24/07/2026";"0000";"";"";"";"";"";"";"";"";"";"";"";"";"";"";"";"";""
"24/07/2026";"0100";"";"";"";"";"";"";"";"";"";"";"";"";"";"";"";"";""
"24/07/2026";"0200";"";"";"";"";"";"";"";"";"";"";"";"";"";"";"";"";""
"24/07/2026";"0300";"";"";"";"";"";"";"";"";"";"";"";"";"";"";"";"";""
"24/07/2026";"0400";"";"";"";"";"";"";"";"";"";"";"";"";"";"";"";"";""
"24/07/2026";"0500";"";"";"";"";"";"";"";"";"";"";"";"";"";"";"";"";""
"24/07/2026";"0600";"";"";"";"";"";"";"";"";"";"";"";"";"";"";"";"";""
"24/07/2026";"0700";"";"";"";"";"";"";"";"";"";"";"";"";"";"";"";"";""
"24/07/2026";"0800";"";"";"";"";"";"";"";"";"";"";"";"";"";"";"";"";""
"24/07/2026";"0900";"";"";"";"";"";"";"";"";"";"";"";"";"";"";"";"";""
"24/07/2026";"1000";"";"";"";"";"";"";"";"";"";"";"";"";"";"";"";"";""
"24/07/2026";"1100";"";"";"";"";"";"";"";"";"";"";"";"";"";"";"";"";""
"24/07/2026";"1200";"";"";"";"";"";"";"";"";"";"";"";"";"";"";"";"";""
"24/07/2026";"1300";"";"";"";"";"";"";"";"";"";"";"";"";"";"";"";"";""
"24/07/2026";"1400";"";"";"";"";"";"";"";"";"";"";"";"";"";"";"";"";""
"24/07/2026";"1500";"";"";"";"";"";"";"";"";"";"";"";"";"";"";"";"";""
"24/07/2026";"1600";"";"";"";"";"";"";"";"";"";"";"";"";"";"";"";"";""
"24/07/2026";"1700";"";"";"";"";"";"";"";"";"";"";"";"";"";"";"";"";""
"24/07/2026";"1800";"";"";"";"";"";"";"";"";"";"";"";"";"";"";"";"";""
"24/07/2026";"1900";"";"";"";"";"";"";"";"";"";"";"";"";"";"";"";"";""
"24/07/2026";"2000";"";"";"";"";"";"";"";"";"";"";"";"";"";"";"";"";""
"24/07/2026";"2100";"";"";"";"";"";"";"";"";"";"";"";"";"";"";"";"";""
"24/07/2026";"2200";"";"";"";"";"";"";"";"";"";"";"";"";"";"";"";"";""
"24/07/2026";"2300";"";"";"";"";"";"";"";"";"";"";"";"";"";"";"";"";""
"25/07/2026";"0000";"";"";"";"";"";"";"";"";"";"";"";"";"";"";"";"";""
"25/07/2026";"0100";"";"";"";"";"";"";"";"";"";"";"";"";"";"";"";"";""
"25/07/2026";"0200";"";"";"";"";"";"";"";"";"";"";"";"";"";"";"";"";""
"25/07/2026";"0300";"";"";"";"";"";"";"";"";"";"";"";"";"";"";"";"";""
"25/07/2026";"0400";"";"";"";"";"";"";"";"";"";"";"";"";"";"";"";"";""
"25/07/2026";"0500";"";"";"";"";"";"";"";"";"";"";"";"";"";"";"";"";""
"25/07/2026";"0600";"";"";"";"";"";"";"";"";"";"";"";"";"";"";"";"";""
"25/07/2026";"0700";"";"";"";"";"";"";"";"";"";"";"";"";"";"";"";"";""
"25/07/2026";"0800";"";"";"";"";"";"";"";"";"";"";"";"";"";"";"";"";""
"25/07/2026";"0900";"";"";"";"";"";"";"";"";"";"";"";"";"";"";"";"";""
"25/07/2026";"1000";"";"";"";"";"";"";"";"";"";"";"";"";"";"";"";"";""
"25/07/2026";"1100";"";"";"";"";"";"";"";"";"";"";"";"";"";"";"";"";""
"25/07/2026";"1200";"";"";"";"";"";"";"";"";"";"";"";"";"";"";"";"";""
"25/07/2026";"1300";"";"";"";"";"";"";"";"";"";"";"";"";"";"";"";"";""
"25/07/2026";"1400";"";"";"";"";"";"";"";"";"";"";"";"";"";"";"";"";""
"25/07/2026";"1500";"";"";"";"";"";"";"";"";"";"";"";"";"";"";"";"";""
"25/07/2026";"1600";"";"";"";"";"";"";"";"";"";"";"";"";"";"";"";"";""
"25/07/2026";"1700";"";"";"";"";"";"";"";"";"";"";"";"";"";"";"";"";""
"25/07/2026";"1800";"";"";"";"";"";"";"";"";"";"";"";"";"";"";"";"";""
"25/07/2026";"1900";"";"";"";"";"";"";"";"";"";"";"";"";"";"";"";"";""
"25/07/2026";"2000";"";"";"";"";"";"";"";"";"";"";"";"";"";"";"";"";""
"25/07/2026";"2100";"";"";"";"";"";"";"";"";"";"";"";"";"";"";"";"";""
"25/07/2026";"2200";"";"";"";"";"";"";"";"";"";"";"";"";"";"";"";"";""
"25/07/2026";"2300";"";"";"";"";"";"";"";"";"";"";"";"";"";"";"";"";""
"26/07/2026";"0000";"";"";"";"";"";"";"";"";"";"";"";"";"";"";"";"";""
"26/07/2026";"0100";"";"";"";"";"";"";"";"";"";"";"";"";"";"";"";"";""
"26/07/2026";"0200";"";"";"";"";"";"";"";"";"";"";"";"";"";"";"";"";""
"26/07/2026";"0300";"";"";"";"";"";"";"";"";"";"";"";"";"";"";"";"";""
"26/07/2026";"0400";"";"";"";"";"";"";"";"";"";"";"";"";"";"";"";"";""
"26/07/2026";"0500";"";"";"";"";"";"";"";"";"";"";"";"";"";"";"";"";""
"26/07/2026";"0600";"";"";"";"";"";"";"";"";"";"";"";"";"";"";"";"";""
"26/07/2026";"0700";"";"";"";"";"";"";"";"";"";"";"";"";"";"";"";"";""
"26/07/2026";"0800";"";"";"";"";"";"";"";"";"";"";"";"";"";"";"";"";""
"26/07/2026";"0900";"";"";"";"";"";"";"";"";"";"";"";"";"";"";"";"";""
"26/07/2026";"1000";"";"";"";"";"";"";"";"";"";"";"";"";"";"";"";"";""
"26/07/2026";"1100";"";"";"";"";"";"";"";"";"";"";"";"";"";"";"";"";""
"26/07/2026";"1200";"";"";"";"";"";"";"";"";"";"";"";"";"";"";"";"";""
"26/07/2026";"1300";"";"";"";"";"";"";"";"";"";"";"";"";"";"";"";"";""
"26/07/2026";"1400";"";"";"";"";"";"";"";"";"";"";"";"";"";"";"";"";""
"26/07/2026";"1500";"";"";"";"";"";"";"";"";"";"";"";"";"";"";"";"";""
"26/07/2026";"1600";"";"";"";"";"";"";"";"";"";"";"";"";"";"";"";"";""
"26/07/2026";"1700";"";"";"";"";"";"";"";"";"";"";"";"";"";"";"";"";""
"26/07/2026";"1800";"";"";"";"";"";"";"";"";"";"";"";"";"";"";"";"";""
"26/07/2026";"1900";"";"";"";"";"";"";"";"";"";"";"";"";"";"";"";"";""
"26/07/2026";"2000";"";"";"";"";"";"";"";"";"";"";"";"";"";"";"";"";""
"26/07/2026";"2100";"";"";"";"";"";"";"";"";"";"";"";"";"";"";"";"";""
"26/07/2026";"2200";"";"";"";"";"";"";"";"";"";"";"";"";"";"";"";"";""
"26/07/2026";"2300";"";"";"";"";"";"";"";"";"";"";"";"";"";"";"";"";""
"27/07/2026";"0000";"";"";"";"";"";"";"";"";"";"";"";"";"";"";"";"";""
"27/07/2026";"0100";"";"";"";"";"";"";"";"";"";"";"";"";"";"";"";"";""
"27/07/2026";"0200";"";"";"";"";"";"";"";"";"";"";"";"";"";"";"";"";""
"27/07/2026";"0300";"";"";"";"";"";"";"";"";"";"";"";"";"";"";"";"";""
"27/07/2026";"0400";"";"";"";"";"";"";"";"";"";"";"";"";"";"";"";"";""
"27/07/2026";"0500";"";"";"";"";"";"";"";"";"";"";"";"";"";"";"";"";""
"27/07/2026";"0600";"";"";"";"";"";"";"";"";"";"";"";"";"";"";"";"";""
"27/07/2026";"0700";"";"";"";"";"";"";"";"";"";"";"";"";"";"";"";"";""
"27/07/2026";"0800";"";"";"";"";"";"";"";"";"";"";"";"";"";"";"";"";""
"27/07/2026";"0900";"";"";"";"";"";"";"";"";"";"";"";"";"";"";"";"";""
"27/07/2026";"1000";"";"";"";"";"";"";"";"";"";"";"";"";"";"";"";"";""
"27/07/2026";"1100";"";"";"";"";"";"";"";"";"";"";"";"";"";"";"";"";""
"27/07/2026";"1200";"";"";"";"";"";"";"";"";"";"";"";"";"";"";"";"";""
"27/07/2026";"1300";"";"";"";"";"";"";"";"";"";"";"";"";"";"";"";"";""
"27/07/2026";"1400";"";"";"";"";"";"";"";"";"";"";"";"";"";"";"";"";""
"27/07/2026";"1500";"";"";"";"";"";"";"";"";"";"";"";"";"";"";"";"";""
"27/07/2026";"1600";"";"";"";"";"";"";"";"";"";"";"";"";"";"";"";"";""
"27/07/2026";"1700";"";"";"";"";"";"";"";"";"";"";"";"";"";"";"";"";""
"27/07/2026";"1800";"";"";"";"";"";"";"";"";"";"";"";"";"";"";"";"";""
"27/07/2026";"1900";"";"";"";"";"";"";"";"";"";"";"";"";"";"";"";"";""
"27/07/2026";"2000";"";"";"";"";"";"";"";"";"";"";"";"";"";"";"";"";""
"27/07/2026";"2100";"";"";"";"";"";"";"";"";"";"";"";"";"";"";"";"";""
"27/07/2026";"2200";"";"";"";"";"";"";"";"";"";"";"";"";"";"";"";"";""
"27/07/2026";"2300";"";"";"";"";"";"";"";"";"";"";"";"";"";"";"";"";""
"28/07/2026";"0000";"";"";"";"";"";"";"";"";"";"";"";"";"";"";"";"";""
"28/07/2026";"0100";"";"";"";"";"";"";"";"";"";"";"";"";"";"";"";"";""
"28/07/2026";"0200";"";"";"";"";"";"";"";"";"";"";"";"";"";"";"";"";""
"28/07/2026";"0300";"";"";"";"";"";"";"";"";"";"";"";"";"";"";"";"";""
"28/07/2026";"0400";"";"";"";"";"";"";"";"";"";"";"";"";"";"";"";"";""
"28/07/2026";"0500";"";"";"";"";"";"";"";"";"";"";"";"";"";"";"";"";""
"28/07/2026";"0600";"";"";"";"";"";"";"";"";"";"";"";"";"";"";"";"";""
"28/07/2026";"0700";"";"";"";"";"";"";"";"";"";"";"";"";"";"";"";"";""
"28/07/2026";"0800";"";"";"";"";"";"";"";"";"";"";"";"";"";"";"";"";""
"28/07/2026";"0900";"";"";"";"";"";"";"";"";"";"";"";"";"";"";"";"";""
"28/07/2026";"1000";"";"";"";"";"";"";"";"";"";"";"";"";"";"";"";"";""
"28/07/2026";"1100";"";"";"";"";"";"";"";"";"";"";"";"";"";"";"";"";""
"28/07/2026";"1200";"";"";"";"";"";"";"";"";"";"";"";"";"";"";"";"";""
"28/07/2026";"1300";"";"";"";"";"";"";"";"";"";"";"";"";"";"";"";"";""
"28/07/2026";"1400";"";"";"";"";"";"";"";"";"";"";"";"";"";"";"";"";""
"28/07/2026";"1500";"";"";"";"";"";"";"";"";"";"";"";"";"";"";"";"";""
"28/07/2026";"1600";"";"";"";"";"";"";"";"";"";"";"";"";"";"";"";"";""
"28/07/2026";"1700";"";"";"";"";"";"";"";"";"";"";"";"";"";"";"";"";""
"28/07/2026";"1800";"";"";"";"";"";"";"";"";"";"";"";"";"";"";"";"";""
"28/07/2026";"1900";"";"";"";"";"";"";"";"";"";"";"";"";"";"";"";"";""
"28/07/2026";"2000";"";"";"";"";"";"";"";"";"";"";"";"";"";"";"";"";""
"28/07/2026";"2100";"";"";"";"";"";"";"";"";"";"";"";"";"";"";"";"";""
"28/07/2026";"2200";"";"";"";"";"";"";"";"";"";"";"";"";"";"";"";"";""
"28/07/2026";"2300";"";"";"";"";"";"";"";"";"";"";"";"";"";"";"";"";""
"29/07/2026";"0000";"";"";"";"";"";"";"";"";"";"";"";"";"";"";"";"";""
"29/07/2026";"0100";"";"";"";"";"";"";"";"";"";"";"";"";"";"";"";"";""
"29/07/2026";"0200";"";"";"";"";"";"";"";"";"";"";"";"";"";"";"";"";""
"29/07/2026";"0300";"";"";"";"";"";"";"";"";"";"";"";"";"";"";"";"";""
"29/07/2026";"0400";"";"";"";"";"";"";"";"";"";"";"";"";"";"";"";"";""
"29/07/2026";"0500";"";"";"";"";"";"";"";"";"";"";"";"";"";"";"";"";""
"29/07/2026";"0600";"";"";"";"";"";"";"";"";"";"";"";"";"";"";"";"";""
"29/07/2026";"0700";"";"";"";"";"";"";"";"";"";"";"";"";"";"";"";"";""
"29/07/2026";"0800";"";"";"";"";"";"";"";"";"";"";"";"";"";"";"";"";""
"29/07/2026";"0900";"";"";"";"";"";"";"";"";"";"";"";"";"";"";"";"";""
"29/07/2026";"1000";"";"";"";"";"";"";"";"";"";"";"";"";"";"";"";"";""
"29/07/2026";"1100";"";"";"";"";"";"";"";"";"";"";"";"";"";"";"";"";""
"29/07/2026";"1200";"";"";"";"";"";"";"";"";"";"";"";"";"";"";"";"";""
"29/07/2026";"1300";"";"";"";"";"";"";"";"";"";"";"";"";"";"";"";"";""
"29/07/2026";"1400";"";"";"";"";"";"";"";"";"";"";"";"";"";"";"";"";""
"29/07/2026";"1500";"";"";"";"";"";"";"";"";"";"";"";"";"";"";"";"";""
"29/07/2026";"1600";"";"";"";"";"";"";"";"";"";"";"";"";"";"";"";"";""
"29/07/2026";"1700";"";"";"";"";"";"";"";"";"";"";"";"";"";"";"";"";""
"29/07/2026";"1800";"";"";"";"";"";"";"";"";"";"";"";"";"";"";"";"";""
"29/07/2026";"1900";"";"";"";"";"";"";"";"";"";"";"";"";"";"";"";"";""
"29/07/2026";"2000";"";"";"";"";"";"";"";"";"";"";"";"";"";"";"";"";""
"29/07/2026";"2100";"";"";"";"";"";"";"";"";"";"";"";"";"";"";"";"";""
"29/07/2026";"2200";"";"";"";"";"";"";"";"";"";"";"";"";"";"";"";"";""
"29/07/2026";"2300";"";"";"";"";"";"";"";"";"";"";"";"";"";"";"";"";""
"30/07/2026";"0000";"";"";"";"";"";"";"";"";"";"";"";"";"";"";"";"";""
"30/07/2026";"0100";"";"";"";"";"";"";"";"";"";"";"";"";"";"";"";"";""
"30/07/2026";"0200";"";"";"";"";"";"";"";"";"";"";"";"";"";"";"";"";""
"30/07/2026";"0300";"";"";"";"";"";"";"";"";"";"";"";"";"";"";"";"";""
"30/07/2026";"0400";"";"";"";"";"";"";"";"";"";"";"";"";"";"";"";"";""
"30/07/2026";"0500";"";"";"";"";"";"";"";"";"";"";"";"";"";"";"";"";""
"30/07/2026";"0600";"";"";"";"";"";"";"";"";"";"";"";"";"";"";"";"";""
"30/07/2026";"0700";"";"";"";"";"";"";"";"";"";"";"";"";"";"";"";"";""
"30/07/2026";"0800";"";"";"";"";"";"";"";"";"";"";"";"";"";"";"";"";""
"30/07/2026";"0900";"";"";"";"";"";"";"";"";"";"";"";"";"";"";"";"";""
"30/07/2026";"1000";"";"";"";"";"";"";"";"";"";"";"";"";"";"";"";"";""
"30/07/2026";"1100";"";"";"";"";"";"";"";"";"";"";"";"";"";"";"";"";""
"30/07/2026";"1200";"";"";"";"";"";"";"";"";"";"";"";"";"";"";"";"";""
"30/07/2026";"1300";"";"";"";"";"";"";"";"";"";"";"";"";"";"";"";"";""
"30/07/2026";"1400";"";"";"";"";"";"";"";"";"";"";"";"";"";"";"";"";""
"30/07/2026";"1500";"";"";"";"";"";"";"";"";"";"";"";"";"";"";"";"";""
"30/07/2026";"1600";"";"";"";"";"";"";"";"";"";"";"";"";"";"";"";"";""
"30/07/2026";"1700";"";"";"";"";"";"";"";"";"";"";"";"";"";"";"";"";""
"30/07/2026";"1800";"";"";"";"";"";"";"";"";"";"";"";"";"";"";"";"";""
"30/07/2026";"1900";"";"";"";"";"";"";"";"";"";"";"";"";"";"";"";"";""
"30/07/2026";"2000";"";"";"";"";"";"";"";"";"";"";"";"";"";"";"";"";""
"30/07/2026";"2100";"";"";"";"";"";"";"";"";"";"";"";"";"";"";"";"";""
"30/07/2026";"2200";"";"";"";"";"";"";"";"";"";"";"";"";"";"";"";"";""
"30/07/2026";"2300";"";"";"";"";"";"";"";"";"";"";"";"";"";"";"";"";""
"31/07/2026";"0000";"";"";"";"";"";"";"";"";"";"";"";"";"";"";"";"";""
"31/07/2026";"0100";"";"";"";"";"";"";"";"";"";"";"";"";"";"";"";"";""
"31/07/2026";"0200";"";"";"";"";"";"";"";"";"";"";"";"";"";"";"";"";""
"31/07/2026";"0300";"";"";"";"";"";"";"";"";"";"";"";"";"";"";"";"";""
"31/07/2026";"0400";"";"";"";"";"";"";"";"";"";"";"";"";"";"";"";"";""
"31/07/2026";"0500";"";"";"";"";"";"";"";"";"";"";"";"";"";"";"";"";""
"31/07/2026";"0600";"";"";"";"";"";"";"";"";"";"";"";"";"";"";"";"";""
"31/07/2026";"0700";"";"";"";"";"";"";"";"";"";"";"";"";"";"";"";"";""
"31/07/2026";"0800";"";"";"";"";"";"";"";"";"";"";"";"";"";"";"";"";""
"31/07/2026";"0900";"";"";"";"";"";"";"";"";"";"";"";"";"";"";"";"";""
"31/07/2026";"1000";"";"";"";"";"";"";"";"";"";"";"";"";"";"";"";"";""
"31/07/2026";"1100";"";"";"";"";"";"";"";"";"";"";"";"";"";"";"";"";""
"31/07/2026";"1200";"";"";"";"";"";"";"";"";"";"";"";"";"";"";"";"";""
"31/07/2026";"1300";"";"";"";"";"";"";"";"";"";"";"";"";"";"";"";"";""
"31/07/2026";"1400";"";"";"";"";"";"";"";"";"";"";"";"";"";"";"";"";""
"31/07/2026";"1500";"";"";"";"";"";"";"";"";"";"";"";"";"";"";"";"";""
"31/07/2026";"1600";"";"";"";"";"";"";"";"";"";"";"";"";"";"";"";"";""
"31/07/2026";"1700";"";"";"";"";"";"";"";"";"";"";"";"";"";"";"";"";""
"31/07/2026";"1800";"";"";"";"";"";"";"";"";"";"";"";"";"";"";"";"";""
"31/07/2026";"1900";"";"";"";"";"";"";"";"";"";"";"";"";"";"";"";"";""
"31/07/2026";"2000";"";"";"";"";"";"";"";"";"";"";"";"";"";"";"";"";""
"31/07/2026";"2100";"";"";"";"";"";"";"";"";"";"";"";"";"";"";"";"";""
"31/07/2026";"2200";"";"";"";"";"";"";"";"";"";"";"";"";"";"";"";"";""
"31/07/2026";"2300";"";"";"";"";"";"";"";"";"";"";"";"";"";"";"";"";""
"01/08/2026";"0000";"14,2";"15,0";"14,0";"73,0";"74,0";"70,0";"9,3";"10,2";"9,0";"922,7";"922,8";"922,7";"1,4";"59,0";"5,4";"";"0,0"
"01/08/2026";"0100";"13,5";"14,1";"13,4";"76,0";"77,0";"72,0";"9,4";"9,6";"9,1";"922,8";"922,8";"922,7";"1,3";"71,0";"4,8";"";"0,0"
"01/08/2026";"0200";"13,1";"13,4";"13,0";"78,0";"79,0";"76,0";"9,3";"9,6";"9,2";"922,6";"922,9";"922,5";"1,3";"71,0";"5,6";"";"0,0"
"01/08/2026";"0300";"12,8";"13,1";"12,7";"80,0";"81,0";"78,0";"9,4";"9,6";"9,2";"922,5";"922,6";"922,5";"1,2";"51,0";"6,8";"";"0,0"
"01/08/2026";"0400";"12,8";"13,0";"12,7";"81,0";"81,0";"79,0";"9,7";"9,8";"9,4";"922,0";"922,4";"921,9";"1,6";"64,0";"6,5";"";"0,0"
"01/08/2026";"0500";"12,7";"13,0";"12,6";"80,0";"81,0";"79,0";"9,4";"9,6";"9,3";"921,6";"922,0";"921,6";"1,4";"51,0";"6,4";"";"0,0"
"01/08/2026";"0600";"12,4";"12,7";"12,4";"83,0";"84,0";"80,0";"9,6";"9,7";"9,4";"920,9";"921,5";"920,9";"1,1";"44,0";"5,6";"";"0,0"
"01/08/2026";"0700";"12,1";"12,4";"12,1";"84,0";"84,0";"82,0";"9,5";"9,6";"9,4";"920,5";"920,9";"920,4";"1,0";"64,0";"4,9";"";"0,0"
"01/08/2026";"0800";"11,8";"12,3";"11,7";"86,0";"87,0";"83,0";"9,5";"9,6";"9,4";"920,2";"920,5";"920,2";"1,0";"70,0";"5,6";"";"0,0"
"01/08/2026";"0900";"12,1";"12,2";"11,5";"84,0";"87,0";"83,0";"9,6";"9,6";"9,4";"920,7";"920,7";"920,2";"1,7";"31,0";"8,3";"";"0,0"
"01/08/2026";"1000";"11,9";"12,4";"11,7";"86,0";"87,0";"83,0";"9,6";"9,6";"9,5";"920,9";"920,9";"920,5";"2,0";"42,0";"7,0";"";"0,0"
"01/08/2026";"1100";"12,5";"12,5";"11,6";"81,0";"88,0";"81,0";"9,3";"9,6";"9,2";"920,9";"921,0";"920,8";"1,5";"60,0";"7,6";"43,50";"0,0"
"01/08/2026";"1200";"14,3";"14,3";"12,5";"74,0";"81,0";"74,0";"9,8";"10,0";"9,2";"920,9";"921,0";"920,9";"1,7";"24,0";"6,7";"142,60";"0,0"
"01/08/2026";"1300";"17,5";"17,5";"14,4";"64,0";"75,0";"64,0";"10,7";"10,9";"9,8";"921,2";"921,2";"920,9";"2,5";"11,0";"7,6";"173,50";"0,0"
"01/08/2026";"1400";"20,5";"20,5";"17,6";"59,0";"65,0";"56,0";"12,2";"12,2";"10,7";"921,0";"921,2";"921,0";"2,4";"9,0";"7,4";"1890,30";"0,0"
"01/08/2026";"1500";"22,3";"22,3";"20,6";"53,0";"59,0";"53,0";"12,3";"13,2";"11,2";"920,0";"921,0";"920,0";"2,3";"16,0";"7,0";"2368,60";"0,0"
"01/08/2026";"1600";"24,1";"24,1";"22,3";"51,0";"57,0";"49,0";"13,3";"13,8";"12,0";"918,8";"920,0";"918,8";"3,1";"343,0";"8,3";"2490,50";"0,0"
"01/08/2026";"1700";"24,8";"24,9";"24,1";"50,0";"51,0";"46,0";"13,7";"14,2";"12,3";"917,5";"918,7";"917,5";"3,5";"345,0";"9,1";"2340,50";"0,0"
"01/08/2026";"1800";"25,3";"25,4";"24,9";"47,0";"50,0";"45,0";"13,0";"14,0";"12,4";"917,1";"917,5";"916,9";"4,3";"345,0";"10,5";"2000,70";"0,0"
"01/08/2026";"1900";"24,8";"25,4";"24,7";"51,0";"51,0";"45,0";"13,8";"13,8";"12,5";"916,6";"917,1";"916,5";"4,2";"339,0";"12,1";"1450,40";"0,0"
"01/08/2026";"2000";"23,4";"24,9";"23,4";"54,0";"55,0";"47,0";"13,6";"14,1";"12,8";"916,5";"916,7";"916,3";"2,3";"345,0";"10,0";"605,70";"0,0"
"01/08/2026";"2100";"22,6";"23,4";"22,6";"58,0";"58,0";"54,0";"13,8";"13,9";"13,3";"916,7";"916,7";"916,4";"2,2";"341,0";"8,2";"103,70";"0,0"
"01/08/2026";"2200";"22,1";"22,5";"22,0";"59,0";"60,0";"57,0";"13,8";"13,9";"13,5";"917,2";"917,2";"916,6";"3,3";"339,0";"8,2";"";"0,0"
"01/08/2026";"2300";"21,0";"22,2";"21,0";"66,0";"67,0";"59,0";"14,5";"14,6";"13,6";"918,9";"918,9";"917,2";"4,4";"316,0";"9,3";"";"0,0"
"02/08/2026";"0000";"18,4";"21,3";"18,4";"82,0";"82,0";"66,0";"15,3";"15,4";"14,6";"920,3";"920,3";"918,8";"4,5";"306,0";"12,5";"1,40";"0,0"
"02/08/2026";"0100";"17,5";"18,3";"17,5";"82,0";"84,0";"79,0";"14,3";"15,5";"14,0";"920,7";"920,8";"920,4";"3,2";"314,0";"9,4";"0,10";"0,0"
"02/08/2026";"0200";"16,7";"17,4";"16,5";"76,0";"83,0";"76,0";"12,4";"14,2";"12,4";"919,0";"920,9";"919,0";"2,8";"356,0";"7,4";"";"0,0"
"02/08/2026";"0300";"16,5";"17,0";"16,5";"78,0";"78,0";"73,0";"12,6";"12,8";"12,1";"920,7";"920,7";"918,9";"4,6";"312,0";"11,5";"";"0,0"
"02/08/2026";"0400";"15,7";"16,5";"15,7";"83,0";"83,0";"77,0";"12,8";"12,9";"12,5";"920,9";"921,1";"920,4";"4,2";"312,0";"9,7";"";"0,0"
"02/08/2026";"0500";"15,1";"15,7";"15,1";"85,0";"86,0";"83,0";"12,6";"12,9";"12,6";"921,1";"921,2";"920,7";"3,0";"307,0";"7,4";"";"0,0"
"02/08/2026";"0600";"14,3";"15,1";"14,3";"89,0";"89,0";"85,0";"12,5";"12,6";"12,4";"920,8";"921,1";"920,6";"2,4";"307,0";"6,3";"";"0,0"
"02/08/2026";"0700";"13,7";"14,3";"13,7";"91,0";"91,0";"89,0";"12,2";"12,5";"12,1";"920,8";"921,0";"920,5";"1,1";"290,0";"3,9";"";"0,0"
"02/08/2026";"0800";"13,2";"13,7";"13,2";"93,0";"93,0";"91,0";"12,1";"12,3";"12,1";"921,2";"921,3";"920,9";"0,7";"269,0";"2,4";"";"0,0"
"02/08/2026";"0900";"12,4";"13,2";"12,4";"96,0";"96,0";"93,0";"11,9";"12,1";"11,8";"920,9";"921,2";"920,8";"0,8";"250,0";"1,8";"";"0,0"
"02/08/2026";"1000";"12,2";"12,5";"12,1";"97,0";"97,0";"95,0";"11,6";"12,0";"11,6";"921,2";"921,4";"920,9";"0,8";"253,0";"1,9";"";"0,0"
"02/08/2026";"1100";"12,1";"12,1";"11,8";"98,0";"99,0";"97,0";"11,8";"11,8";"11,4";"922,1";"922,1";"921,2";"0,7";"113,0";"1,1";"62,90";"0,0"
"02/08/2026";"1200";"13,6";"13,6";"12,1";"93,0";"99,0";"93,0";"12,6";"12,6";"11,9";"922,3";"922,3";"922,0";"0,9";"70,0";"2,6";"392,60";"0,0"
"02/08/2026";"1300";"15,2";"15,8";"13,6";"84,0";"94,0";"81,0";"12,4";"13,7";"12,3";"922,8";"922,9";"922,3";"2,2";"91,0";"5,0";"797,30";"0,0"
"02/08/2026";"1400";"17,1";"17,6";"15,1";"75,0";"88,0";"72,0";"12,8";"13,6";"12,2";"923,0";"923,1";"922,9";"1,4";"80,0";"4,5";"1599,30";"0,0"
"02/08/2026";"1500";"18,1";"18,4";"17,3";"77,0";"80,0";"71,0";"14,1";"14,4";"12,7";"922,8";"923,1";"922,7";"0,8";"82,0";"2,7";"1318,00";"0,0"
"02/08/2026";"1600";"19,3";"19,3";"18,2";"72,0";"77,0";"70,0";"14,2";"14,4";"13,1";"922,5";"922,9";"922,5";"1,3";"88,0";"2,9";"1466,00";"0,0"
"02/08/2026";"1700";"21,1";"21,1";"19,3";"67,0";"73,0";"64,0";"14,6";"15,2";"13,3";"921,9";"922,5";"921,9";"1,0";"17,0";"2,8";"1622,20";"0,0"
"02/08/2026";"1800";"20,7";"21,4";"20,6";"67,0";"72,0";"63,0";"14,5";"15,4";"13,9";"921,7";"921,9";"921,6";"1,4";"355,0";"3,8";"1334,70";"0,0"
"02/08/2026";"1900";"21,4";"21,5";"20,4";"66,0";"74,0";"65,0";"14,9";"15,6";"14,5";"921,7";"921,8";"921,6";"1,1";"355,0";"2,9";"896,00";"0,0"
"02/08/2026";"2000";"19,7";"21,4";"19,7";"77,0";"78,0";"65,0";"15,5";"15,8";"14,6";"922,0";"922,0";"921,7";"0,5";"16,0";"2,6";"500,60";"0,0"
"02/08/2026";"2100";"19,6";"19,7";"19,6";"79,0";"79,0";"77,0";"15,9";"15,9";"15,5";"922,0";"922,1";"922,0";"0,8";"358,0";"2,2";"211,40";"0,0"
"02/08/2026";"2200";"19,6";"";"";"79,0";"";"";"15,9";"";"";"922,0";"";"";"0,9";"103,0";"1,5";"";"0,0"
"02/08/2026";"2300";"16,9";"18,6";"16,4";"87,0";"90,0";"86,0";"14,6";"16,4";"14,3";"922,3";"922,4";"922,0";"0,6";"107,0";"1,9";"";"0,0"
"03/08/2026";"0000";"16,9";"17,0";"16,7";"91,0";"91,0";"87,0";"15,4";"15,4";"14,7";"922,5";"922,6";"922,3";"0,8";"92,0";"2,6";"";"0,0"
"03/08/2026";"0100";"16,5";"17,2";"16,5";"90,0";"90,0";"85,0";"14,8";"14,9";"14,7";"922,8";"922,9";"922,7";"0,5";"104,0";"2,0";"";"0,0"
"03/08/2026";"0200";"16,2";"16,6";"16,1";"93,0";"93,0";"89,0";"15,0";"15,0";"14,7";"923,1";"923,1";"922,8";"0,6";"87,0";"1,8";"";"0,0"
"03/08/2026";"0300";"16,4";"16,6";"16,1";"93,0";"93,0";"91,0";"15,2";"15,2";"15,0";"922,9";"923,1";"922,9";"0,6";"58,0";"2,4";"";"0,0"
"03/08/2026";"0400";"16,0";"16,5";"16,0";"94,0";"94,0";"91,0";"15,0";"15,2";"14,9";"922,8";"922,9";"922,8";"0,6";"86,0";"2,3";"";"0,0"
"03/08/2026";"0500";"15,7";"16,0";"15,7";"95,0";"95,0";"93,0";"14,9";"15,1";"14,9";"922,6";"922,8";"922,6";"0,4";"67,0";"2,5";"";"0,0"
"03/08/2026";"0600";"15,1";"15,7";"15,1";"98,0";"98,0";"95,0";"14,7";"15,0";"14,6";"922,3";"922,6";"922,3";"1,9";"96,0";"3,0";"";"0,0"
"03/08/2026";"0700";"15,2";"15,2";"14,8";"98,0";"98,0";"97,0";"14,8";"14,8";"14,5";"922,1";"922,3";"922,0";"0,5";"74,0";"3,0";"";"0,0"
"03/08/2026";"0800";"14,6";"15,2";"14,6";"98,0";"99,0";"97,0";"14,4";"14,8";"14,4";"922,0";"922,1";"921,9";"0,9";"84,0";"2,3";"";"0,0"
"03/08/2026";"0900";"14,7";"14,8";"14,5";"99,0";"99,0";"98,0";"14,5";"14,6";"14,3";"922,3";"922,3";"922,0";"0,7";"61,0";"2,9";"";"0,0"
"03/08/2026";"1000";"14,3";"14,7";"14,1";"99,0";"100,0";"98,0";"14,2";"14,5";"14,0";"922,8";"922,9";"922,3";"0,8";"89,0";"2,4";"";"0,0"
"03/08/2026";"1100";"14,6";"14,6";"14,2";"99,0";"100,0";"99,0";"14,5";"14,5";"14,1";"923,4";"923,4";"922,8";"0,6";"59,0";"2,2";"81,60";"0,0"
"03/08/2026";"1200";"15,9";"15,9";"14,6";"94,0";"99,0";"94,0";"15,0";"15,3";"14,5";"924,0";"924,0";"923,4";"0,8";"60,0";"2,6";"370,00";"0,0"
"03/08/2026";"1300";"18,2";"18,2";"15,9";"85,0";"95,0";"85,0";"15,6";"16,0";"15,0";"924,0";"924,0";"923,8";"1,2";"41,0";"3,9";"732,20";"0,0"
"03/08/2026";"1400";"20,2";"20,4";"18,2";"78,0";"87,0";"76,0";"16,2";"16,6";"15,3";"924,0";"924,1";"924,0";"1,0";"8,0";"3,9";"1393,00";"0,0"
"03/08/2026";"1500";"21,8";"21,8";"20,1";"74,0";"80,0";"68,0";"17,0";"17,0";"15,6";"923,1";"923,9";"923,1";"1,2";"29,0";"4,2";"1563,70";"0,0"
"03/08/2026";"1600";"23,7";"23,7";"21,9";"67,0";"75,0";"66,0";"17,1";"17,9";"16,0";"922,6";"923,1";"922,6";"1,0";"29,0";"4,2";"1735,70";"0,0"
"03/08/2026";"1700";"23,1";"23,8";"23,1";"68,0";"70,0";"63,0";"16,9";"17,5";"16,0";"921,9";"922,6";"921,9";"1,5";"344,0";"4,2";"1773,70";"0,0"
"03/08/2026";"1800";"24,7";"24,7";"23,0";"61,0";"70,0";"59,0";"16,7";"17,7";"16,1";"922,0";"922,0";"921,7";"1,9";"331,0";"3,8";"1773,70";"0,0"
"03/08/2026";"1900";"24,8";"25,4";"24,5";"63,0";"65,0";"58,0";"17,4";"18,0";"16,2";"921,8";"922,0";"921,7";"1,6";"297,0";"3,8";"1773,70";"0,0"
"03/08/2026";"2000";"22,2";"24,8";"22,2";"76,0";"76,0";"61,0";"17,7";"18,2";"16,7";"921,8";"921,9";"921,8";"0,9";"325,0";"3,6";"1135,00";"0,0"
"03/08/2026";"2100";"21,2";"22,2";"21,2";"68,0";"77,0";"66,0";"15,1";"17,4";"15,1";"921,9";"921,9";"921,6";"3,7";"323,0";"7,6";"45,90";"0,0"
"03/08/2026";"2200";"19,9";"21,2";"19,9";"66,0";"71,0";"66,0";"13,5";"15,3";"13,4";"922,5";"922,5";"921,9";"4,0";"322,0";"7,7";"";"0,0"
"03/08/2026";"2300";"19,0";"19,9";"19,0";"73,0";"73,0";"67,0";"14,0";"14,1";"13,4";"922,5";"922,6";"922,5";"2,5";"319,0";"7,5";"";"0,0"
"04/08/2026";"0000";"18,2";"19,0";"18,1";"78,0";"78,0";"73,0";"14,2";"14,3";"13,9";"922,9";"922,9";"922,4";"1,4";"7,0";"4,0";"";"0,0"
"04/08/2026";"0100";"17,9";"18,5";"17,9";"81,0";"81,0";"77,0";"14,5";"14,6";"14,3";"922,7";"923,0";"922,6";"1,0";"4,0";"5,0";"";"0,0"
"04/08/2026";"0200";"17,2";"17,8";"17,2";"87,0";"87,0";"81,0";"15,0";"15,0";"14,4";"922,4";"922,7";"922,4";"1,5";"356,0";"4,2";"";"0,0"
"04/08/2026";"0300";"16,1";"17,2";"16,1";"89,0";"89,0";"86,0";"14,3";"15,0";"14,3";"922,0";"922,4";"921,9";"0,6";"106,0";"5,0";"";"0,0"
"04/08/2026";"0400";"15,3";"16,3";"15,3";"93,0";"93,0";"87,0";"14,3";"14,4";"14,1";"921,7";"922,0";"921,5";"0,4";"49,0";"3,7";"";"0,0"
"04/08/2026";"0500";"15,1";"15,6";"15,1";"94,0";"94,0";"91,0";"14,2";"14,4";"14,0";"921,2";"921,9";"921,2";"0,3";"94,0";"2,0";"";"0,0"
"04/08/2026";"0600";"14,9";"15,1";"14,7";"96,0";"97,0";"94,0";"14,2";"14,3";"14,1";"920,7";"921,2";"920,5";"0,8";"41,0";"3,1";"";"0,0"
"04/08/2026";"0700";"14,9";"15,0";"14,8";"95,0";"96,0";"95,0";"14,2";"14,3";"13,9";"920,4";"920,7";"920,4";"0,4";"79,0";"2,3";"";"0,0"
"04/08/2026";"0800";"15,0";"15,3";"14,7";"95,0";"96,0";"93,0";"14,2";"14,3";"13,9";"920,1";"920,4";"920,1";"0,7";"57,0";"3,0";"";"0,0"
"04/08/2026";"0900";"15,5";"15,5";"15,0";"91,0";"95,0";"91,0";"14,0";"14,3";"14,0";"920,9";"920,9";"920,1";"0,9";"16,0";"3,1";"";"0,0"
"04/08/2026";"1000";"15,3";"15,7";"15,3";"93,0";"93,0";"89,0";"14,2";"14,2";"13,9";"922,1";"922,1";"920,9";"0,4";"310,0";"2,0";"";"0,0"
"04/08/2026";"1100";"15,3";"15,4";"15,0";"95,0";"96,0";"93,0";"14,5";"14,5";"14,2";"922,6";"922,8";"922,1";"0,7";"127,0";"2,0";"27,60";"0,0"
"04/08/2026";"1200";"16,2";"16,2";"15,3";"92,0";"96,0";"92,0";"14,8";"15,2";"14,5";"923,4";"923,4";"922,5";"0,9";"22,0";"2,3";"229,30";"0,0"
"04/08/2026";"1300";"17,9";"17,9";"16,2";"82,0";"93,0";"82,0";"14,8";"15,3";"14,4";"923,7";"923,7";"923,4";"1,3";"5,0";"3,1";"562,60";"0,0"
"04/08/2026";"1400";"20,2";"20,2";"18,0";"70,0";"85,0";"70,0";"14,6";"15,5";"14,1";"923,5";"923,8";"923,5";"2,7";"295,0";"4,8";"1520,30";"0,0"
"04/08/2026";"1500";"19,7";"20,4";"19,4";"71,0";"75,0";"68,0";"14,4";"15,6";"13,6";"922,8";"923,5";"922,8";"2,9";"318,0";"5,4";"1723,10";"0,0"
"04/08/2026";"1600";"20,1";"20,8";"19,3";"74,0";"80,0";"70,0";"15,4";"16,7";"14,3";"921,9";"922,5";"921,9";"1,3";"344,0";"3,7";"1373,70";"0,0"
"04/08/2026";"1700";"21,4";"21,4";"20,9";"70,0";"72,0";"67,0";"15,8";"15,9";"14,7";"921,0";"921,1";"921,0";"1,1";"349,0";"2,9";"";"0,0"
"04/08/2026";"1800";"20,5";"22,2";"20,5";"74,0";"74,0";"62,0";"15,7";"16,0";"14,5";"920,3";"921,0";"920,3";"1,3";"313,0";"3,9";"1552,10";"0,0"
"04/08/2026";"1900";"21,0";"22,3";"20,5";"71,0";"75,0";"64,0";"15,5";"16,2";"15,0";"920,0";"920,3";"919,9";"1,4";"346,0";"3,9";"1377,20";"0,0"
"04/08/2026";"2000";"19,7";"20,9";"19,7";"78,0";"80,0";"68,0";"15,7";"16,3";"14,7";"920,1";"920,2";"920,0";"0,4";"32,0";"2,0";"335,30";"0,0"
"04/08/2026";"2100";"18,7";"19,6";"18,7";"79,0";"81,0";"76,0";"15,0";"16,4";"15,0";"920,4";"920,4";"920,1";"0,7";"50,0";"2,4";"38,30";"0,0"
"04/08/2026";"2200";"17,6";"18,7";"17,6";"83,0";"85,0";"79,0";"14,8";"15,3";"14,6";"920,6";"920,6";"920,4";"0,5";"47,0";"2,8";"";"0,0"
"04/08/2026";"2300";"16,8";"17,6";"16,8";"84,0";"85,0";"83,0";"14,1";"14,8";"14,1";"920,8";"920,8";"920,6";"0,7";"90,0";"1,6";"";"0,0"
"05/08/2026";"0000";"16,0";"16,8";"16,0";"87,0";"87,0";"83,0";"13,8";"14,1";"13,8";"920,9";"920,9";"920,7";"0,2";"85,0";"1,0";"";"0,0"
"05/08/2026";"0100";"16,3";"16,6";"16,3";"86,0";"87,0";"85,0";"14,0";"14,3";"14,0";"920,8";"921,0";"920,8";"1,2";"103,0";"2,1";"";"0,0"
"05/08/2026";"0200";"16,7";"16,9";"16,3";"83,0";"86,0";"81,0";"13,8";"14,1";"13,7";"920,7";"920,8";"920,6";"2,1";"125,0";"3,7";"";"0,0"
"05/08/2026";"0300";"16,1";"16,7";"16,0";"89,0";"89,0";"83,0";"14,2";"14,2";"13,6";"920,6";"920,7";"920,5";"1,3";"86,0";"4,2";"";"0,0"
"05/08/2026";"0400";"15,3";"16,1";"15,3";"94,0";"95,0";"89,0";"14,4";"14,6";"14,1";"920,3";"920,5";"920,3";"1,0";"145,0";"3,4";"";"0,0"
"05/08/2026";"0500";"15,5";"15,5";"15,2";"93,0";"95,0";"93,0";"14,3";"14,5";"14,3";"920,2";"920,4";"920,2";"2,2";"108,0";"3,2";"";"0,0"
"05/08/2026";"0600";"15,5";"15,5";"15,3";"92,0";"93,0";"92,0";"14,2";"14,3";"14,1";"919,7";"920,2";"919,7";"1,9";"99,0";"3,1";"";"0,0"
"05/08/2026";"0700";"15,2";"15,8";"15,2";"94,0";"94,0";"90,0";"14,2";"14,2";"14,1";"919,4";"919,7";"919,3";"0,7";"91,0";"3,3";"";"0,0"
"05/08/2026";"0800";"15,2";"15,3";"14,9";"93,0";"95,0";"93,0";"14,1";"14,3";"14,1";"919,0";"919,4";"919,0";"2,0";"125,0";"3,1";"";"0,0"
"05/08/2026";"0900";"15,3";"15,3";"15,1";"92,0";"93,0";"92,0";"14,0";"14,1";"14,0";"919,1";"919,1";"918,9";"2,3";"114,0";"3,6";"";"0,0"
"05/08/2026";"1000";"14,8";"15,3";"14,8";"95,0";"95,0";"92,0";"14,0";"14,1";"14,0";"919,2";"919,2";"919,1";"1,5";"126,0";"3,4";"";"0,0"
"05/08/2026";"1100";"15,2";"15,2";"14,7";"93,0";"96,0";"93,0";"14,0";"14,1";"14,0";"919,7";"919,7";"919,2";"2,0";"112,0";"3,9";"63,50";"0,0"
"05/08/2026";"1200";"15,2";"15,3";"15,1";"95,0";"95,0";"92,0";"14,3";"14,3";"14,0";"920,4";"920,5";"919,7";"0,2";"59,0";"3,1";"108,40";"0,0"
"05/08/2026";"1300";"15,3";"15,4";"15,2";"97,0";"97,0";"93,0";"14,8";"14,8";"14,2";"920,7";"920,7";"920,4";"0,9";"26,0";"5,1";"230,50";"0,4"
"05/08/2026";"1400";"15,4";"15,4";"15,3";"97,0";"98,0";"96,0";"14,9";"15,0";"14,7";"920,4";"920,7";"920,4";"1,6";"358,0";"3,9";"345,50";"0,0"
"05/08/2026";"1500";"15,6";"15,8";"15,4";"97,0";"98,0";"95,0";"15,2";"15,3";"14,9";"919,9";"920,4";"919,9";"1,4";"6,0";"4,8";"396,20";"0,0"
"05/08/2026";"1600";"16,4";"16,4";"15,6";"93,0";"98,0";"91,0";"15,2";"15,6";"14,8";"918,9";"919,9";"918,9";"1,1";"25,0";"3,2";"615,70";"0,0"
"05/08/2026";"1700";"18,1";"18,2";"16,4";"85,0";"92,0";"83,0";"15,6";"16,0";"14,7";"917,8";"918,8";"917,8";"0,8";"43,0";"4,0";"987,70";"0,0"
"05/08/2026";"1800";"17,6";"18,3";"17,4";"85,0";"88,0";"82,0";"15,1";"15,9";"14,6";"917,3";"917,8";"917,3";"0,6";"65,0";"3,3";"753,80";"0,0"
"05/08/2026";"1900";"16,7";"17,8";"16,7";"90,0";"92,0";"83,0";"15,1";"15,6";"14,6";"917,0";"917,4";"917,0";"1,8";"100,0";"2,9";"300,60";"0,0"
"05/08/2026";"2000";"16,9";"17,0";"16,6";"90,0";"92,0";"90,0";"15,3";"15,5";"14,9";"917,2";"917,3";"917,0";"0,8";"101,0";"2,9";"239,50";"0,0"
"05/08/2026";"2100";"16,1";"16,9";"16,1";"94,0";"94,0";"90,0";"15,2";"15,5";"15,0";"917,1";"917,3";"917,1";"0,6";"131,0";"1,8";"67,30";"0,0"
"05/08/2026";"2200";"14,4";"16,1";"14,4";"98,0";"98,0";"94,0";"14,1";"15,1";"14,1";"916,9";"917,1";"916,8";"1,1";"104,0";"2,5";"";"0,0"
"05/08/2026";"2300";"14,6";"14,6";"14,4";"99,0";"99,0";"98,0";"14,4";"14,5";"14,1";"917,3";"917,4";"916,9";"0,4";"131,0";"2,1";"";"0,0"
"06/08/2026";"0000";"14,5";"14,6";"14,3";"98,0";"99,0";"97,0";"14,2";"14,4";"14,0";"917,0";"917,3";"917,0";"0,5";"127,0";"1,6";"";"0,0"
"06/08/2026";"0100";"14,4";"14,8";"14,4";"98,0";"99,0";"98,0";"14,1";"14,5";"14,1";"917,0";"917,0";"916,9";"0,7";"345,0";"2,6";"";"0,0"
"06/08/2026";"0200";"14,1";"14,4";"14,1";"99,0";"99,0";"98,0";"13,8";"14,1";"13,8";"916,9";"917,0";"916,9";"1,1";"352,0";"2,6";"";"0,0"
"06/08/2026";"0300";"14,0";"14,0";"13,7";"100,0";"100,0";"98,0";"13,9";"14,0";"13,5";"916,7";"916,9";"916,6";"0,7";"28,0";"2,0";"";"0,0"
"06/08/2026";"0400";"13,6";"14,0";"13,5";"99,0";"100,0";"99,0";"13,5";"14,0";"13,4";"916,4";"916,7";"916,4";"0,9";"20,0";"2,5";"";"0,0"
"06/08/2026";"0500";"13,5";"13,8";"13,4";"100,0";"100,0";"99,0";"13,5";"13,8";"13,3";"916,1";"916,4";"916,1";"0,4";"69,0";"2,3";"";"0,0"
"06/08/2026";"0600";"13,7";"13,7";"13,5";"100,0";"100,0";"100,0";"13,7";"13,7";"13,4";"915,6";"916,1";"915,6";"1,2";"0,0";"3,6";"";"0,0"
"06/08/2026";"0700";"13,6";"13,7";"13,6";"100,0";"100,0";"100,0";"13,5";"13,7";"13,5";"914,9";"915,6";"914,9";"0,9";"30,0";"3,7";"";"0,0"
"06/08/2026";"0800";"13,3";"13,6";"13,3";"100,0";"100,0";"100,0";"13,3";"13,6";"13,3";"914,2";"914,8";"914,1";"1,1";"359,0";"3,6";"";"0,0"
"06/08/2026";"0900";"12,8";"13,3";"12,8";"100,0";"100,0";"100,0";"12,8";"13,3";"12,8";"914,1";"914,3";"914,1";"0,6";"52,0";"2,9";"";"0,0"
"06/08/2026";"1000";"13,9";"13,9";"12,8";"100,0";"100,0";"100,0";"13,8";"13,8";"12,8";"914,7";"914,7";"914,1";"0,9";"16,0";"2,4";"0,10";"0,0"
"06/08/2026";"1100";"14,4";"14,4";"13,9";"100,0";"100,0";"100,0";"14,4";"14,4";"13,9";"914,7";"914,9";"914,6";"0,5";"59,0";"4,0";"57,40";"0,0"
"06/08/2026";"1200";"15,0";"15,1";"14,3";"100,0";"100,0";"100,0";"15,0";"15,1";"14,3";"914,8";"914,8";"914,4";"0,7";"20,0";"2,5";"230,70";"0,0"
"06/08/2026";"1300";"16,3";"16,3";"15,1";"98,0";"100,0";"98,0";"16,0";"16,0";"15,0";"914,9";"915,1";"914,6";"0,6";"29,0";"3,0";"500,80";"0,0"
"06/08/2026";"1400";"18,4";"18,5";"16,3";"87,0";"98,0";"86,0";"16,3";"16,6";"15,6";"914,5";"914,8";"914,2";"1,4";"333,0";"3,0";"1162,20";"0,0"
"06/08/2026";"1500";"18,3";"18,8";"18,3";"90,0";"90,0";"87,0";"16,5";"16,9";"16,3";"913,6";"914,4";"913,6";"1,9";"331,0";"4,6";"617,30";"0,0"
"06/08/2026";"1600";"17,8";"18,4";"17,8";"87,0";"91,0";"87,0";"15,6";"16,9";"15,6";"913,4";"913,8";"913,4";"3,8";"323,0";"6,3";"261,90";"0,0"
"06/08/2026";"1700";"16,9";"17,8";"16,9";"91,0";"91,0";"86,0";"15,4";"15,8";"15,1";"912,8";"913,4";"912,8";"3,7";"333,0";"8,8";"122,90";"0,0"
"06/08/2026";"1800";"16,7";"16,9";"16,6";"91,0";"94,0";"90,0";"15,2";"15,7";"15,0";"911,5";"912,9";"911,5";"1,8";"351,0";"8,5";"335,50";"0,2"
"06/08/2026";"1900";"17,2";"18,0";"16,7";"85,0";"90,0";"82,0";"14,7";"16,2";"14,4";"911,9";"912,0";"911,5";"2,0";"351,0";"6,0";"494,80";"0,0"
"06/08/2026";"2000";"16,4";"17,4";"16,3";"92,0";"95,0";"86,0";"15,0";"15,9";"14,9";"911,3";"911,8";"911,0";"0,9";"59,0";"5,3";"345,50";"0,2"
"06/08/2026";"2100";"16,0";"16,3";"15,9";"91,0";"93,0";"90,0";"14,5";"15,0";"14,4";"911,1";"911,5";"910,9";"1,4";"3,0";"5,2";"79,00";"0,0"
"06/08/2026";"2200";"16,5";"16,5";"15,8";"87,0";"91,0";"87,0";"14,3";"14,6";"14,1";"910,3";"911,1";"910,3";"3,3";"338,0";"6,6";"";"0,0"
"06/08/2026";"2300";"16,5";"16,7";"16,5";"86,0";"87,0";"85,0";"14,1";"14,4";"14,0";"910,3";"910,3";"909,6";"5,3";"321,0";"9,3";"";"0,0"
"07/08/2026";"0000";"16,5";"16,5";"15,9";"74,0";"89,0";"74,0";"12,0";"14,2";"11,7";"910,4";"910,6";"909,9";"3,2";"319,0";"8,7";"";"0,2"
"07/08/2026";"0100";"14,4";"16,4";"14,4";"94,0";"94,0";"75,0";"13,5";"13,5";"11,8";"913,2";"913,2";"910,0";"3,4";"269,0";"7,9";"0,50";"3,2"
"07/08/2026";"0200";"13,0";"14,4";"13,0";"99,0";"99,0";"93,0";"12,8";"13,9";"12,6";"913,3";"913,9";"913,1";"5,5";"298,0";"13,9";"2,30";"11,7"
"07/08/2026";"0300";"12,8";"13,0";"12,8";"100,0";"100,0";"99,0";"12,7";"12,8";"12,7";"911,3";"913,3";"911,0";"2,4";"330,0";"8,2";"";"3,0"
"07/08/2026";"0400";"12,8";"13,0";"12,8";"98,0";"100,0";"96,0";"12,5";"12,7";"12,4";"910,2";"911,3";"910,2";"3,2";"321,0";"7,8";"";"0,0"
"07/08/2026";"0500";"13,0";"13,1";"12,8";"98,0";"98,0";"97,0";"12,7";"12,7";"12,4";"910,2";"910,4";"910,0";"3,1";"314,0";"6,9";"";"0,0"
"07/08/2026";"0600";"13,2";"13,2";"13,0";"100,0";"100,0";"98,0";"13,1";"13,1";"12,7";"910,6";"910,6";"910,2";"4,3";"297,0";"9,8";"";"0,2"
"07/08/2026";"0700";"12,3";"13,2";"12,3";"97,0";"100,0";"96,0";"11,8";"13,1";"11,8";"911,0";"911,0";"910,6";"3,7";"292,0";"9,1";"0,40";"0,0"
"07/08/2026";"0800";"11,8";"12,3";"11,8";"97,0";"98,0";"95,0";"11,4";"11,7";"11,2";"911,2";"911,3";"911,0";"3,2";"322,0";"7,6";"";"0,0"
"07/08/2026";"0900";"11,2";"11,8";"11,2";"95,0";"97,0";"93,0";"10,4";"11,3";"10,2";"912,1";"912,1";"911,2";"2,9";"305,0";"6,2";"";"0,0"
"07/08/2026";"1000";"10,6";"11,2";"10,6";"95,0";"96,0";"94,0";"9,9";"10,6";"9,8";"912,9";"912,9";"912,1";"3,2";"307,0";"8,1";"0,10";"0,0"
"07/08/2026";"1100";"9,9";"10,6";"9,9";"95,0";"97,0";"94,0";"9,1";"10,2";"9,0";"914,4";"914,4";"912,9";"2,3";"266,0";"6,4";"56,30";"0,0"
"07/08/2026";"1200";"9,3";"9,9";"9,3";"93,0";"96,0";"92,0";"8,3";"9,1";"8,2";"915,2";"915,2";"914,3";"3,5";"303,0";"6,0";"75,30";"0,0"
"07/08/2026";"1300";"9,4";"9,7";"9,2";"89,0";"93,0";"86,0";"7,7";"8,3";"7,4";"915,7";"915,7";"915,1";"3,2";"299,0";"7,3";"399,80";"0,0"
"07/08/2026";"1400";"10,3";"10,7";"9,4";"81,0";"89,0";"80,0";"7,2";"8,3";"7,1";"916,1";"916,4";"915,8";"3,0";"302,0";"6,3";"1134,40";"0,0"
"07/08/2026";"1500";"11,2";"11,5";"10,3";"77,0";"84,0";"75,0";"7,4";"8,3";"6,9";"915,9";"916,1";"915,8";"4,3";"313,0";"7,8";"1711,80";"0,0"
"07/08/2026";"1600";"11,3";"12,9";"10,7";"77,0";"79,0";"64,0";"7,3";"7,8";"6,1";"915,5";"915,9";"915,5";"2,3";"286,0";"7,3";"1816,20";"0,0"
"07/08/2026";"1700";"11,8";"12,0";"10,8";"75,0";"80,0";"71,0";"7,6";"8,1";"6,3";"915,3";"915,6";"915,1";"2,6";"293,0";"7,1";"1228,70";"0,0"
"07/08/2026";"1800";"10,7";"11,8";"10,7";"77,0";"80,0";"73,0";"7,0";"7,9";"6,7";"915,0";"915,4";"914,8";"2,5";"297,0";"6,3";"819,10";"0,0"
"07/08/2026";"1900";"11,2";"11,4";"10,6";"76,0";"81,0";"75,0";"7,1";"7,6";"6,8";"914,9";"915,0";"914,7";"2,6";"295,0";"4,8";"733,80";"0,0"
"07/08/2026";"2000";"10,6";"11,6";"10,6";"79,0";"81,0";"72,0";"7,1";"7,6";"6,5";"915,1";"915,1";"914,7";"1,8";"302,0";"4,8";"644,90";"0,0"
"07/08/2026";"2100";"9,2";"10,6";"9,2";"87,0";"87,0";"78,0";"7,1";"7,7";"6,9";"915,2";"915,3";"915,1";"0,9";"276,0";"2,8";"152,90";"0,0"
"07/08/2026";"2200";"7,6";"9,1";"7,5";"95,0";"95,0";"87,0";"6,9";"7,4";"6,7";"915,2";"915,3";"915,0";"0,8";"269,0";"2,6";"";"0,0"
"07/08/2026";"2300";"6,4";"7,6";"6,4";"99,0";"99,0";"95,0";"6,3";"6,9";"6,1";"915,2";"915,3";"915,2";"0,5";"326,0";"1,1";"";"0,0"
"08/08/2026";"0000";"6,1";"6,5";"6,1";"100,0";"100,0";"98,0";"6,1";"6,3";"5,8";"915,0";"915,2";"915,0";"0,4";"22,0";"1,1";"";"0,0"
"08/08/2026";"0100";"6,0";"6,1";"5,7";"100,0";"100,0";"100,0";"6,0";"6,1";"5,6";"914,3";"915,0";"914,3";"0,8";"89,0";"1,6";"";"0,0"
"08/08/2026";"0200";"5,1";"6,2";"5,1";"100,0";"100,0";"100,0";"5,1";"6,2";"5,1";"914,5";"914,5";"914,2";"1,0";"108,0";"1,7";"";"0,0"
"08/08/2026";"0300";"4,7";"5,2";"4,6";"100,0";"100,0";"100,0";"4,7";"5,2";"4,6";"913,9";"914,5";"913,9";"1,7";"106,0";"2,8";"";"0,0"
"08/08/2026";"0400";"6,0";"6,1";"4,8";"100,0";"100,0";"100,0";"6,0";"6,0";"4,8";"913,4";"913,9";"913,4";"1,0";"74,0";"3,1";"";"0,0"
"08/08/2026";"0500";"6,0";"6,2";"6,0";"100,0";"100,0";"100,0";"6,0";"6,2";"5,9";"913,1";"913,4";"913,1";"1,2";"72,0";"4,3";"";"0,0"
"08/08/2026";"0600";"6,1";"6,1";"5,8";"100,0";"100,0";"100,0";"6,1";"6,1";"5,7";"912,5";"913,1";"912,5";"0,8";"72,0";"5,0";"";"0,0"
"08/08/2026";"0700";"7,1";"7,1";"6,1";"100,0";"100,0";"100,0";"7,1";"7,1";"6,1";"911,9";"912,5";"911,9";"0,8";"60,0";"4,2";"";"0,0"
"08/08/2026";"0800";"7,8";"8,2";"7,2";"100,0";"100,0";"100,0";"7,8";"8,2";"7,2";"911,5";"911,9";"911,5";"1,0";"108,0";"4,4";"";"0,0"
"08/08/2026";"0900";"9,3";"9,3";"7,3";"100,0";"100,0";"100,0";"9,3";"9,3";"7,3";"911,6";"911,8";"911,4";"0,9";"21,0";"3,5";"0,20";"0,0"
"08/08/2026";"1000";"10,0";"10,0";"8,8";"100,0";"100,0";"100,0";"10,0";"10,0";"8,8";"911,9";"912,0";"911,6";"1,0";"37,0";"3,8";"0,30";"0,0"
"08/08/2026";"1100";"11,0";"11,0";"10,0";"100,0";"100,0";"100,0";"11,0";"11,0";"10,0";"912,1";"912,1";"911,8";"0,6";"61,0";"3,4";"81,50";"0,0"
"08/08/2026";"1200";"12,0";"12,3";"11,1";"100,0";"100,0";"100,0";"12,0";"12,3";"11,1";"911,9";"912,2";"911,9";"0,6";"79,0";"2,8";"342,80";"0,0"
"08/08/2026";"1300";"13,4";"13,5";"12,1";"99,0";"100,0";"99,0";"13,3";"13,5";"12,1";"912,1";"912,1";"911,6";"0,9";"46,0";"3,6";"579,90";"0,0"
"08/08/2026";"1400";"13,6";"14,3";"13,3";"96,0";"99,0";"94,0";"12,9";"13,8";"12,8";"911,6";"912,0";"911,5";"1,0";"104,0";"2,7";"517,00";"0,0"
"08/08/2026";"1500";"13,9";"13,9";"13,4";"97,0";"97,0";"96,0";"13,4";"13,4";"12,8";"910,4";"911,6";"910,4";"1,3";"119,0";"2,3";"239,00";"0,0"
"08/08/2026";"1600";"14,5";"14,7";"14,0";"97,0";"97,0";"94,0";"14,0";"14,0";"13,4";"909,9";"910,5";"909,9";"0,7";"360,0";"2,5";"204,30";"0,0"
"08/08/2026";"1700";"14,0";"14,5";"14,0";"99,0";"99,0";"96,0";"13,8";"14,1";"13,6";"909,4";"909,9";"909,4";"1,1";"359,0";"3,2";"192,90";"0,8"
"08/08/2026";"1800";"14,1";"14,4";"14,0";"100,0";"100,0";"99,0";"14,1";"14,3";"13,8";"909,3";"909,5";"909,2";"2,7";"274,0";"5,5";"201,00";"0,6"
"08/08/2026";"1900";"11,9";"14,2";"11,9";"96,0";"100,0";"92,0";"11,3";"14,2";"11,1";"910,5";"910,6";"909,3";"3,6";"287,0";"8,9";"178,50";"0,2"
"08/08/2026";"2000";"12,3";"12,3";"11,9";"94,0";"97,0";"92,0";"11,2";"11,4";"11,0";"911,1";"911,1";"910,4";"2,4";"314,0";"5,3";"216,00";"0,0"
"08/08/2026";"2100";"11,1";"12,3";"11,1";"92,0";"96,0";"91,0";"9,9";"11,3";"9,9";"911,6";"911,9";"911,0";"2,2";"303,0";"4,2";"107,10";"0,0"
"08/08/2026";"2200";"10,0";"11,1";"10,0";"97,0";"97,0";"92,0";"9,5";"10,0";"9,3";"913,4";"913,5";"911,5";"1,1";"298,0";"4,2";"0,10";"0,0"
"08/08/2026";"2300";"9,6";"10,1";"9,6";"99,0";"99,0";"96,0";"9,4";"9,7";"9,3";"914,3";"914,3";"913,4";"1,3";"319,0";"3,2";"";"0,0"
"09/08/2026";"0000";"9,8";"9,8";"9,4";"99,0";"100,0";"99,0";"9,7";"9,7";"9,2";"915,1";"915,1";"914,3";"1,7";"293,0";"3,8";"";"0,0"
"09/08/2026";"0100";"9,0";"9,9";"9,0";"92,0";"99,0";"92,0";"7,8";"9,8";"7,8";"916,0";"916,0";"915,5";"1,7";"234,0";"4,7";"";"0,0"
"09/08/2026";"0200";"8,2";"9,0";"8,2";"97,0";"97,0";"92,0";"7,7";"7,9";"7,7";"917,0";"917,0";"916,0";"1,3";"282,0";"3,6";"";"0,0"
"09/08/2026";"0300";"7,4";"8,2";"7,4";"96,0";"97,0";"95,0";"6,8";"7,7";"6,8";"917,5";"917,6";"917,0";"1,5";"273,0";"4,4";"";"0,2"
"09/08/2026";"0400";"6,6";"7,3";"6,6";"97,0";"98,0";"96,0";"6,1";"6,8";"6,1";"917,6";"917,9";"917,5";"1,0";"251,0";"3,4";"";"0,0"
"09/08/2026";"0500";"5,2";"6,6";"5,2";"99,0";"99,0";"96,0";"5,0";"6,1";"5,0";"917,3";"917,8";"917,3";"0,7";"332,0";"2,3";"";"0,0"
"09/08/2026";"0600";"4,7";"5,5";"4,7";"100,0";"100,0";"99,0";"4,7";"5,5";"4,7";"917,2";"917,3";"917,1";"0,4";"327,0";"1,5";"";"0,0"
"09/08/2026";"0700";"4,4";"4,7";"4,3";"100,0";"100,0";"100,0";"4,4";"4,6";"4,3";"916,8";"917,3";"916,8";"0,5";"190,0";"1,2";"";"0,0"
"09/08/2026";"0800";"3,9";"4,4";"3,6";"100,0";"100,0";"100,0";"3,9";"4,4";"3,6";"918,0";"918,0";"916,8";"0,8";"350,0";"1,5";"";"0,0"
"09/08/2026";"0900";"4,1";"4,1";"3,5";"100,0";"100,0";"100,0";"4,1";"4,1";"3,5";"918,9";"918,9";"918,0";"1,0";"323,0";"4,1";"";"0,0"
"09/08/2026";"1000";"3,2";"4,0";"3,2";"100,0";"100,0";"100,0";"3,2";"4,0";"3,2";"920,4";"920,4";"918,9";"1,0";"288,0";"3,4";"0,10";"0,0"
"09/08/2026";"1100";"4,8";"4,8";"3,2";"100,0";"100,0";"100,0";"4,7";"4,7";"3,2";"920,1";"920,5";"920,1";"1,8";"202,0";"5,6";"93,60";"0,0"
"09/08/2026";"1200";"6,0";"6,0";"4,8";"92,0";"100,0";"91,0";"4,9";"5,0";"4,4";"920,6";"920,6";"920,1";"2,1";"190,0";"7,3";"387,60";"0,0"
"09/08/2026";"1300";"6,9";"7,4";"6,0";"83,0";"93,0";"81,0";"4,3";"5,3";"4,1";"921,6";"921,6";"920,5";"1,6";"160,0";"5,2";"712,10";"0,0"
"09/08/2026";"1400";"9,1";"9,7";"8,2";"74,0";"83,0";"69,0";"4,8";"5,8";"3,7";"922,0";"922,1";"921,5";"1,3";"179,0";"4,1";"2267,30";"0,0"
"09/08/2026";"1500";"10,8";"11,1";"9,0";"66,0";"77,0";"63,0";"4,7";"6,3";"3,6";"921,5";"922,0";"921,4";"1,6";"87,0";"4,6";"2649,40";"0,0"
"09/08/2026";"1600";"12,3";"12,3";"10,6";"64,0";"70,0";"57,0";"5,7";"6,3";"4,0";"921,4";"921,5";"921,4";"1,9";"127,0";"5,1";"2724,20";"0,0"
"09/08/2026";"1700";"13,7";"13,9";"12,4";"48,0";"64,0";"46,0";"3,0";"6,0";"2,4";"921,0";"921,6";"921,0";"2,0";"212,0";"5,5";"2593,40";"0,0"
"09/08/2026";"1800";"13,2";"13,7";"12,5";"49,0";"57,0";"47,0";"2,7";"5,2";"1,8";"921,5";"921,5";"921,0";"1,9";"278,0";"5,8";"1506,40";"0,0"
"09/08/2026";"1900";"12,9";"13,0";"12,0";"48,0";"55,0";"45,0";"2,1";"3,5";"0,7";"921,5";"921,5";"920,8";"1,6";"230,0";"4,5";"702,30";"0,0"
"09/08/2026";"2000";"12,0";"12,9";"12,0";"55,0";"55,0";"43,0";"3,3";"3,3";"0,6";"921,9";"921,9";"921,5";"1,9";"216,0";"4,2";"602,00";"0,0"
"09/08/2026";"2100";"9,8";"12,1";"9,8";"63,0";"65,0";"51,0";"3,0";"4,2";"2,2";"922,5";"922,6";"921,9";"2,2";"207,0";"4,0";"136,40";"0,0"
"09/08/2026";"2200";"8,1";"9,8";"8,1";"66,0";"67,0";"63,0";"2,3";"3,2";"2,2";"923,3";"923,4";"922,5";"2,6";"182,0";"5,1";"";"0,0"
"09/08/2026";"2300";"6,5";"8,1";"6,5";"63,0";"71,0";"61,0";"-0,1";"2,7";"-0,2";"924,1";"924,1";"923,3";"2,5";"172,0";"6,1";"";"0,0"
"10/08/2026";"0000";"5,7";"6,5";"5,6";"62,0";"66,0";"61,0";"-1,1";"0,2";"-1,1";"924,7";"924,8";"924,1";"2,1";"136,0";"4,8";"";"0,0"
"10/08/2026";"0100";"4,8";"5,6";"4,8";"51,0";"65,0";"51,0";"-4,3";"-0,5";"-4,3";"925,1";"925,1";"924,8";"1,4";"130,0";"4,0";"";"0,0"
"10/08/2026";"0200";"3,4";"4,8";"3,4";"68,0";"71,0";"51,0";"-2,0";"-0,6";"-4,6";"925,6";"925,6";"925,0";"1,6";"94,0";"3,8";"";"0,0"
"10/08/2026";"0300";"2,4";"3,4";"2,4";"70,0";"75,0";"67,0";"-2,6";"-1,2";"-2,6";"926,6";"926,6";"925,6";"1,2";"90,0";"3,6";"";"0,0"
"10/08/2026";"0400";"2,2";"2,6";"2,1";"70,0";"75,0";"67,0";"-2,7";"-1,8";"-3,0";"926,6";"926,7";"926,6";"1,9";"107,0";"3,6";"";"0,0"
"10/08/2026";"0500";"3,6";"3,6";"2,1";"53,0";"71,0";"52,0";"-5,0";"-2,6";"-5,3";"927,0";"927,0";"926,6";"1,9";"129,0";"3,6";"";"0,0"
"10/08/2026";"0600";"3,9";"3,9";"3,2";"53,0";"57,0";"52,0";"-4,8";"-4,3";"-5,3";"926,4";"927,0";"926,4";"1,9";"133,0";"3,7";"";"0,0"
"10/08/2026";"0700";"3,0";"3,9";"3,0";"64,0";"66,0";"53,0";"-3,1";"-2,7";"-4,7";"926,8";"926,8";"926,3";"1,4";"136,0";"4,3";"";"0,0"
"10/08/2026";"0800";"3,0";"3,2";"2,9";"69,0";"69,0";"64,0";"-2,1";"-2,1";"-3,0";"927,2";"927,4";"926,8";"1,0";"165,0";"3,3";"";"0,0"
"10/08/2026";"0900";"1,7";"2,8";"1,7";"75,0";"75,0";"68,0";"-2,2";"-2,1";"-2,5";"928,1";"928,1";"927,6";"0,9";"138,0";"3,3";"";"0,0"
"10/08/2026";"1000";"1,7";"1,8";"1,2";"78,0";"84,0";"75,0";"-1,6";"-1,0";"-2,3";"929,6";"929,6";"928,1";"0,7";"170,0";"1,9";"0,80";"0,0"
"10/08/2026";"1100";"4,2";"4,2";"1,7";"81,0";"81,0";"75,0";"1,2";"1,2";"-1,5";"929,9";"929,9";"929,5";"2,1";"173,0";"5,2";"95,00";"0,0"
"10/08/2026";"1200";"5,8";"5,8";"4,2";"72,0";"81,0";"70,0";"1,2";"1,6";"0,7";"931,1";"931,1";"929,9";"2,4";"153,0";"5,6";"199,80";"0,0"
"10/08/2026";"1300";"7,8";"7,9";"5,9";"65,0";"73,0";"63,0";"1,6";"2,0";"0,8";"931,4";"931,4";"930,9";"2,6";"135,0";"5,9";"483,80";"0,0"
"10/08/2026";"1400";"9,4";"9,4";"7,6";"61,0";"68,0";"58,0";"2,2";"3,0";"1,1";"931,7";"931,8";"931,4";"2,7";"159,0";"6,2";"2214,80";"0,0"
"10/08/2026";"1500";"10,7";"10,9";"9,0";"48,0";"64,0";"44,0";"0,2";"2,5";"-0,9";"931,0";"931,8";"931,0";"2,4";"163,0";"7,0";"2472,10";"0,0"
"10/08/2026";"1600";"11,6";"11,9";"10,6";"39,0";"49,0";"39,0";"-1,8";"0,9";"-1,9";"930,6";"931,0";"930,6";"3,5";"109,0";"7,7";"2572,90";"0,0"
"10/08/2026";"1700";"12,1";"12,1";"11,4";"27,0";"41,0";"26,0";"-6,5";"-1,4";"-6,7";"929,9";"930,6";"929,9";"2,9";"158,0";"7,7";"2426,70";"0,0"
"10/08/2026";"1800";"12,3";"12,8";"11,8";"31,0";"33,0";"23,0";"-4,2";"-3,2";"-8,0";"929,4";"929,9";"929,4";"2,6";"150,0";"7,0";"1979,00";"0,0"
"10/08/2026";"1900";"12,0";"12,6";"11,8";"27,0";"35,0";"23,0";"-6,4";"-2,9";"-8,1";"929,2";"929,4";"928,8";"2,1";"145,0";"6,1";"1376,10";"0,0"
"10/08/2026";"2000";"10,8";"12,2";"10,8";"34,0";"34,0";"26,0";"-4,6";"-3,9";"-6,6";"929,5";"929,5";"929,1";"1,3";"158,0";"4,5";"637,70";"0,0"
"10/08/2026";"2100";"8,3";"10,8";"8,3";"61,0";"61,0";"32,0";"1,1";"1,1";"-5,2";"929,6";"929,7";"929,4";"3,1";"179,0";"6,1";"121,50";"0,0"
"10/08/2026";"2200";"6,4";"8,2";"6,4";"78,0";"78,0";"61,0";"2,8";"2,8";"1,0";"929,5";"929,8";"929,4";"2,8";"158,0";"6,2";"";"0,0"
"10/08/2026";"2300";"5,9";"6,4";"5,9";"87,0";"87,0";"78,0";"3,8";"3,8";"2,8";"930,4";"930,4";"929,4";"3,8";"134,0";"7,4";"";"0,0"
"11/08/2026";"0000";"5,9";"5,9";"5,8";"86,0";"87,0";"86,0";"3,8";"3,8";"3,7";"930,8";"931,1";"930,4";"3,7";"118,0";"7,8";"";"0,0"
"11/08/2026";"0100";"5,9";"6,0";"5,9";"85,0";"86,0";"84,0";"3,5";"3,8";"3,4";"931,0";"931,0";"930,7";"3,6";"118,0";"7,2";"";"0,0"
"11/08/2026";"0200";"5,9";"5,9";"5,9";"82,0";"85,0";"82,0";"3,0";"3,6";"3,0";"931,2";"931,3";"931,0";"4,0";"111,0";"7,2";"";"0,0"
"11/08/2026";"0300";"5,8";"5,9";"5,8";"84,0";"85,0";"82,0";"3,3";"3,5";"3,1";"930,9";"931,2";"930,9";"4,3";"104,0";"7,4";"";"0,0"
"11/08/2026";"0400";"5,8";"5,8";"5,8";"85,0";"85,0";"83,0";"3,5";"3,5";"3,2";"930,2";"930,9";"930,1";"3,5";"106,0";"7,6";"";"0,0"
"11/08/2026";"0500";"5,9";"5,9";"5,8";"88,0";"88,0";"85,0";"4,0";"4,0";"3,5";"929,8";"930,3";"929,8";"3,4";"100,0";"6,6";"";"0,0"
"11/08/2026";"0600";"6,0";"6,0";"5,9";"89,0";"89,0";"87,0";"4,4";"4,4";"3,9";"929,2";"929,8";"929,2";"3,1";"97,0";"6,9";"";"0,0"
"11/08/2026";"0700";"6,1";"6,1";"6,0";"90,0";"90,0";"89,0";"4,5";"4,5";"4,3";"928,7";"929,2";"928,7";"3,7";"104,0";"6,0";"";"0,0"
"11/08/2026";"0800";"6,2";"6,3";"6,1";"90,0";"91,0";"89,0";"4,7";"4,9";"4,4";"928,3";"928,7";"928,2";"2,6";"96,0";"5,6";"";"0,0"
"11/08/2026";"0900";"6,4";"6,4";"6,2";"91,0";"91,0";"90,0";"5,0";"5,1";"4,7";"928,3";"928,5";"928,2";"2,3";"95,0";"5,6";"";"0,0"
"11/08/2026";"1000";"6,4";"6,5";"6,4";"92,0";"92,0";"91,0";"5,1";"5,2";"5,0";"928,6";"928,6";"928,3";"1,9";"86,0";"4,3";"0,20";"0,0"
"11/08/2026";"1100";"6,8";"6,8";"6,4";"92,0";"92,0";"91,0";"5,5";"5,5";"5,1";"929,3";"929,3";"928,7";"2,5";"93,0";"5,1";"55,00";"0,0"
"11/08/2026";"1200";"7,4";"7,4";"6,8";"88,0";"92,0";"88,0";"5,6";"5,7";"5,3";"929,4";"929,4";"929,2";"3,2";"95,0";"5,5";"200,40";"0,0"
"11/08/2026";"1300";"8,9";"8,9";"7,4";"83,0";"89,0";"83,0";"6,2";"6,6";"5,6";"929,4";"929,7";"929,4";"2,1";"78,0";"4,8";"453,10";"0,0"
"11/08/2026";"1400";"10,2";"10,2";"8,9";"82,0";"85,0";"80,0";"7,2";"7,2";"6,2";"929,5";"929,7";"929,4";"1,0";"66,0";"4,3";"618,90";"0,0"
"11/08/2026";"1500";"10,5";"10,6";"10,2";"81,0";"82,0";"78,0";"7,4";"7,6";"6,8";"929,5";"929,6";"929,4";"0,8";"62,0";"3,6";"521,50";"0,0"
"11/08/2026";"1600";"10,5";"10,7";"10,4";"80,0";"84,0";"78,0";"7,2";"7,9";"6,9";"928,7";"929,5";"928,7";"1,0";"20,0";"2,9";"352,80";"0,0"
"11/08/2026";"1700";"11,2";"11,2";"10,4";"76,0";"80,0";"74,0";"7,1";"7,6";"6,5";"927,7";"928,7";"927,7";"0,8";"35,0";"3,9";"451,20";"0,0"
"11/08/2026";"1800";"11,1";"11,2";"11,0";"79,0";"81,0";"74,0";"7,6";"7,8";"6,7";"927,1";"927,8";"927,1";"0,4";"14,0";"3,3";"299,40";"0,0"
"11/08/2026";"1900";"10,2";"11,1";"10,2";"86,0";"86,0";"77,0";"7,9";"8,0";"7,1";"926,9";"927,1";"926,8";"0,7";"60,0";"2,9";"181,90";"0,0"
"11/08/2026";"2000";"9,4";"10,1";"9,4";"93,0";"93,0";"86,0";"8,3";"8,5";"7,9";"926,4";"926,9";"926,4";"1,1";"57,0";"4,5";"89,00";"0,0"
"11/08/2026";"2100";"9,3";"9,4";"9,3";"95,0";"95,0";"93,0";"8,5";"8,5";"8,2";"926,6";"926,6";"926,2";"1,3";"70,0";"4,3";"29,10";"0,0"
"11/08/2026";"2200";"9,3";"9,3";"9,2";"93,0";"95,0";"93,0";"8,2";"8,5";"8,1";"926,3";"926,7";"926,3";"1,7";"84,0";"4,0";"";"0,0"
"11/08/2026";"2300";"9,2";"9,3";"9,2";"97,0";"97,0";"93,0";"8,8";"8,8";"8,2";"926,9";"926,9";"926,3";"0,4";"89,0";"4,0";"";"0,2"
"12/08/2026";"0000";"9,2";"9,2";"9,2";"99,0";"99,0";"97,0";"9,1";"9,1";"8,8";"927,5";"927,6";"926,9";"1,0";"89,0";"2,0";"";"2,4"
"12/08/2026";"0100";"9,1";"9,2";"9,1";"100,0";"100,0";"99,0";"9,1";"9,2";"9,0";"926,4";"927,4";"926,4";"1,6";"75,0";"4,4";"";"1,8"
"12/08/2026";"0200";"9,3";"9,3";"9,1";"100,0";"100,0";"100,0";"9,3";"9,3";"9,1";"926,2";"926,4";"926,1";"0,9";"68,0";"4,6";"";"0,6"
"12/08/2026";"0300";"9,2";"9,3";"9,2";"100,0";"100,0";"100,0";"9,2";"9,3";"9,2";"925,8";"926,2";"925,8";"0,9";"68,0";"4,2";"";"0,2"
"12/08/2026";"0400";"9,2";"9,2";"9,1";"100,0";"100,0";"100,0";"9,1";"9,2";"9,1";"925,2";"925,8";"925,2";"0,8";"78,0";"4,4";"";"0,4"
"12/08/2026";"0500";"9,2";"9,2";"9,2";"100,0";"100,0";"100,0";"9,2";"9,2";"9,2";"924,2";"924,3";"924,2";"1,7";"81,0";"4,4";"";"0,0"
"12/08/2026";"0600";"9,1";"9,2";"9,1";"100,0";"100,0";"100,0";"9,1";"9,2";"9,1";"922,9";"924,2";"922,9";"1,6";"78,0";"5,1";"";"0,4"
"12/08/2026";"0700";"9,2";"9,2";"9,1";"100,0";"100,0";"100,0";"9,2";"9,2";"9,1";"922,2";"922,8";"922,2";"1,2";"77,0";"4,9";"";"0,2"
"12/08/2026";"0800";"9,2";"9,3";"9,2";"100,0";"100,0";"100,0";"9,2";"9,3";"9,1";"922,0";"922,5";"922,0";"1,6";"85,0";"3,9";"";"1,4"
"12/08/2026";"0900";"9,5";"9,5";"9,2";"100,0";"100,0";"100,0";"9,5";"9,5";"9,2";"922,3";"922,3";"922,0";"0,8";"68,0";"4,4";"";"3,0"
"12/08/2026";"1000";"9,5";"9,5";"9,4";"100,0";"100,0";"100,0";"9,5";"9,5";"9,4";"922,0";"922,4";"921,6";"0,8";"52,0";"4,8";"";"3,2"
"12/08/2026";"1100";"9,9";"9,9";"9,5";"100,0";"100,0";"100,0";"9,9";"9,9";"9,5";"922,5";"922,6";"922,0";"1,4";"20,0";"3,1";"13,30";"2,6"
"12/08/2026";"1200";"10,2";"10,2";"9,9";"100,0";"100,0";"100,0";"10,2";"10,2";"9,9";"922,5";"922,6";"922,3";"1,0";"57,0";"3,8";"38,20";"2,4"
"12/08/2026";"1300";"10,6";"10,6";"10,3";"100,0";"100,0";"100,0";"10,6";"10,6";"10,2";"922,8";"922,8";"922,4";"1,1";"32,0";"3,4";"76,90";"2,8"
"12/08/2026";"1400";"11,0";"11,0";"10,6";"100,0";"100,0";"100,0";"11,0";"11,0";"10,6";"922,4";"922,8";"922,3";"0,6";"47,0";"4,4";"105,90";"3,6"
"12/08/2026";"1500";"11,3";"11,3";"11,0";"100,0";"100,0";"100,0";"11,3";"11,3";"11,0";"921,8";"922,4";"921,2";"0,8";"52,0";"3,4";"125,50";"5,0"
"12/08/2026";"1600";"11,8";"11,8";"11,3";"100,0";"100,0";"100,0";"11,8";"11,8";"11,3";"920,6";"922,0";"920,6";"1,1";"55,0";"4,4";"173,60";"4,0"
"12/08/2026";"1700";"12,2";"12,2";"11,8";"100,0";"100,0";"100,0";"12,2";"12,2";"11,8";"920,2";"920,7";"920,2";"1,1";"28,0";"4,9";"174,80";"2,8"
"12/08/2026";"1800";"12,7";"12,7";"12,2";"100,0";"100,0";"100,0";"12,7";"12,7";"12,2";"919,6";"920,2";"919,5";"1,4";"20,0";"5,1";"171,30";"0,6"
"12/08/2026";"1900";"13,1";"13,1";"12,6";"100,0";"100,0";"100,0";"13,1";"13,1";"12,6";"918,9";"919,7";"918,9";"1,0";"84,0";"5,1";"139,20";"1,8"
"12/08/2026";"2000";"13,1";"13,1";"13,1";"100,0";"100,0";"100,0";"13,0";"13,1";"13,0";"918,7";"919,0";"918,7";"1,5";"43,0";"5,5";"131,80";"0,0"
"12/08/2026";"2100";"12,7";"13,0";"12,7";"99,0";"100,0";"99,0";"12,6";"13,0";"12,6";"918,8";"918,8";"918,7";"1,4";"22,0";"4,6";"59,10";"0,0"
"12/08/2026";"2200";"12,5";"12,7";"12,5";"98,0";"99,0";"98,0";"12,1";"12,5";"12,1";"919,3";"919,3";"918,8";"2,5";"2,0";"5,5";"0,20";"0,0"
"12/08/2026";"2300";"12,3";"12,5";"12,3";"98,0";"98,0";"97,0";"12,0";"12,1";"12,0";"919,5";"919,5";"919,3";"1,6";"13,0";"5,4";"";"0,0"
"13/08/2026";"0000";"12,3";"12,4";"12,2";"98,0";"99,0";"97,0";"12,1";"12,1";"12,0";"919,8";"919,8";"919,5";"1,1";"27,0";"4,0";"";"0,0"
"13/08/2026";"0100";"12,2";"12,3";"12,2";"99,0";"99,0";"98,0";"12,1";"12,1";"12,0";"919,6";"919,9";"919,5";"0,6";"53,0";"4,4";"";"0,0"
"13/08/2026";"0200";"12,1";"12,2";"12,0";"99,0";"99,0";"99,0";"11,9";"12,0";"11,9";"919,8";"919,8";"919,4";"1,1";"31,0";"3,2";"";"0,0"
"13/08/2026";"0300";"12,2";"12,2";"12,1";"99,0";"99,0";"98,0";"11,9";"12,1";"11,9";"920,2";"920,2";"919,5";"0,9";"25,0";"3,8";"";"0,6"
"13/08/2026";"0400";"12,2";"12,2";"12,1";"99,0";"99,0";"98,0";"12,0";"12,0";"11,9";"920,0";"920,3";"920,0";"0,6";"60,0";"4,0";"";"0,2"
"13/08/2026";"0500";"12,0";"12,2";"12,0";"100,0";"100,0";"99,0";"11,9";"12,1";"11,9";"919,5";"920,1";"919,3";"0,6";"87,0";"2,2";"";"0,4"
"13/08/2026";"0600";"12,1";"12,1";"11,9";"100,0";"100,0";"100,0";"12,1";"12,1";"11,9";"918,8";"919,4";"918,7";"0,7";"52,0";"3,2";"";"0,8"
"13/08/2026";"0700";"12,5";"12,5";"12,1";"100,0";"100,0";"100,0";"12,5";"12,5";"12,1";"919,2";"919,5";"918,9";"0,4";"157,0";"2,1";"";"0,0"
"13/08/2026";"0800";"12,4";"12,6";"12,4";"100,0";"100,0";"100,0";"12,4";"12,6";"12,4";"918,6";"919,1";"918,5";"1,3";"120,0";"2,6";"0,20";"4,6"
"13/08/2026";"0900";"12,4";"12,4";"12,2";"100,0";"100,0";"100,0";"12,4";"12,4";"12,2";"918,2";"918,6";"918,1";"0,4";"75,0";"2,5";"";"0,0"
"13/08/2026";"1000";"13,2";"13,2";"12,4";"100,0";"100,0";"100,0";"13,2";"13,2";"12,4";"918,9";"919,3";"917,8";"3,2";"189,0";"5,9";"0,30";"14,9"
"13/08/2026";"1100";"13,1";"13,1";"12,7";"100,0";"100,0";"100,0";"13,1";"13,1";"12,7";"918,8";"919,1";"918,5";"0,8";"86,0";"5,1";"68,70";"2,0"
"13/08/2026";"1200";"13,4";"13,4";"12,9";"100,0";"100,0";"100,0";"13,4";"13,4";"12,9";"919,3";"920,2";"918,4";"1,6";"197,0";"5,9";"10,80";"9,9"
"13/08/2026";"1300";"13,5";"13,6";"13,3";"100,0";"100,0";"100,0";"13,5";"13,6";"13,3";"921,0";"921,0";"918,9";"2,1";"326,0";"4,5";"119,30";"2,0"
"13/08/2026";"1400";"15,0";"15,0";"13,5";"100,0";"100,0";"100,0";"15,0";"15,0";"13,5";"920,3";"921,1";"920,2";"1,4";"338,0";"3,6";"730,00";"0,0"
"13/08/2026";"1500";"14,9";"15,2";"14,8";"98,0";"100,0";"98,0";"14,5";"15,2";"14,4";"920,6";"920,6";"919,8";"2,6";"309,0";"4,4";"727,40";"0,0"
"13/08/2026";"1600";"14,8";"14,9";"14,7";"99,0";"99,0";"97,0";"14,7";"14,7";"14,4";"920,2";"920,7";"920,2";"1,4";"278,0";"4,4";"373,70";"0,0"
"13/08/2026";"1700";"14,5";"14,8";"14,5";"100,0";"100,0";"99,0";"14,4";"14,7";"14,4";"919,8";"920,2";"919,7";"1,4";"267,0";"2,6";"213,60";"0,0"
"13/08/2026";"1800";"14,7";"14,7";"14,4";"99,0";"100,0";"99,0";"14,6";"14,7";"14,3";"919,5";"919,8";"919,4";"0,4";"14,0";"3,2";"294,60";"0,0"
"13/08/2026";"1900";"14,4";"14,7";"14,4";"99,0";"99,0";"99,0";"14,3";"14,6";"14,3";"919,8";"920,0";"919,5";"0,8";"294,0";"2,0";"152,20";"0,0"
"13/08/2026";"2000";"14,5";"14,5";"14,4";"99,0";"100,0";"99,0";"14,4";"14,5";"14,3";"920,1";"920,2";"919,9";"0,9";"138,0";"2,2";"94,60";"0,0"
"13/08/2026";"2100";"14,4";"14,6";"14,4";"99,0";"100,0";"99,0";"14,4";"14,6";"14,4";"920,5";"920,5";"920,1";"0,8";"120,0";"1,9";"49,50";"0,0"
"13/08/2026";"2200";"14,0";"14,4";"14,0";"100,0";"100,0";"100,0";"14,0";"14,4";"14,0";"921,3";"921,3";"920,5";"1,8";"136,0";"3,4";"";"0,0"
"13/08/2026";"2300";"13,3";"14,0";"13,3";"99,0";"100,0";"99,0";"13,1";"14,0";"13,1";"922,0";"922,0";"921,4";"2,6";"107,0";"4,6";"";"0,0"
"14/08/2026";"0000";"12,6";"13,3";"12,6";"96,0";"99,0";"96,0";"11,9";"13,1";"11,9";"922,4";"922,5";"922,0";"3,1";"114,0";"6,6";"";"0,0"
"14/08/2026";"0100";"12,0";"12,5";"12,0";"96,0";"97,0";"95,0";"11,3";"11,8";"11,3";"922,7";"922,7";"922,4";"3,9";"107,0";"6,7";"";"0,0"
"14/08/2026";"0200";"11,7";"12,0";"11,7";"95,0";"96,0";"94,0";"10,9";"11,3";"10,8";"923,0";"923,0";"922,7";"3,6";"104,0";"7,1";"";"0,0"
"14/08/2026";"0300";"11,2";"11,7";"11,2";"95,0";"96,0";"94,0";"10,5";"10,9";"10,5";"922,5";"922,9";"922,5";"3,3";"93,0";"7,3";"";"0,0"
"14/08/2026";"0400";"11,3";"11,3";"11,1";"95,0";"97,0";"95,0";"10,6";"10,7";"10,5";"922,5";"922,6";"922,5";"3,1";"97,0";"7,1";"";"0,0"
"14/08/2026";"0500";"";"";"";"";"";"";"";"";"";"";"";"";"";"";"";"";""
"14/08/2026";"0600";"11,4";"11,4";"11,3";"95,0";"96,0";"95,0";"10,7";"10,8";"10,6";"922,1";"922,5";"922,1";"3,3";"100,0";"6,1";"";"0,0"
"14/08/2026";"0700";"11,4";"11,5";"11,4";"96,0";"96,0";"95,0";"10,8";"10,8";"10,7";"921,8";"922,1";"921,8";"3,0";"88,0";"7,3";"";"0,0"
"14/08/2026";"0800";"11,2";"11,4";"11,2";"96,0";"96,0";"95,0";"10,5";"10,8";"10,5";"921,9";"921,9";"921,6";"3,6";"99,0";"7,6";"";"0,0"
"14/08/2026";"0900";"11,1";"11,2";"11,0";"95,0";"97,0";"95,0";"10,4";"10,6";"10,4";"922,0";"922,0";"921,9";"3,8";"99,0";"6,6";"";"0,0"
"14/08/2026";"1000";"11,4";"11,4";"11,1";"94,0";"95,0";"94,0";"10,5";"10,5";"10,4";"922,7";"922,7";"922,0";"3,7";"102,0";"6,8";"0,50";"0,0"
"14/08/2026";"1100";"11,6";"11,6";"11,3";"93,0";"94,0";"93,0";"10,5";"10,5";"10,3";"923,1";"923,1";"922,7";"4,3";"100,0";"6,9";"116,00";"0,0"
"14/08/2026";"1200";"12,4";"12,4";"11,6";"90,0";"93,0";"90,0";"10,8";"11,0";"10,4";"923,8";"923,8";"923,1";"4,1";"97,0";"7,8";"328,30";"0,0"
"14/08/2026";"1300";"13,1";"13,2";"12,3";"87,0";"91,0";"86,0";"11,0";"11,4";"10,6";"924,2";"924,2";"923,8";"4,4";"96,0";"8,3";"635,60";"0,0"
"14/08/2026";"1400";"14,3";"14,3";"13,1";"84,0";"89,0";"83,0";"11,7";"11,8";"11,1";"924,4";"924,5";"924,2";"3,9";"91,0";"8,3";"996,40";"0,0"
"14/08/2026";"1500";"16,1";"16,2";"14,3";"78,0";"85,0";"77,0";"12,3";"13,1";"11,5";"924,3";"924,4";"924,2";"2,5";"84,0";"6,9";"1462,20";"0,0"
"14/08/2026";"1600";"17,2";"17,2";"16,1";"79,0";"83,0";"76,0";"13,5";"13,5";"12,2";"923,7";"924,3";"923,6";"2,0";"82,0";"6,5";"1659,90";"0,0"
"14/08/2026";"1700";"16,1";"17,4";"16,1";"81,0";"83,0";"75,0";"13,0";"14,0";"12,8";"923,2";"923,7";"923,2";"1,9";"81,0";"5,4";"1012,00";"0,0"
"14/08/2026";"1800";"15,3";"16,1";"15,3";"85,0";"87,0";"80,0";"12,8";"13,4";"12,6";"923,0";"923,3";"923,0";"2,5";"93,0";"5,9";"323,10";"0,0"
"14/08/2026";"1900";"14,9";"15,3";"14,9";"86,0";"87,0";"84,0";"12,6";"13,0";"12,5";"922,5";"922,9";"922,5";"2,8";"91,0";"6,2";"263,20";"0,0"
"14/08/2026";"2000";"14,3";"14,9";"14,3";"87,0";"89,0";"86,0";"12,3";"12,7";"12,3";"922,0";"922,4";"922,0";"3,3";"88,0";"7,2";"182,40";"0,0"
"14/08/2026";"2100";"13,9";"14,4";"13,9";"88,0";"90,0";"87,0";"12,0";"12,4";"11,9";"922,1";"922,5";"921,9";"3,9";"104,0";"6,9";"57,50";"0,0"
"14/08/2026";"2200";"13,4";"13,8";"13,4";"91,0";"91,0";"88,0";"11,9";"12,0";"11,8";"922,9";"922,9";"922,0";"3,1";"94,0";"7,4";"0,20";"0,0"
"14/08/2026";"2300";"13,2";"13,4";"13,2";"90,0";"91,0";"89,0";"11,5";"12,0";"11,5";"922,9";"923,3";"922,6";"3,2";"112,0";"7,2";"";"0,0"
"15/08/2026";"0000";"13,0";"13,2";"13,0";"90,0";"90,0";"88,0";"11,4";"11,6";"11,3";"923,1";"923,6";"922,9";"2,7";"77,0";"8,4";"";"0,0"
"15/08/2026";"0100";"12,5";"13,0";"12,5";"97,0";"97,0";"90,0";"12,0";"12,0";"11,4";"923,3";"924,4";"923,2";"3,7";"91,0";"7,2";"";"0,4"
"15/08/2026";"0200";"12,0";"12,4";"12,0";"99,0";"99,0";"97,0";"11,9";"12,0";"11,9";"923,2";"923,7";"922,4";"2,5";"83,0";"6,9";"";"0,2"
"15/08/2026";"0300";"12,0";"12,0";"12,0";"100,0";"100,0";"99,0";"11,9";"11,9";"11,9";"922,7";"923,5";"922,6";"1,5";"73,0";"5,9";"";"0,2"
"15/08/2026";"0400";"11,8";"12,0";"11,8";"99,0";"100,0";"99,0";"11,7";"11,9";"11,7";"923,6";"923,6";"922,5";"1,7";"118,0";"4,8";"";"0,0"
"15/08/2026";"0500";"11,8";"11,9";"11,7";"99,0";"99,0";"99,0";"11,7";"11,8";"11,5";"923,3";"923,8";"923,3";"2,3";"85,0";"4,5";"";"0,0"
"15/08/2026";"0600";"11,6";"11,8";"11,6";"99,0";"100,0";"99,0";"11,5";"11,8";"11,5";"922,4";"923,3";"922,2";"4,4";"99,0";"6,7";"";"0,0"
"15/08/2026";"0700";"11,8";"11,8";"11,6";"99,0";"99,0";"99,0";"11,5";"11,6";"11,5";"923,1";"923,3";"922,5";"1,9";"96,0";"6,2";"";"0,0"
"15/08/2026";"0800";"11,8";"11,9";"11,8";"98,0";"99,0";"98,0";"11,5";"11,6";"11,5";"922,8";"923,1";"922,8";"3,1";"87,0";"6,1";"";"0,0"
"15/08/2026";"0900";"11,6";"11,8";"11,6";"99,0";"99,0";"98,0";"11,5";"11,5";"11,4";"923,1";"923,1";"922,6";"2,3";"78,0";"6,6";"";"0,0"
"15/08/2026";"1000";"11,7";"11,7";"11,7";"99,0";"99,0";"99,0";"11,6";"11,6";"11,5";"923,6";"923,6";"923,0";"3,0";"86,0";"7,3";"1,70";"0,0"
"15/08/2026";"1100";"12,0";"12,0";"11,7";"99,0";"99,0";"98,0";"11,8";"11,8";"11,6";"923,9";"923,9";"923,6";"3,2";"89,0";"6,2";"101,50";"0,2"
"15/08/2026";"1200";"13,5";"13,5";"12,0";"94,0";"99,0";"94,0";"12,5";"12,6";"11,8";"924,1";"924,1";"923,7";"3,5";"92,0";"7,2";"376,30";"0,0"
"15/08/2026";"1300";"16,1";"16,4";"13,5";"84,0";"95,0";"81,0";"13,5";"13,6";"12,4";"924,3";"924,4";"924,0";"2,3";"75,0";"6,9";"740,90";"0,0"
"15/08/2026";"1400";"18,1";"18,1";"16,1";"77,0";"84,0";"77,0";"14,1";"14,4";"13,0";"924,0";"924,4";"924,0";"1,9";"71,0";"6,6";"2100,30";"0,0"
"15/08/2026";"1500";"19,3";"19,6";"17,9";"74,0";"80,0";"72,0";"14,6";"15,5";"13,8";"923,4";"924,0";"923,4";"1,9";"77,0";"6,2";"2436,70";"0,0"
"15/08/2026";"1600";"21,3";"21,6";"19,4";"71,0";"79,0";"67,0";"16,0";"16,5";"14,5";"922,8";"923,4";"922,8";"1,5";"64,0";"6,3";"2286,60";"0,0"
"15/08/2026";"1700";"22,9";"23,0";"21,1";"60,0";"76,0";"60,0";"14,7";"17,1";"14,6";"921,9";"922,8";"921,8";"1,9";"7,0";"6,6";"2243,70";"0,0"
"15/08/2026";"1800";"21,9";"22,9";"21,6";"64,0";"67,0";"60,0";"14,9";"16,1";"14,3";"921,4";"921,8";"921,4";"2,2";"340,0";"6,8";"1772,60";"0,0"
"15/08/2026";"1900";"21,1";"22,8";"21,1";"68,0";"70,0";"62,0";"15,1";"15,7";"14,5";"921,1";"921,4";"921,1";"1,4";"346,0";"6,2";"1280,60";"0,0"
"15/08/2026";"2000";"19,5";"21,1";"19,5";"75,0";"76,0";"69,0";"14,9";"15,7";"14,8";"921,1";"921,2";"920,9";"1,1";"71,0";"6,5";"463,10";"0,0"
"15/08/2026";"2100";"17,8";"19,5";"17,8";"81,0";"81,0";"75,0";"14,5";"15,1";"14,3";"921,4";"921,6";"921,2";"1,2";"58,0";"6,0";"142,60";"0,0"
"15/08/2026";"2200";"16,5";"17,7";"16,5";"87,0";"88,0";"81,0";"14,3";"14,7";"14,3";"921,3";"921,4";"921,1";"1,0";"70,0";"5,6";"0,10";"0,0"
"15/08/2026";"2300";"16,1";"16,5";"16,1";"88,0";"88,0";"87,0";"14,1";"14,4";"14,1";"921,9";"921,9";"921,3";"0,9";"57,0";"4,0";"";"0,0"
"16/08/2026";"0000";"16,3";"16,3";"16,1";"88,0";"89,0";"87,0";"14,3";"14,3";"14,1";"922,4";"922,5";"921,9";"1,1";"53,0";"4,5";"";"0,0"
"16/08/2026";"0100";"16,3";"16,3";"16,1";"87,0";"89,0";"87,0";"14,1";"14,3";"14,1";"922,7";"922,7";"922,3";"1,4";"53,0";"4,8";"";"0,0"
"16/08/2026";"0200";"16,1";"16,3";"15,8";"88,0";"90,0";"87,0";"14,1";"14,3";"14,1";"922,7";"922,7";"922,0";"1,3";"51,0";"4,7";"";"0,0"
"16/08/2026";"0300";"16,2";"16,2";"16,0";"87,0";"88,0";"87,0";"14,0";"14,2";"14,0";"922,4";"922,7";"922,3";"1,4";"48,0";"4,4";"";"0,0"
"16/08/2026";"0400";"15,9";"16,2";"15,9";"89,0";"89,0";"86,0";"14,1";"14,2";"13,9";"922,1";"922,4";"921,7";"1,3";"60,0";"6,0";"";"0,0"
"16/08/2026";"0500";"15,4";"15,9";"15,4";"91,0";"92,0";"89,0";"14,0";"14,2";"13,9";"922,3";"922,5";"922,1";"0,9";"66,0";"4,0";"";"0,0"
"16/08/2026";"0600";"15,3";"15,5";"15,2";"92,0";"93,0";"90,0";"14,0";"14,1";"13,9";"921,7";"922,3";"921,6";"1,0";"52,0";"5,9";"";"0,0"
"16/08/2026";"0700";"15,7";"15,7";"15,2";"91,0";"93,0";"90,0";"14,2";"14,3";"13,9";"921,4";"921,8";"921,3";"1,2";"38,0";"6,0";"";"0,0"
"16/08/2026";"0800";"15,7";"15,8";"15,7";"91,0";"91,0";"90,0";"14,2";"14,3";"14,2";"921,0";"921,5";"921,0";"1,2";"61,0";"6,3";"";"0,0"
"16/08/2026";"0900";"15,4";"15,7";"15,4";"92,0";"93,0";"91,0";"14,1";"14,3";"14,1";"920,7";"921,0";"920,7";"1,2";"57,0";"7,8";"";"0,0"
"16/08/2026";"1000";"15,2";"15,4";"15,2";"93,0";"93,0";"92,0";"14,1";"14,2";"14,1";"920,4";"920,8";"920,4";"1,7";"45,0";"5,9";"0,40";"0,0"
"16/08/2026";"1100";"15,6";"15,6";"15,3";"91,0";"93,0";"91,0";"14,2";"14,3";"14,1";"920,9";"920,9";"920,3";"1,5";"31,0";"5,6";"87,00";"0,0"
"16/08/2026";"1200";"17,4";"17,4";"15,7";"84,0";"91,0";"84,0";"14,7";"15,0";"14,3";"921,3";"921,3";"920,9";"2,0";"40,0";"6,2";"305,80";"0,0"
"16/08/2026";"1300";"18,4";"18,8";"17,4";"81,0";"85,0";"78,0";"15,1";"15,3";"14,6";"921,7";"921,7";"921,2";"2,2";"15,0";"8,7";"643,70";"0,0"
"16/08/2026";"1400";"19,6";"19,6";"18,5";"76,0";"81,0";"75,0";"15,3";"15,5";"14,9";"921,2";"921,8";"921,2";"2,1";"25,0";"7,1";"1151,70";"0,0"
"16/08/2026";"1500";"21,9";"22,0";"19,6";"67,0";"77,0";"66,0";"15,5";"16,3";"15,2";"920,9";"921,2";"920,9";"2,4";"9,0";"7,9";"2241,90";"0,0"
"16/08/2026";"1600";"22,3";"22,7";"21,9";"69,0";"70,0";"65,0";"16,3";"16,6";"15,5";"920,2";"920,9";"920,2";"1,8";"6,0";"6,6";"1962,10";"0,0"
"16/08/2026";"1700";"23,4";"23,4";"21,4";"68,0";"73,0";"64,0";"17,2";"17,4";"15,6";"919,9";"920,2";"919,9";"1,8";"5,0";"6,0";"1371,30";"0,0"
"16/08/2026";"1800";"23,4";"23,8";"22,8";"64,0";"69,0";"62,0";"16,3";"17,3";"15,8";"919,5";"919,9";"919,5";"2,2";"352,0";"5,7";"1849,40";"0,0"
"16/08/2026";"1900";"23,3";"23,6";"23,2";"64,0";"66,0";"62,0";"16,0";"16,7";"15,7";"919,6";"919,6";"919,5";"1,6";"353,0";"6,3";"1445,20";"0,0"
"16/08/2026";"2000";"22,3";"23,3";"22,2";"67,0";"67,0";"62,0";"16,0";"16,7";"15,5";"919,5";"919,7";"919,5";"1,8";"23,0";"5,0";"831,90";"0,0"
"16/08/2026";"2100";"19,3";"22,3";"19,3";"79,0";"79,0";"66,0";"15,6";"16,2";"15,4";"919,3";"919,5";"919,3";"1,1";"45,0";"5,5";"186,80";"0,0"
"16/08/2026";"2200";"18,0";"19,3";"18,0";"83,0";"83,0";"79,0";"15,1";"15,7";"15,0";"919,6";"919,6";"919,3";"1,0";"72,0";"6,1";"0,50";"0,0"
"16/08/2026";"2300";"17,1";"18,0";"17,0";"86,0";"87,0";"83,0";"14,8";"15,2";"14,7";"920,0";"920,0";"919,5";"1,0";"61,0";"3,8";"";"0,0"
"17/08/2026";"0000";"16,8";"17,2";"16,8";"87,0";"87,0";"85,0";"14,7";"14,8";"14,6";"920,4";"920,4";"920,0";"0,9";"48,0";"5,4";"";"0,0"
"17/08/2026";"0100";"16,8";"16,9";"16,6";"88,0";"88,0";"87,0";"14,7";"14,8";"14,6";"920,7";"920,7";"920,4";"1,3";"58,0";"6,2";"";"0,0"
"17/08/2026";"0200";"16,4";"16,8";"16,3";"90,0";"91,0";"88,0";"14,8";"14,9";"14,7";"921,0";"921,0";"920,7";"0,8";"64,0";"4,5";"";"0,0"
"17/08/2026";"0300";"16,3";"16,6";"16,2";"92,0";"92,0";"90,0";"14,9";"15,0";"14,9";"921,3";"921,4";"921,0";"0,6";"96,0";"3,7";"";"0,0"
"17/08/2026";"0400";"16,0";"16,3";"16,0";"93,0";"94,0";"92,0";"14,9";"15,0";"14,9";"921,5";"921,5";"921,3";"0,7";"62,0";"2,6";"";"0,0"
"17/08/2026";"0500";"15,9";"16,0";"15,8";"95,0";"95,0";"93,0";"15,0";"15,1";"14,9";"921,5";"921,5";"921,4";"0,9";"48,0";"3,4";"";"0,0"
"17/08/2026";"0600";"15,8";"15,9";"15,8";"95,0";"95,0";"94,0";"15,0";"15,1";"15,0";"921,3";"921,5";"921,3";"0,8";"62,0";"3,0";"";"0,0"
"17/08/2026";"0700";"15,7";"15,8";"15,6";"96,0";"96,0";"95,0";"15,0";"15,0";"14,9";"920,9";"921,3";"920,9";"0,9";"70,0";"3,7";"";"0,0"
"17/08/2026";"0800";"15,5";"15,7";"15,5";"96,0";"96,0";"95,0";"14,9";"15,0";"14,8";"920,7";"920,9";"920,7";"0,8";"64,0";"3,0";"";"0,0"
"17/08/2026";"0900";"15,5";"15,5";"15,4";"95,0";"96,0";"95,0";"14,7";"14,9";"14,7";"920,7";"920,9";"920,7";"0,8";"77,0";"2,4";"";"0,0"
"17/08/2026";"1000";"15,4";"15,5";"15,3";"95,0";"96,0";"95,0";"14,6";"14,8";"14,6";"920,6";"920,7";"920,5";"1,0";"83,0";"2,8";"1,50";"0,0"
"17/08/2026";"1100";"16,2";"16,2";"15,4";"92,0";"96,0";"92,0";"14,9";"15,0";"14,6";"920,5";"920,6";"920,5";"1,9";"47,0";"5,6";"104,40";"0,0"
"17/08/2026";"1200";"17,8";"17,8";"16,2";"87,0";"92,0";"87,0";"15,6";"15,6";"14,9";"920,8";"920,8";"920,4";"1,7";"48,0";"6,7";"190,80";"0,0"
"17/08/2026";"1300";"20,8";"20,8";"17,9";"76,0";"87,0";"74,0";"16,3";"16,5";"15,5";"921,5";"921,5";"920,8";"1,2";"33,0";"3,9";"619,50";"0,0"
"17/08/2026";"1400";"23,6";"23,6";"20,8";"64,0";"77,0";"64,0";"16,4";"17,2";"16,1";"921,7";"921,8";"921,5";"1,6";"11,0";"4,7";"2070,10";"0,0"
"17/08/2026";"1500";"25,2";"25,5";"23,6";"61,0";"69,0";"58,0";"17,2";"18,1";"16,3";"921,7";"921,8";"921,6";"2,1";"352,0";"5,2";"2376,20";"0,0"
"17/08/2026";"1600";"26,4";"26,8";"24,8";"58,0";"63,0";"55,0";"17,5";"18,4";"16,2";"921,2";"921,8";"921,2";"1,4";"5,0";"6,2";"2030,00";"0,0"
"17/08/2026";"1700";"27,9";"28,0";"26,3";"50,0";"60,0";"47,0";"16,5";"18,4";"15,5";"919,9";"921,1";"919,9";"3,2";"334,0";"7,0";"2425,70";"0,0"
"17/08/2026";"1800";"28,1";"28,5";"27,7";"50,0";"53,0";"46,0";"16,8";"17,6";"15,4";"919,2";"919,9";"919,2";"4,6";"325,0";"8,7";"2152,70";"0,0"
"17/08/2026";"1900";"27,9";"28,2";"27,9";"46,0";"51,0";"45,0";"15,2";"17,1";"15,1";"918,8";"919,2";"918,8";"4,4";"323,0";"10,8";"1563,70";"0,0"
"17/08/2026";"2000";"26,9";"27,9";"26,9";"54,0";"56,0";"46,0";"16,8";"17,3";"15,1";"919,1";"919,2";"918,8";"2,4";"332,0";"7,8";"839,60";"0,0"
"17/08/2026";"2100";"24,7";"26,9";"24,7";"61,0";"62,0";"53,0";"16,7";"17,4";"16,4";"919,1";"919,1";"918,9";"2,1";"325,0";"4,7";"189,70";"0,0"
"17/08/2026";"2200";"22,4";"24,8";"22,3";"72,0";"73,0";"60,0";"17,1";"17,3";"16,6";"919,5";"919,5";"919,1";"0,6";"118,0";"3,4";"0,20";"0,0"
"17/08/2026";"2300";"22,6";"22,9";"22,2";"71,0";"72,0";"69,0";"17,1";"17,3";"16,8";"920,1";"920,1";"919,5";"0,4";"85,0";"1,4";"";"0,0"
"18/08/2026";"0000";"";"";"";"";"";"";"";"";"";"";"";"";"";"";"";"";""
"18/08/2026";"0100";"21,7";"21,9";"21,7";"79,0";"79,0";"77,0";"17,8";"17,8";"17,6";"920,9";"920,9";"920,5";"0,9";"37,0";"2,8";"";"0,0"
"18/08/2026";"0200";"20,8";"21,7";"20,8";"82,0";"83,0";"78,0";"17,7";"17,9";"17,6";"920,8";"920,9";"920,7";"1,0";"36,0";"4,6";"";"0,0"
"18/08/2026";"0300";"20,4";"20,7";"20,4";"83,0";"84,0";"83,0";"17,4";"17,7";"17,4";"920,6";"920,8";"920,6";"1,7";"30,0";"5,6";"";"0,0"
"18/08/2026";"0400";"20,2";"20,5";"20,2";"82,0";"83,0";"82,0";"17,2";"17,5";"17,1";"920,7";"920,7";"920,6";"1,6";"25,0";"5,0";"";"0,0"
"18/08/2026";"0500";"19,4";"20,0";"19,4";"85,0";"85,0";"82,0";"16,7";"16,9";"16,7";"920,4";"920,6";"920,3";"1,0";"35,0";"4,8";"";"0,0"
"18/08/2026";"0600";"19,4";"19,7";"19,3";"83,0";"84,0";"82,0";"16,4";"16,7";"16,4";"920,2";"920,4";"920,1";"1,0";"49,0";"4,1";"";"0,0"
"18/08/2026";"0700";"19,4";"19,5";"19,2";"82,0";"83,0";"81,0";"16,1";"16,4";"16,1";"920,1";"920,2";"920,0";"0,9";"352,0";"2,8";"";"0,0"
"18/08/2026";"0800";"19,2";"19,5";"19,2";"82,0";"82,0";"80,0";"16,0";"16,2";"16,0";"920,4";"920,4";"920,1";"0,8";"63,0";"4,0";"";"0,0"
"18/08/2026";"0900";"19,1";"19,4";"19,1";"82,0";"82,0";"81,0";"16,0";"16,1";"15,9";"920,5";"920,6";"920,4";"1,3";"2,0";"3,8";"";"0,0"
"18/08/2026";"1000";"19,2";"19,2";"18,9";"81,0";"83,0";"81,0";"15,8";"16,0";"15,8";"920,7";"920,7";"920,5";"1,9";"0,0";"4,2";"0,70";"0,0"
"18/08/2026";"1100";"20,2";"20,2";"19,2";"76,0";"81,0";"76,0";"15,8";"16,0";"15,7";"921,2";"921,2";"920,7";"1,5";"6,0";"5,0";"170,80";"0,0"
"18/08/2026";"1200";"20,8";"20,8";"20,1";"74,0";"78,0";"74,0";"15,9";"16,4";"15,8";"921,8";"921,8";"921,2";"1,8";"352,0";"4,2";"450,60";"0,0"
"18/08/2026";"1300";"23,4";"23,4";"20,8";"65,0";"75,0";"65,0";"16,5";"17,2";"15,7";"922,2";"922,2";"921,7";"1,1";"349,0";"6,5";"962,10";"0,0"
"18/08/2026";"1400";"26,0";"26,1";"23,5";"56,0";"66,0";"54,0";"16,6";"17,6";"15,8";"922,1";"922,2";"922,0";"3,0";"334,0";"7,1";"2055,30";"0,0"
"18/08/2026";"1500";"27,4";"27,4";"26,0";"53,0";"57,0";"48,0";"16,8";"17,1";"15,4";"921,7";"922,2";"921,7";"4,7";"332,0";"10,0";"2356,70";"0,0"
"18/08/2026";"1600";"28,6";"28,6";"27,2";"47,0";"53,0";"47,0";"16,2";"16,9";"15,4";"921,2";"921,6";"921,2";"4,8";"324,0";"12,2";"2137,10";"0,0"
"18/08/2026";"1700";"28,9";"28,9";"28,5";"48,0";"50,0";"42,0";"16,6";"17,1";"14,7";"920,7";"921,2";"920,7";"5,6";"316,0";"14,1";"2405,70";"0,0"
"18/08/2026";"1800";"27,9";"29,3";"27,9";"47,0";"48,0";"42,0";"15,5";"16,6";"14,8";"920,7";"920,7";"920,3";"5,3";"317,0";"12,6";"1935,70";"0,0"
"18/08/2026";"1900";"27,6";"28,4";"27,1";"49,0";"50,0";"45,0";"16,0";"16,3";"14,9";"920,7";"920,8";"920,6";"4,8";"321,0";"11,1";"1225,30";"0,0"
"18/08/2026";"2000";"26,6";"27,8";"26,4";"52,0";"54,0";"48,0";"15,9";"16,7";"15,3";"921,1";"921,2";"920,7";"3,6";"322,0";"7,1";"613,30";"0,0"
"18/08/2026";"2100";"24,8";"26,7";"24,8";"55,0";"57,0";"51,0";"15,1";"16,6";"15,0";"921,1";"921,1";"921,0";"3,6";"325,0";"7,8";"139,90";"0,0"
"18/08/2026";"2200";"23,7";"24,9";"23,7";"60,0";"60,0";"55,0";"15,3";"15,5";"15,0";"921,3";"921,3";"921,1";"1,8";"319,0";"6,2";"0,20";"0,0"
"18/08/2026";"2300";"23,3";"23,9";"23,3";"62,0";"62,0";"59,0";"15,7";"15,7";"15,1";"921,7";"921,8";"921,3";"1,8";"335,0";"3,3";"";"0,0"
"19/08/2026";"0000";"22,5";"23,4";"22,5";"67,0";"67,0";"62,0";"16,0";"16,1";"15,6";"921,9";"921,9";"921,7";"1,1";"302,0";"4,3";"";"0,0"
"19/08/2026";"0100";"21,7";"22,9";"21,7";"73,0";"73,0";"65,0";"16,6";"16,6";"15,7";"922,7";"922,7";"922,0";"1,9";"292,0";"5,4";"";"0,0"
"19/08/2026";"0200";"19,3";"21,7";"19,3";"80,0";"81,0";"73,0";"15,7";"16,8";"15,7";"923,1";"923,5";"922,7";"0,8";"316,0";"9,3";"0,30";"0,0"
"19/08/2026";"0300";"17,8";"19,3";"17,8";"85,0";"87,0";"78,0";"15,3";"15,8";"15,2";"922,5";"923,1";"922,5";"1,0";"12,0";"1,8";"";"0,0"
"19/08/2026";"0400";"17,2";"17,9";"17,2";"88,0";"88,0";"85,0";"15,2";"15,4";"15,2";"922,6";"923,0";"922,5";"0,2";"235,0";"2,2";"";"0,0"
"19/08/2026";"0500";"16,8";"17,2";"16,8";"91,0";"92,0";"88,0";"15,4";"15,5";"15,1";"922,6";"922,7";"922,4";"0,8";"346,0";"2,0";"";"0,0"
"19/08/2026";"0600";"16,5";"16,8";"16,5";"93,0";"94,0";"91,0";"15,4";"15,6";"15,3";"922,1";"922,6";"922,1";"0,5";"15,0";"1,8";"";"0,0"
"19/08/2026";"0700";"16,3";"16,6";"16,3";"95,0";"95,0";"93,0";"15,5";"15,6";"15,3";"922,0";"922,1";"921,9";"0,2";"82,0";"1,1";"";"0,0"
"19/08/2026";"0800";"16,9";"17,1";"16,3";"92,0";"95,0";"91,0";"15,6";"15,8";"15,3";"922,3";"922,3";"922,0";"0,7";"240,0";"1,5";"";"0,0"
"19/08/2026";"0900";"17,5";"17,7";"16,6";"97,0";"97,0";"92,0";"17,0";"17,1";"15,5";"923,0";"923,0";"922,3";"1,3";"220,0";"2,3";"";"0,0"
"19/08/2026";"1000";"16,9";"17,5";"16,9";"99,0";"100,0";"97,0";"16,7";"17,3";"16,7";"923,7";"923,7";"923,0";"0,6";"33,0";"2,1";"0,10";"0,0"
"19/08/2026";"1100";"16,4";"16,8";"15,9";"100,0";"100,0";"99,0";"16,3";"16,6";"15,7";"924,5";"924,6";"923,6";"0,7";"45,0";"2,9";"49,20";"0,0"
"19/08/2026";"1200";"17,4";"17,4";"16,2";"94,0";"100,0";"93,0";"16,4";"16,6";"16,1";"924,7";"924,7";"924,4";"2,0";"103,0";"3,1";"410,90";"0,0"
"19/08/2026";"1300";"18,6";"18,6";"17,4";"92,0";"95,0";"92,0";"17,3";"17,5";"16,4";"924,9";"925,0";"924,5";"0,4";"36,0";"3,5";"486,40";"0,0"
"19/08/2026";"1400";"18,9";"18,9";"18,2";"89,0";"93,0";"89,0";"17,1";"17,4";"17,0";"924,9";"925,0";"924,8";"0,6";"71,0";"3,7";"593,80";"0,0"
"19/08/2026";"1500";"18,8";"19,1";"18,7";"92,0";"92,0";"89,0";"17,4";"17,5";"17,0";"924,5";"924,9";"924,5";"1,5";"102,0";"3,7";"587,50";"0,0"
"19/08/2026";"1600";"19,6";"19,6";"18,7";"87,0";"93,0";"87,0";"17,3";"18,0";"17,2";"923,9";"924,4";"923,6";"1,0";"107,0";"5,4";"774,50";"0,0"
"19/08/2026";"1700";"20,0";"20,6";"19,6";"86,0";"88,0";"83,0";"17,5";"18,4";"17,1";"923,4";"923,9";"923,4";"1,3";"97,0";"2,5";"848,50";"0,0"
"19/08/2026";"1800";"18,6";"20,1";"18,6";"97,0";"97,0";"87,0";"18,1";"18,4";"17,7";"923,9";"923,9";"923,2";"1,2";"326,0";"2,8";"246,30";"0,4"
"19/08/2026";"1900";"17,6";"18,6";"17,6";"98,0";"99,0";"95,0";"17,3";"18,2";"17,0";"923,7";"924,2";"923,6";"1,0";"352,0";"4,7";"34,80";"13,9"
"19/08/2026";"2000";"17,6";"";"";"98,0";"";"";"17,3";"";"";"923,7";"";"";"1,9";"129,0";"3,0";"";"0,4"
"19/08/2026";"2100";"17,6";"";"";"98,0";"";"";"17,3";"";"";"923,7";"";"";"3,1";"112,0";"5,5";"";"0,0"
"19/08/2026";"2200";"17,6";"";"";"98,0";"";"";"17,3";"";"";"923,7";"";"";"2,6";"96,0";"5,4";"";"0,0"
"19/08/2026";"2300";"17,6";"";"";"98,0";"";"";"17,3";"";"";"923,7";"";"";"3,1";"93,0";"6,0";"";"0,0"
"20/08/2026";"0000";"17,6";"";"";"98,0";"";"";"17,3";"";"";"923,7";"";"";"2,3";"92,0";"6,0";"";"0,0"
"20/08/2026";"0100";"16,5";"16,5";"16,4";"100,0";"100,0";"100,0";"16,4";"16,5";"16,3";"922,8";"923,0";"922,8";"3,0";"96,0";"5,2";"";"0,0"
"20/08/2026";"0200";"16,3";"16,5";"16,3";"100,0";"100,0";"100,0";"16,3";"16,5";"16,3";"922,3";"922,8";"922,3";"3,3";"101,0";"6,2";"";"0,0"
"20/08/2026";"0300";"16,2";"16,3";"16,2";"100,0";"100,0";"100,0";"16,1";"16,3";"16,1";"921,9";"922,3";"921,9";"3,9";"98,0";"5,5";"";"0,0"
"20/08/2026";"0400";"15,7";"16,2";"15,7";"99,0";"100,0";"99,0";"15,6";"16,1";"15,6";"921,1";"921,8";"921,0";"3,6";"96,0";"6,0";"";"0,0"
"20/08/2026";"0500";"15,8";"15,8";"15,7";"99,0";"100,0";"99,0";"15,7";"15,7";"15,5";"920,3";"921,0";"920,3";"3,0";"92,0";"6,0";"";"0,0"
"20/08/2026";"0600";"15,9";"16,0";"15,7";"98,0";"99,0";"98,0";"15,7";"15,8";"15,6";"919,4";"920,3";"919,4";"2,7";"90,0";"5,5";"";"0,0"
"20/08/2026";"0700";"16,2";"16,2";"15,9";"99,0";"99,0";"99,0";"16,0";"16,0";"15,7";"918,5";"919,5";"918,5";"1,6";"85,0";"5,3";"";"0,2"
"20/08/2026";"0800";"16,7";"16,7";"16,2";"97,0";"99,0";"97,0";"16,1";"16,2";"16,0";"918,0";"918,5";"918,0";"1,1";"71,0";"3,6";"";"0,0"
"20/08/2026";"0900";"16,5";"16,7";"16,5";"96,0";"98,0";"94,0";"15,8";"16,2";"15,6";"918,0";"918,2";"918,0";"0,9";"59,0";"3,6";"";"0,0"
"20/08/2026";"1000";"16,4";"16,5";"16,3";"95,0";"96,0";"94,0";"15,6";"15,8";"15,3";"917,9";"918,1";"917,8";"1,0";"66,0";"6,1";"1,00";"0,0"
"20/08/2026";"1100";"16,9";"17,0";"16,4";"92,0";"94,0";"90,0";"15,6";"15,6";"15,2";"918,6";"918,6";"917,9";"1,8";"353,0";"7,0";"61,40";"0,0"
"20/08/2026";"1200";"17,5";"17,6";"16,8";"89,0";"92,0";"88,0";"15,8";"15,8";"15,4";"918,6";"918,7";"918,2";"3,3";"327,0";"7,6";"276,00";"0,0"
"20/08/2026";"1300";"18,6";"18,7";"17,6";"86,0";"89,0";"84,0";"16,3";"16,4";"15,5";"918,6";"918,7";"918,3";"4,0";"324,0";"8,3";"715,30";"0,0"
"20/08/2026";"1400";"18,4";"19,5";"18,4";"86,0";"87,0";"81,0";"16,0";"16,9";"15,8";"918,5";"918,6";"918,2";"3,6";"329,0";"7,9";"759,30";"0,0"
"20/08/2026";"1500";"17,9";"18,5";"17,4";"90,0";"93,0";"84,0";"16,2";"16,3";"15,7";"917,7";"918,6";"917,7";"2,6";"346,0";"7,3";"195,30";"0,4"
"20/08/2026";"1600";"17,7";"18,3";"17,7";"94,0";"94,0";"87,0";"16,7";"16,7";"16,0";"916,7";"917,7";"916,3";"2,7";"320,0";"5,7";"262,00";"2,8"
"20/08/2026";"1700";"16,7";"17,6";"16,1";"96,0";"99,0";"95,0";"16,1";"16,9";"15,6";"915,2";"916,9";"915,2";"4,6";"323,0";"12,1";"474,30";"11,9"
"20/08/2026";"1800";"17,5";"17,6";"16,6";"96,0";"97,0";"93,0";"16,9";"16,9";"15,7";"914,7";"915,2";"914,6";"3,2";"333,0";"8,4";"687,20";"0,0"
"20/08/2026";"1900";"17,3";"17,5";"17,3";"94,0";"97,0";"94,0";"16,4";"16,9";"16,4";"914,4";"914,8";"914,4";"3,8";"325,0";"9,2";"110,20";"0,0"
"20/08/2026";"2000";"15,7";"17,4";"15,7";"98,0";"98,0";"94,0";"15,4";"16,5";"15,2";"914,5";"914,6";"914,3";"4,1";"295,0";"10,8";"77,10";"1,2"
"20/08/2026";"2100";"13,9";"15,7";"13,9";"96,0";"98,0";"96,0";"13,2";"15,3";"13,2";"914,9";"914,9";"914,4";"4,7";"299,0";"9,2";"23,60";"0,0"
"20/08/2026";"2200";"13,6";"13,9";"13,6";"95,0";"96,0";"94,0";"12,8";"13,3";"12,7";"915,6";"915,6";"914,9";"4,5";"298,0";"9,8";"0,40";"0,0"
"20/08/2026";"2300";"13,2";"13,6";"13,1";"90,0";"95,0";"88,0";"11,6";"12,8";"11,3";"916,6";"916,7";"915,6";"5,0";"316,0";"9,8";"";"0,0"
"21/08/2026";"0000";"12,1";"13,2";"12,1";"87,0";"90,0";"87,0";"10,1";"11,5";"10,1";"916,7";"916,8";"916,5";"5,5";"320,0";"12,2";"";"0,0"
"21/08/2026";"0100";"11,7";"12,1";"11,7";"93,0";"93,0";"87,0";"10,5";"10,5";"9,9";"916,6";"916,8";"916,5";"6,6";"320,0";"10,9";"0,10";"0,0"
"21/08/2026";"0200";"9,9";"11,6";"9,9";"97,0";"98,0";"93,0";"9,4";"10,6";"9,4";"917,1";"917,3";"916,6";"5,9";"312,0";"12,9";"2,20";"0,4"
"21/08/2026";"0300";"9,5";"9,9";"9,5";"93,0";"97,0";"93,0";"8,5";"9,4";"8,4";"917,3";"917,5";"917,1";"5,7";"309,0";"11,7";"";"0,0"
"21/08/2026";"0400";"8,2";"9,5";"8,2";"88,0";"96,0";"87,0";"6,2";"8,6";"6,2";"917,5";"917,6";"917,3";"7,1";"304,0";"13,6";"0,20";"0,0"
"21/08/2026";"0500";"7,7";"8,1";"7,7";"92,0";"92,0";"88,0";"6,4";"6,5";"6,2";"917,6";"917,6";"917,4";"4,5";"316,0";"11,7";"";"0,0"
"21/08/2026";"0600";"7,1";"7,7";"7,1";"98,0";"99,0";"90,0";"6,8";"6,9";"6,2";"917,3";"917,6";"917,2";"3,9";"307,0";"9,3";"";"0,2"
"21/08/2026";"0700";"7,2";"7,2";"7,1";"100,0";"100,0";"98,0";"7,2";"7,2";"6,8";"917,3";"917,3";"917,0";"3,7";"303,0";"8,8";"";"0,4"
"21/08/2026";"0800";"7,5";"7,6";"7,2";"99,0";"100,0";"98,0";"7,3";"7,4";"7,2";"917,4";"917,4";"917,2";"4,0";"302,0";"9,2";"";"0,2"
"21/08/2026";"0900";"7,5";"7,5";"7,4";"100,0";"100,0";"99,0";"7,5";"7,5";"7,3";"917,6";"917,6";"917,3";"4,0";"304,0";"8,4";"";"0,6"
"21/08/2026";"1000";"7,6";"7,6";"7,5";"100,0";"100,0";"100,0";"7,6";"7,6";"7,5";"918,6";"918,6";"917,6";"4,1";"300,0";"9,1";"1,60";"0,4"
"21/08/2026";"1100";"7,8";"7,8";"7,6";"100,0";"100,0";"100,0";"7,8";"7,8";"7,6";"919,0";"919,1";"918,6";"3,5";"301,0";"7,8";"105,20";"0,4"
"21/08/2026";"1200";"8,4";"8,4";"7,8";"97,0";"100,0";"97,0";"8,0";"8,1";"7,8";"919,8";"919,8";"919,1";"3,8";"291,0";"7,8";"412,80";"0,0"
"21/08/2026";"1300";"9,0";"9,4";"8,3";"83,0";"97,0";"83,0";"6,2";"7,9";"6,2";"920,4";"920,4";"919,8";"3,4";"279,0";"8,3";"924,00";"0,0"
"21/08/2026";"1400";"9,9";"10,4";"9,1";"77,0";"87,0";"73,0";"6,1";"7,4";"5,4";"920,7";"920,7";"920,3";"3,3";"283,0";"8,5";"1263,70";"0,0"
"21/08/2026";"1500";"12,4";"12,4";"9,7";"65,0";"79,0";"63,0";"6,0";"7,6";"5,3";"920,5";"920,7";"920,3";"3,6";"296,0";"8,3";"2380,70";"0,0"
"21/08/2026";"1600";"13,4";"13,9";"11,8";"61,0";"72,0";"56,0";"6,2";"7,1";"4,9";"920,6";"920,8";"920,5";"4,9";"287,0";"9,0";"2545,50";"0,0"
"21/08/2026";"1700";"14,3";"14,4";"13,2";"58,0";"64,0";"54,0";"6,2";"7,3";"4,6";"920,5";"920,6";"920,3";"4,0";"302,0";"9,8";"2839,30";"0,0"
"21/08/2026";"1800";"13,8";"14,4";"12,8";"55,0";"58,0";"51,0";"5,0";"6,1";"3,7";"920,4";"920,5";"920,3";"3,9";"291,0";"8,0";"1987,90";"0,0"
"21/08/2026";"1900";"13,8";"14,1";"13,3";"57,0";"60,0";"51,0";"5,6";"6,1";"4,0";"920,8";"920,8";"920,4";"3,2";"297,0";"8,8";"1865,00";"0,0"
"21/08/2026";"2000";"11,4";"13,9";"11,4";"69,0";"70,0";"56,0";"5,9";"6,2";"4,9";"921,7";"921,7";"920,8";"2,1";"272,0";"7,5";"298,70";"0,0"
"21/08/2026";"2100";"10,6";"11,4";"10,6";"74,0";"74,0";"66,0";"6,1";"6,3";"5,2";"922,2";"922,3";"921,7";"2,1";"282,0";"6,7";"97,70";"0,0"
"21/08/2026";"2200";"9,4";"10,6";"9,4";"80,0";"80,0";"73,0";"6,1";"6,3";"6,0";"922,6";"922,6";"922,3";"2,4";"288,0";"5,8";"0,90";"0,0"
"21/08/2026";"2300";"8,5";"9,4";"8,5";"86,0";"86,0";"80,0";"6,2";"6,3";"6,1";"923,0";"923,0";"922,6";"0,8";"245,0";"4,8";"";"0,0"
"22/08/2026";"0000";"7,8";"8,5";"7,8";"92,0";"92,0";"86,0";"6,6";"6,6";"6,2";"923,4";"923,4";"923,0";"1,0";"261,0";"2,7";"";"0,0"
"22/08/2026";"0100";"7,1";"7,7";"7,1";"94,0";"94,0";"93,0";"6,2";"6,8";"6,1";"923,5";"923,5";"923,4";"1,1";"268,0";"3,0";"";"0,0"
"22/08/2026";"0200";"6,5";"7,1";"6,5";"90,0";"94,0";"88,0";"4,9";"6,2";"4,9";"923,7";"923,7";"923,5";"1,1";"272,0";"4,1";"";"0,0"
"22/08/2026";"0300";"6,1";"6,5";"6,1";"92,0";"92,0";"89,0";"5,0";"5,0";"4,8";"923,5";"923,7";"923,5";"1,1";"273,0";"3,4";"";"0,0"
"22/08/2026";"0400";"6,4";"6,4";"5,9";"93,0";"95,0";"92,0";"5,4";"5,4";"5,0";"923,4";"923,6";"923,4";"1,7";"292,0";"3,4";"";"0,0"
"22/08/2026";"0500";"6,3";"6,4";"6,3";"95,0";"96,0";"93,0";"5,5";"5,7";"5,4";"923,4";"923,5";"923,3";"1,3";"276,0";"3,9";"";"0,0"
"22/08/2026";"0600";"5,6";"6,3";"5,6";"95,0";"95,0";"94,0";"4,8";"5,6";"4,8";"923,0";"923,4";"923,0";"2,7";"305,0";"5,2";"";"0,0"
"22/08/2026";"0700";"4,9";"5,6";"4,9";"94,0";"95,0";"92,0";"4,0";"4,8";"3,9";"922,9";"923,0";"922,8";"2,4";"292,0";"5,0";"";"0,0"
"22/08/2026";"0800";"4,3";"4,9";"4,3";"97,0";"97,0";"94,0";"3,8";"4,2";"3,8";"922,8";"922,9";"922,7";"1,5";"287,0";"4,7";"";"0,0"
"22/08/2026";"0900";"3,7";"4,3";"3,7";"97,0";"97,0";"96,0";"3,3";"3,8";"3,3";"923,0";"923,0";"922,7";"1,2";"290,0";"3,8";"";"0,0"
"22/08/2026";"1000";"3,2";"3,7";"3,2";"97,0";"98,0";"96,0";"2,8";"3,3";"2,7";"923,7";"923,7";"923,1";"0,9";"258,0";"3,5";"2,20";"0,0"
"22/08/2026";"1100";"4,5";"4,5";"3,2";"89,0";"97,0";"89,0";"2,9";"3,3";"2,8";"924,3";"924,3";"923,7";"1,5";"256,0";"4,2";"118,10";"0,0"
"22/08/2026";"1200";"5,2";"5,2";"4,5";"87,0";"90,0";"82,0";"3,3";"3,4";"2,4";"924,9";"924,9";"924,3";"2,4";"295,0";"5,4";"387,10";"0,0"
"22/08/2026";"1300";"6,7";"6,8";"5,3";"78,0";"87,0";"74,0";"3,1";"3,6";"1,8";"925,4";"925,4";"924,9";"2,8";"310,0";"5,7";"1211,20";"0,0"
"22/08/2026";"1400";"7,6";"8,2";"6,0";"72,0";"81,0";"68,0";"2,9";"3,7";"1,7";"925,4";"925,5";"925,4";"1,8";"279,0";"5,7";"2191,30";"0,0"
"22/08/2026";"1500";"8,5";"9,7";"7,5";"64,0";"74,0";"59,0";"2,0";"3,4";"1,4";"925,0";"925,3";"924,9";"2,8";"284,0";"8,9";"2634,10";"0,0"
"22/08/2026";"1600";"10,1";"10,5";"8,3";"58,0";"66,0";"52,0";"2,3";"3,4";"0,7";"924,1";"925,0";"924,1";"3,4";"309,0";"6,9";"2766,30";"0,0"
"22/08/2026";"1700";"11,6";"11,6";"10,3";"50,0";"62,0";"47,0";"1,4";"3,6";"0,4";"923,6";"924,2";"923,6";"2,8";"297,0";"7,8";"2817,30";"0,0"
"22/08/2026";"1800";"11,8";"12,1";"11,2";"44,0";"54,0";"41,0";"0,0";"2,5";"-0,8";"923,0";"923,6";"923,0";"4,0";"310,0";"7,4";"2458,90";"0,0"
"22/08/2026";"1900";"12,1";"12,2";"11,6";"43,0";"47,0";"37,0";"-0,3";"1,2";"-1,9";"923,1";"923,1";"922,9";"3,3";"297,0";"7,8";"1854,50";"0,0"
"22/08/2026";"2000";"11,7";"12,3";"11,6";"45,0";"50,0";"40,0";"0,2";"1,8";"-1,2";"923,2";"923,2";"923,0";"2,0";"281,0";"6,1";"1070,90";"0,0"
"22/08/2026";"2100";"9,2";"11,7";"9,2";"56,0";"56,0";"45,0";"0,9";"1,7";"0,0";"923,2";"923,3";"923,1";"0,7";"259,0";"5,3";"229,00";"0,0"
"22/08/2026";"2200";"7,2";"9,1";"6,9";"64,0";"69,0";"56,0";"0,9";"2,0";"0,6";"923,3";"923,3";"923,1";"1,1";"216,0";"2,3";"0,50";"0,0"
"22/08/2026";"2300";"6,3";"7,2";"6,1";"72,0";"73,0";"64,0";"1,5";"1,8";"0,7";"923,7";"923,7";"923,2";"0,8";"285,0";"2,4";"";"0,0"
"23/08/2026";"0000";"5,7";"6,2";"5,3";"76,0";"79,0";"71,0";"1,8";"2,3";"1,1";"924,1";"924,1";"923,7";"1,3";"305,0";"2,5";"";"0,0"
"23/08/2026";"0100";"5,8";"6,1";"5,4";"76,0";"79,0";"75,0";"2,0";"2,3";"1,8";"924,3";"924,4";"924,2";"1,8";"303,0";"3,5";"";"0,0"
"23/08/2026";"0200";"5,2";"6,0";"4,8";"79,0";"83,0";"76,0";"1,9";"2,3";"1,9";"924,2";"924,4";"924,2";"1,6";"280,0";"3,3";"";"0,0"
"23/08/2026";"0300";"4,9";"5,2";"4,9";"83,0";"83,0";"79,0";"2,2";"2,2";"1,7";"923,8";"924,2";"923,8";"1,4";"262,0";"3,0";"";"0,0"
"23/08/2026";"0400";"4,0";"4,9";"4,0";"88,0";"88,0";"83,0";"2,2";"2,3";"2,1";"924,0";"924,0";"923,8";"0,9";"280,0";"2,5";"";"0,0"
"23/08/2026";"0500";"3,6";"3,9";"3,5";"91,0";"93,0";"88,0";"2,2";"2,5";"2,0";"923,7";"924,1";"923,7";"0,9";"258,0";"1,9";"";"0,0"
"23/08/2026";"0600";"2,7";"3,5";"2,6";"99,0";"99,0";"91,0";"2,5";"2,6";"1,8";"923,4";"923,7";"923,4";"0,7";"279,0";"1,3";"";"0,0"
"23/08/2026";"0700";"1,9";"2,6";"1,5";"100,0";"100,0";"98,0";"1,9";"2,4";"1,4";"923,4";"923,4";"923,2";"0,8";"253,0";"1,4";"";"0,0"
"23/08/2026";"0800";"1,4";"2,3";"1,3";"100,0";"100,0";"99,0";"1,4";"2,3";"1,2";"923,5";"923,6";"923,3";"0,9";"273,0";"1,5";"";"0,0"
"23/08/2026";"0900";"-0,5";"0,3";"-0,5";"100,0";"100,0";"100,0";"-0,5";"0,3";"-0,5";"924,0";"924,0";"923,7";"0,5";"301,0";"1,4";"";"0,0"
"23/08/2026";"1000";"-1,0";"-0,6";"-1,1";"100,0";"100,0";"100,0";"-1,0";"-0,6";"-1,1";"924,4";"924,4";"924,0";"0,4";"97,0";"0,9";"5,10";"0,0"
"23/08/2026";"1100";"0,2";"0,2";"-1,0";"100,0";"100,0";"100,0";"0,2";"0,2";"-1,1";"924,8";"924,8";"924,2";"0,7";"289,0";"1,5";"75,00";"0,0"
"23/08/2026";"1200";"2,7";"2,8";"0,2";"96,0";"100,0";"95,0";"2,1";"2,3";"0,2";"925,4";"925,4";"924,8";"0,8";"303,0";"2,3";"169,50";"0,0"
"23/08/2026";"1300";"6,2";"6,2";"2,8";"72,0";"96,0";"65,0";"1,6";"2,5";"0,0";"925,7";"925,7";"925,4";"2,4";"204,0";"5,3";"1468,00";"0,0"
"23/08/2026";"1400";"8,3";"8,3";"6,3";"66,0";"76,0";"57,0";"2,3";"3,2";"-1,0";"925,6";"925,8";"925,6";"1,6";"310,0";"4,5";"2542,10";"0,0"
"23/08/2026";"1500";"10,1";"10,1";"7,8";"53,0";"70,0";"51,0";"1,0";"3,5";"0,1";"925,5";"925,7";"925,5";"2,1";"277,0";"5,2";"2898,20";"0,0"
"23/08/2026";"1600";"11,0";"11,5";"9,6";"48,0";"62,0";"48,0";"0,5";"3,2";"0,3";"925,1";"925,5";"925,1";"3,4";"300,0";"5,8";"2999,50";"0,0"
"23/08/2026";"1700";"12,0";"12,4";"10,9";"39,0";"55,0";"37,0";"-1,7";"2,6";"-2,1";"924,6";"925,1";"924,6";"1,9";"268,0";"6,3";"2825,10";"0,0"
"23/08/2026";"1800";"12,6";"12,8";"11,7";"39,0";"45,0";"33,0";"-0,8";"0,1";"-3,5";"924,4";"924,6";"924,3";"3,2";"295,0";"6,9";"2474,20";"0,0"
"23/08/2026";"1900";"12,7";"13,2";"12,2";"36,0";"40,0";"33,0";"-2,1";"-0,5";"-3,4";"924,4";"924,4";"924,3";"1,5";"252,0";"5,8";"1855,30";"0,0"
"23/08/2026";"2000";"12,4";"13,0";"12,4";"38,0";"43,0";"34,0";"-1,5";"0,4";"-2,6";"924,4";"924,5";"924,4";"2,0";"299,0";"4,5";"1074,40";"0,0"
"23/08/2026";"2100";"9,4";"12,5";"9,4";"56,0";"58,0";"38,0";"0,9";"1,5";"-1,7";"924,5";"924,6";"924,4";"1,1";"293,0";"3,7";"235,50";"0,0"
"23/08/2026";"2200";"8,0";"9,3";"7,4";"51,0";"63,0";"51,0";"-1,4";"2,1";"-1,4";"925,0";"925,0";"924,5";"1,3";"264,0";"2,9";"0,70";"0,0"
"23/08/2026";"2300";"7,1";"8,4";"7,1";"60,0";"60,0";"50,0";"0,0";"0,0";"-1,6";"925,7";"925,7";"925,0";"1,5";"231,0";"3,6";"";"0,0"
"24/08/2026";"0000";"6,4";"7,1";"6,4";"67,0";"68,0";"60,0";"0,8";"1,0";"-0,1";"926,1";"926,1";"925,7";"2,4";"209,0";"4,5";"";"0,0"
"24/08/2026";"0100";"5,7";"6,4";"5,7";"69,0";"69,0";"67,0";"0,4";"0,9";"0,2";"926,0";"926,3";"926,0";"2,1";"175,0";"4,9";"";"0,0"
"24/08/2026";"0200";"3,7";"5,7";"3,6";"79,0";"80,0";"68,0";"0,3";"0,5";"0,1";"925,7";"925,9";"925,7";"1,2";"135,0";"3,0";"";"0,0"
"24/08/2026";"0300";"2,4";"3,7";"2,4";"88,0";"88,0";"80,0";"0,5";"0,8";"0,2";"925,4";"925,7";"925,4";"1,1";"93,0";"2,0";"";"0,0"
"24/08/2026";"0400";"3,2";"3,4";"2,4";"82,0";"88,0";"80,0";"0,4";"1,1";"0,3";"925,4";"925,7";"925,4";"1,5";"118,0";"3,2";"";"0,0"
"24/08/2026";"0500";"2,0";"3,2";"1,9";"90,0";"90,0";"82,0";"0,5";"0,7";"0,1";"924,8";"925,5";"924,7";"1,6";"100,0";"2,4";"";"0,0"
"24/08/2026";"0600";"1,6";"2,2";"1,5";"91,0";"92,0";"87,0";"0,3";"0,6";"0,2";"924,6";"924,7";"924,5";"1,4";"125,0";"3,0";"";"0,0"
"24/08/2026";"0700";"1,4";"1,7";"1,4";"91,0";"92,0";"89,0";"0,1";"0,2";"0,0";"924,3";"924,6";"924,3";"1,8";"129,0";"3,3";"";"0,0"
"24/08/2026";"0800";"-0,2";"0,1";"-0,2";"95,0";"95,0";"94,0";"-0,9";"-0,7";"-0,9";"924,1";"924,1";"924,1";"1,6";"110,0";"2,3";"";"0,0"
"24/08/2026";"0900";"-1,3";"-0,2";"-1,3";"100,0";"100,0";"95,0";"-1,4";"-0,9";"-1,4";"924,9";"924,9";"924,1";"1,6";"91,0";"2,9";"";"0,0"
"24/08/2026";"1000";"-0,6";"-0,6";"-1,1";"100,0";"100,0";"100,0";"-0,6";"-0,6";"-1,1";"925,8";"925,8";"924,8";"1,8";"107,0";"3,4";"6,90";"0,0"
"24/08/2026";"1100";"0,2";"0,2";"-0,7";"100,0";"100,0";"100,0";"0,2";"0,2";"-0,7";"926,0";"926,0";"925,8";"2,4";"122,0";"3,3";"98,40";"0,0"
"24/08/2026";"1200";"2,8";"2,8";"0,2";"91,0";"100,0";"91,0";"1,5";"1,9";"0,2";"926,6";"926,7";"926,0";"0,8";"129,0";"2,9";"165,30";"0,0"
"24/08/2026";"1300";"7,0";"7,5";"3,0";"73,0";"92,0";"69,0";"2,5";"3,1";"1,2";"926,9";"927,0";"926,6";"1,4";"94,0";"2,7";"1345,20";"0,0"
"24/08/2026";"1400";"10,8";"10,8";"6,8";"49,0";"75,0";"46,0";"0,4";"3,5";"-0,4";"926,4";"926,9";"926,4";"1,3";"359,0";"3,2";"2516,50";"0,0"
"24/08/2026";"1500";"13,0";"13,0";"10,6";"48,0";"57,0";"42,0";"2,3";"3,4";"-0,1";"926,2";"926,4";"926,2";"1,0";"53,0";"3,2";"2886,90";"0,0"
"24/08/2026";"1600";"14,3";"14,6";"12,5";"42,0";"49,0";"37,0";"1,4";"3,0";"-0,8";"925,2";"926,2";"925,2";"0,6";"252,0";"3,5";"2896,30";"0,0"
"24/08/2026";"1700";"15,7";"15,9";"13,8";"33,0";"49,0";"33,0";"-0,5";"3,9";"-1,5";"924,2";"925,1";"924,2";"1,0";"303,0";"3,5";"2647,10";"0,0"
"24/08/2026";"1800";"16,0";"16,5";"15,1";"29,0";"40,0";"27,0";"-2,0";"1,7";"-2,6";"923,5";"924,2";"923,5";"1,4";"83,0";"3,2";"2127,90";"0,0"
"24/08/2026";"1900";"16,2";"16,4";"16,0";"30,0";"34,0";"29,0";"-1,2";"0,3";"-1,9";"923,3";"923,5";"923,3";"0,7";"140,0";"2,8";"2043,90";"0,0"
"24/08/2026";"2000";"16,2";"";"";"30,0";"";"";"-1,2";"";"";"923,3";"";"";"0,7";"297,0";"2,1";"";"0,0"
"24/08/2026";"2100";"16,2";"";"";"30,0";"";"";"-1,2";"";"";"923,3";"";"";"1,1";"184,0";"2,1";"";"0,0"
"24/08/2026";"2200";"16,2";"";"";"30,0";"";"";"-1,2";"";"";"923,3";"";"";"2,0";"176,0";"5,0";"";"0,0"
"24/08/2026";"2300";"16,2";"";"";"30,0";"";"";"-1,2";"";"";"923,3";"";"";"2,3";"137,0";"5,3";"";"0,0"
"25/08/2026";"0000";"16,2";"";"";"30,0";"";"";"-1,2";"";"";"923,3";"";"";"3,4";"105,0";"5,7";"";"0,0"
"25/08/2026";"0100";"7,3";"7,8";"7,3";"88,0";"88,0";"86,0";"5,4";"5,6";"5,4";"923,2";"923,5";"923,1";"3,3";"101,0";"5,8";"";"0,0"
"25/08/2026";"0200";"6,7";"7,3";"6,7";"91,0";"92,0";"88,0";"5,3";"5,5";"5,3";"923,1";"923,3";"923,0";"2,8";"101,0";"5,5";"";"0,0"
"25/08/2026";"0300";"5,9";"6,7";"5,9";"93,0";"93,0";"91,0";"4,9";"5,3";"4,8";"922,9";"923,1";"922,8";"3,9";"108,0";"5,7";"";"0,0"
"25/08/2026";"0400";"6,0";"6,1";"5,9";"92,0";"93,0";"92,0";"4,8";"5,0";"4,8";"922,3";"922,9";"922,3";"3,1";"109,0";"5,8";"";"0,0"
"25/08/2026";"0500";"5,6";"6,0";"5,5";"93,0";"94,0";"92,0";"4,5";"4,8";"4,5";"921,9";"922,3";"921,9";"2,4";"112,0";"4,8";"";"0,0"
"25/08/2026";"0600";"5,2";"5,6";"5,1";"96,0";"96,0";"92,0";"4,6";"4,6";"4,3";"921,5";"922,0";"921,5";"1,4";"96,0";"3,7";"";"0,0"
"25/08/2026";"0700";"6,6";"6,6";"5,2";"99,0";"99,0";"95,0";"6,4";"6,4";"4,6";"920,9";"921,5";"920,9";"0,8";"52,0";"2,8";"";"0,0"
"25/08/2026";"0800";"7,1";"8,2";"6,6";"93,0";"99,0";"93,0";"6,1";"7,8";"6,1";"920,9";"920,9";"920,4";"1,1";"93,0";"4,1";"0,10";"0,0"
"25/08/2026";"0900";"7,6";"8,5";"6,8";"94,0";"99,0";"94,0";"6,8";"8,3";"6,0";"921,5";"921,5";"920,7";"0,9";"152,0";"2,3";"";"0,0"
"25/08/2026";"1000";"8,3";"8,3";"7,5";"97,0";"97,0";"95,0";"7,8";"7,8";"6,8";"922,2";"922,2";"921,5";"1,0";"134,0";"2,4";"0,70";"0,0"
"25/08/2026";"1100";"8,4";"8,4";"8,2";"97,0";"97,0";"96,0";"7,9";"8,0";"7,7";"922,8";"922,9";"922,2";"2,7";"104,0";"4,0";"80,50";"0,0"
"25/08/2026";"1200";"9,3";"9,4";"8,4";"92,0";"97,0";"91,0";"8,0";"8,5";"7,9";"923,1";"923,1";"922,8";"2,9";"97,0";"5,3";"434,70";"0,0"
"25/08/2026";"1300";"12,2";"12,2";"9,2";"84,0";"93,0";"83,0";"9,6";"9,7";"7,9";"923,0";"923,1";"922,9";"1,2";"70,0";"5,3";"951,50";"0,0"
"25/08/2026";"1400";"14,0";"14,7";"12,2";"76,0";"85,0";"74,0";"9,8";"10,7";"9,4";"922,8";"923,2";"922,8";"2,1";"356,0";"5,3";"1906,40";"0,0"
"25/08/2026";"1500";"16,2";"16,4";"14,0";"69,0";"81,0";"68,0";"10,4";"11,4";"10,0";"921,8";"922,7";"921,8";"2,6";"343,0";"6,2";"2828,70";"0,0"
"25/08/2026";"1600";"17,8";"18,5";"16,1";"64,0";"72,0";"61,0";"10,9";"12,4";"10,2";"921,1";"921,9";"921,1";"2,2";"341,0";"5,1";"2920,50";"0,0"
"25/08/2026";"1700";"19,7";"20,0";"17,9";"55,0";"66,0";"52,0";"10,5";"12,3";"9,7";"920,4";"921,3";"920,4";"2,1";"329,0";"6,0";"2732,70";"0,0"
"25/08/2026";"1800";"20,7";"20,8";"19,7";"52,0";"59,0";"47,0";"10,3";"11,5";"8,9";"920,0";"920,5";"920,0";"2,4";"341,0";"5,2";"2318,00";"0,0"
"25/08/2026";"1900";"20,8";"21,0";"20,5";"47,0";"54,0";"45,0";"9,1";"10,9";"8,6";"919,2";"919,9";"919,1";"2,3";"332,0";"5,8";"1768,10";"0,0"
"25/08/2026";"2000";"20,6";"20,7";"20,4";"52,0";"52,0";"46,0";"10,4";"10,4";"8,5";"919,5";"919,6";"919,4";"1,4";"328,0";"4,4";"786,30";"0,0"
"25/08/2026";"2100";"17,6";"20,6";"17,6";"58,0";"62,0";"49,0";"9,4";"11,0";"9,2";"919,2";"919,5";"919,2";"1,2";"335,0";"3,1";"222,80";"0,0"
"25/08/2026";"2200";"16,7";"17,6";"16,7";"62,0";"63,0";"58,0";"9,4";"9,7";"9,1";"919,4";"919,4";"919,1";"1,3";"337,0";"2,7";"1,10";"0,0"
"25/08/2026";"2300";"14,8";"16,9";"14,8";"71,0";"71,0";"61,0";"9,7";"9,8";"9,3";"919,9";"919,9";"919,4";"0,8";"302,0";"3,4";"";"0,0"
"26/08/2026";"0000";"14,7";"15,2";"14,6";"77,0";"77,0";"70,0";"10,7";"10,7";"9,6";"920,4";"920,4";"919,9";"1,2";"347,0";"2,8";"";"0,0"
"26/08/2026";"0100";"13,0";"14,5";"13,0";"87,0";"87,0";"78,0";"10,8";"10,8";"10,6";"920,3";"920,5";"920,3";"0,6";"21,0";"2,6";"";"0,0"
"26/08/2026";"0200";"11,6";"12,9";"11,6";"93,0";"93,0";"87,0";"10,4";"10,8";"10,4";"920,4";"920,4";"920,3";"0,7";"42,0";"2,1";"";"0,0"
"26/08/2026";"0300";"11,1";"11,8";"11,1";"95,0";"96,0";"92,0";"10,4";"10,8";"10,3";"920,3";"920,6";"920,3";"0,5";"49,0";"3,5";"";"0,0"
"26/08/2026";"0400";"10,4";"11,1";"10,4";"97,0";"97,0";"96,0";"9,9";"10,5";"9,9";"920,1";"920,3";"920,0";"0,8";"52,0";"2,6";"";"0,0"
"26/08/2026";"0500";"10,3";"10,4";"10,1";"99,0";"99,0";"96,0";"10,1";"10,1";"9,7";"920,0";"920,1";"919,8";"1,2";"37,0";"4,9";"";"0,0"
"26/08/2026";"0600";"10,5";"10,6";"10,3";"99,0";"100,0";"99,0";"10,5";"10,5";"10,2";"919,4";"920,1";"919,4";"1,2";"78,0";"3,5";"";"0,0"
"26/08/2026";"0700";"10,5";"10,6";"10,5";"99,0";"100,0";"99,0";"10,3";"10,5";"10,3";"918,9";"919,4";"918,8";"0,7";"67,0";"2,8";"";"0,0"
"26/08/2026";"0800";"9,8";"10,5";"9,8";"99,0";"99,0";"99,0";"9,7";"10,3";"9,7";"918,7";"919,0";"918,5";"1,2";"86,0";"2,4";"";"0,0"
"26/08/2026";"0900";"9,7";"9,8";"9,7";"100,0";"100,0";"99,0";"9,7";"9,8";"9,7";"918,8";"918,8";"918,5";"1,7";"90,0";"4,0";"";"0,0"
"26/08/2026";"1000";"9,5";"9,7";"9,5";"100,0";"100,0";"100,0";"9,5";"9,7";"9,5";"919,2";"919,2";"918,8";"1,3";"82,0";"2,8";"4,20";"0,0"
"26/08/2026";"1100";"10,2";"10,2";"9,5";"100,0";"100,0";"100,0";"10,2";"10,2";"9,5";"919,5";"919,5";"919,1";"1,0";"70,0";"3,4";"133,40";"0,0"
"26/08/2026";"1200";"10,8";"10,8";"10,2";"100,0";"100,0";"99,0";"10,7";"10,8";"10,1";"920,5";"920,5";"919,5";"1,1";"73,0";"3,6";"451,20";"0,0"
"26/08/2026";"1300";"14,3";"14,3";"10,8";"84,0";"100,0";"84,0";"11,7";"12,0";"10,8";"920,4";"920,8";"920,4";"1,6";"19,0";"4,6";"1190,70";"0,0"
"26/08/2026";"1400";"17,2";"17,6";"14,5";"75,0";"86,0";"71,0";"12,7";"13,2";"11,5";"920,3";"920,6";"920,3";"1,5";"74,0";"4,9";"2380,40";"0,0"
"26/08/2026";"1500";"20,1";"20,1";"17,1";"64,0";"78,0";"64,0";"13,2";"14,0";"12,3";"919,7";"920,3";"919,7";"0,9";"51,0";"4,4";"2746,60";"0,0"
"26/08/2026";"1600";"21,4";"21,5";"19,8";"62,0";"70,0";"55,0";"13,8";"15,1";"12,0";"918,9";"919,7";"918,9";"1,6";"332,0";"4,4";"2845,80";"0,0"
"26/08/2026";"1700";"22,9";"23,0";"21,5";"49,0";"64,0";"47,0";"11,6";"14,7";"11,1";"917,9";"918,9";"917,9";"1,5";"344,0";"3,6";"2845,80";"0,0"
"26/08/2026";"1800";"23,3";"23,5";"22,6";"53,0";"55,0";"46,0";"13,2";"13,4";"10,7";"917,0";"917,9";"917,0";"1,5";"19,0";"3,8";"2845,80";"0,0"
"26/08/2026";"1900";"23,5";"24,0";"23,3";"47,0";"53,0";"45,0";"11,6";"13,5";"11,0";"916,3";"917,0";"916,3";"1,4";"356,0";"5,3";"2057,30";"0,0"
"26/08/2026";"2000";"22,3";"23,6";"22,3";"52,0";"53,0";"45,0";"11,9";"12,8";"11,0";"916,4";"916,4";"916,1";"2,1";"344,0";"5,1";"975,10";"0,0"
"26/08/2026";"2100";"19,3";"22,3";"19,3";"59,0";"60,0";"51,0";"11,0";"12,5";"10,8";"916,0";"916,5";"916,0";"1,0";"70,0";"5,1";"235,00";"0,0"
"26/08/2026";"2200";"17,8";"19,2";"17,8";"65,0";"65,0";"57,0";"11,1";"11,3";"10,5";"916,4";"916,4";"916,0";"0,7";"91,0";"4,0";"2,00";"0,0"
"26/08/2026";"2300";"16,1";"17,8";"16,1";"76,0";"76,0";"65,0";"11,9";"12,0";"11,1";"916,9";"916,9";"916,4";"0,5";"75,0";"2,2";"";"0,0"
"27/08/2026";"0000";"15,6";"16,2";"15,6";"81,0";"81,0";"76,0";"12,2";"12,4";"11,8";"917,6";"917,6";"916,9";"0,7";"16,0";"3,1";"";"0,0"
"27/08/2026";"0100";"14,8";"15,3";"14,8";"85,0";"86,0";"83,0";"12,3";"12,4";"12,2";"917,7";"917,7";"917,4";"1,0";"63,0";"3,5";"";"0,0"
"27/08/2026";"0200";"14,1";"14,8";"14,1";"89,0";"89,0";"85,0";"12,3";"12,4";"12,3";"918,0";"918,1";"917,7";"1,0";"54,0";"4,2";"";"0,0"
"27/08/2026";"0300";"13,2";"14,0";"13,2";"94,0";"94,0";"89,0";"12,3";"12,3";"12,2";"917,9";"918,1";"917,9";"0,7";"81,0";"3,8";"";"0,0"
"27/08/2026";"0400";"13,2";"13,4";"13,1";"95,0";"95,0";"93,0";"12,4";"12,4";"12,2";"917,7";"917,9";"917,6";"1,3";"94,0";"4,2";"";"0,0"
"27/08/2026";"0500";"13,3";"13,4";"13,2";"96,0";"96,0";"94,0";"12,6";"12,7";"12,4";"917,0";"917,7";"917,0";"0,8";"76,0";"2,9";"";"0,0"
"27/08/2026";"0600";"13,3";"13,5";"13,2";"96,0";"97,0";"95,0";"12,6";"12,8";"12,6";"916,4";"917,0";"916,4";"0,7";"88,0";"2,6";"";"0,0"
"27/08/2026";"0700";"13,6";"13,6";"13,2";"96,0";"97,0";"96,0";"13,0";"13,0";"12,5";"916,3";"916,5";"916,3";"1,0";"69,0";"3,7";"";"0,0"
"27/08/2026";"0800";"13,6";"13,6";"13,5";"97,0";"97,0";"96,0";"13,1";"13,2";"12,9";"916,3";"916,4";"916,2";"0,6";"55,0";"3,0";"";"0,0"
"27/08/2026";"0900";"13,4";"13,6";"13,4";"98,0";"98,0";"97,0";"13,1";"13,2";"13,0";"916,6";"916,6";"916,3";"0,7";"66,0";"4,2";"";"0,0"
"27/08/2026";"1000";"13,3";"13,5";"13,1";"99,0";"99,0";"98,0";"13,1";"13,1";"12,9";"917,0";"917,0";"916,6";"0,7";"51,0";"3,6";"8,30";"0,0"
"27/08/2026";"1100";"14,2";"14,2";"13,3";"97,0";"99,0";"97,0";"13,7";"13,7";"13,1";"917,1";"917,1";"917,0";"0,7";"45,0";"2,2";"155,70";"0,0"
"27/08/2026";"1200";"16,1";"16,1";"14,3";"88,0";"97,0";"88,0";"14,1";"14,4";"13,6";"917,7";"917,7";"917,1";"1,3";"38,0";"5,1";"397,20";"0,0"
"27/08/2026";"1300";"18,7";"18,7";"16,2";"76,0";"89,0";"76,0";"14,3";"15,0";"13,9";"917,5";"917,9";"917,5";"1,4";"27,0";"4,8";"1234,00";"0,0"
"27/08/2026";"1400";"20,8";"20,8";"18,7";"71,0";"78,0";"70,0";"15,4";"15,4";"14,1";"917,0";"917,4";"917,0";"1,8";"9,0";"5,4";"2329,00";"0,0"
"27/08/2026";"1500";"23,2";"23,2";"20,8";"61,0";"72,0";"61,0";"15,3";"16,0";"14,6";"915,9";"917,0";"915,9";"2,0";"339,0";"7,7";"2431,30";"0,0"
"27/08/2026";"1600";"24,6";"24,7";"23,1";"57,0";"64,0";"55,0";"15,6";"16,1";"14,4";"914,9";"915,9";"914,9";"2,1";"348,0";"7,2";"2587,00";"0,0"
"27/08/2026";"1700";"26,0";"26,0";"24,3";"52,0";"59,0";"52,0";"15,2";"16,9";"14,6";"913,8";"914,8";"913,8";"2,7";"329,0";"7,7";"2713,00";"0,0"
"27/08/2026";"1800";"25,6";"26,5";"25,3";"53,0";"57,0";"51,0";"15,3";"16,7";"14,7";"913,0";"913,8";"913,0";"3,9";"333,0";"9,0";"2152,30";"0,0"
"27/08/2026";"1900";"24,7";"25,7";"24,4";"58,0";"61,0";"53,0";"15,9";"16,6";"15,2";"912,4";"913,0";"912,4";"3,2";"337,0";"7,8";"1030,70";"0,0"
"27/08/2026";"2000";"24,7";"25,8";"24,3";"59,0";"60,0";"55,0";"16,3";"16,7";"15,6";"912,4";"912,4";"912,3";"2,1";"343,0";"6,1";"899,10";"0,0"
"27/08/2026";"2100";"23,0";"24,6";"23,0";"67,0";"67,0";"60,0";"16,5";"16,9";"16,1";"912,7";"912,7";"912,4";"1,9";"332,0";"4,3";"149,70";"0,0"
"27/08/2026";"2200";"21,6";"22,9";"21,2";"73,0";"74,0";"67,0";"16,5";"16,6";"16,3";"912,8";"912,8";"912,6";"1,3";"36,0";"5,3";"1,50";"0,0"
"27/08/2026";"2300";"20,8";"21,6";"20,8";"75,0";"75,0";"73,0";"16,2";"16,6";"16,2";"913,6";"913,6";"912,8";"2,0";"349,0";"5,8";"";"0,0"
"28/08/2026";"0000";"19,6";"20,8";"19,6";"79,0";"79,0";"75,0";"15,8";"16,2";"15,8";"913,7";"913,8";"913,6";"1,7";"348,0";"5,5";"";"0,0"
"28/08/2026";"0100";"19,1";"19,6";"19,1";"80,0";"80,0";"79,0";"15,6";"15,8";"15,6";"913,8";"914,0";"913,8";"2,2";"343,0";"6,6";"";"0,0"
"28/08/2026";"0200";"18,7";"19,1";"18,7";"82,0";"82,0";"80,0";"15,5";"15,6";"15,5";"913,7";"913,8";"913,6";"2,3";"3,0";"5,9";"";"0,0"
"28/08/2026";"0300";"19,0";"19,1";"18,7";"79,0";"82,0";"79,0";"15,4";"15,6";"15,4";"913,9";"913,9";"913,7";"3,4";"354,0";"8,7";"";"0,0"
"28/08/2026";"0400";"18,8";"19,1";"18,8";"80,0";"81,0";"79,0";"15,4";"15,5";"15,3";"913,5";"913,9";"913,5";"2,5";"353,0";"9,1";"";"0,0"
"28/08/2026";"0500";"18,9";"19,0";"18,7";"80,0";"81,0";"80,0";"15,4";"15,4";"15,3";"913,1";"913,5";"913,1";"2,7";"358,0";"8,7";"";"0,0"
"28/08/2026";"0600";"18,1";"19,0";"18,1";"84,0";"84,0";"80,0";"15,4";"15,4";"15,3";"912,9";"913,2";"912,9";"1,8";"11,0";"6,5";"";"0,0"
"28/08/2026";"0700";"18,0";"18,2";"17,9";"85,0";"85,0";"83,0";"15,4";"15,4";"15,3";"912,4";"913,1";"912,4";"1,9";"354,0";"6,6";"";"0,0"
"28/08/2026";"0800";"18,1";"18,2";"17,9";"84,0";"85,0";"84,0";"15,4";"15,4";"15,3";"911,4";"912,5";"911,4";"3,0";"357,0";"7,4";"";"0,0"
"28/08/2026";"0900";"18,4";"18,4";"18,0";"82,0";"85,0";"82,0";"15,4";"15,5";"15,3";"910,8";"911,4";"910,8";"3,3";"350,0";"8,3";"";"0,0"
"28/08/2026";"1000";"19,5";"19,5";"18,5";"78,0";"82,0";"78,0";"15,5";"15,5";"15,4";"910,8";"911,0";"910,7";"3,0";"342,0";"7,5";"3,70";"0,0"
"28/08/2026";"1100";"20,0";"20,0";"19,5";"76,0";"77,0";"75,0";"15,5";"15,6";"15,4";"911,1";"911,1";"910,7";"3,6";"332,0";"10,5";"119,50";"0,0"
"28/08/2026";"1200";"20,1";"20,1";"19,8";"78,0";"78,0";"75,0";"16,1";"16,1";"15,5";"910,7";"911,0";"910,5";"3,4";"322,0";"8,0";"297,00";"0,0"
"28/08/2026";"1300";"22,3";"22,3";"20,1";"69,0";"77,0";"69,0";"16,3";"16,5";"15,7";"910,2";"910,7";"910,1";"5,1";"324,0";"11,5";"298,70";"0,0"
"28/08/2026";"1400";"20,0";"22,4";"20,0";"89,0";"89,0";"69,0";"18,1";"18,1";"16,3";"910,9";"911,0";"909,8";"2,0";"258,0";"13,1";"264,50";"1,0"
"28/08/2026";"1500";"17,7";"19,9";"17,7";"96,0";"96,0";"86,0";"17,0";"17,9";"17,0";"911,2";"911,4";"910,8";"1,8";"237,0";"6,2";"346,70";"0,4"
"28/08/2026";"1600";"18,4";"18,5";"17,4";"90,0";"96,0";"89,0";"16,6";"17,3";"16,4";"911,2";"911,4";"911,1";"2,0";"218,0";"5,3";"1124,20";"0,2"
"28/08/2026";"1700";"18,3";"18,9";"18,0";"90,0";"92,0";"87,0";"16,6";"17,2";"16,5";"911,1";"911,3";"911,1";"1,9";"216,0";"5,3";"1432,30";"0,0"
"28/08/2026";"1800";"18,1";"18,7";"17,9";"89,0";"92,0";"86,0";"16,2";"16,9";"16,2";"910,4";"911,1";"910,1";"2,5";"205,0";"5,2";"1078,60";"0,0"
"28/08/2026";"1900";"17,6";"18,1";"17,6";"91,0";"91,0";"89,0";"16,1";"16,4";"16,1";"910,0";"910,4";"910,0";"2,8";"169,0";"5,4";"447,70";"0,0"
"28/08/2026";"2000";"17,6";"";"";"91,0";"";"";"16,1";"";"";"910,0";"";"";"3,6";"131,0";"7,1";"";"0,0"
"28/08/2026";"2100";"17,6";"";"";"91,0";"";"";"16,1";"";"";"910,0";"";"";"3,1";"116,0";"6,4";"";"0,0"
"28/08/2026";"2200";"17,6";"";"";"91,0";"";"";"16,1";"";"";"910,0";"";"";"3,4";"109,0";"6,1";"";"2,0"
"28/08/2026";"2300";"17,6";"";"";"91,0";"";"";"16,1";"";"";"910,0";"";"";"2,7";"52,0";"9,3";"";"8,3"
"29/08/2026";"0000";"17,6";"";"";"91,0";"";"";"16,1";"";"";"910,0";"";"";"0,8";"66,0";"3,8";"";"0,2"
"29/08/2026";"0100";"15,1";"15,1";"14,8";"100,0";"100,0";"100,0";"15,1";"15,1";"14,8";"912,5";"912,5";"912,1";"2,1";"100,0";"3,9";"";"0,0"
"29/08/2026";"0200";"15,2";"15,7";"15,1";"100,0";"100,0";"100,0";"15,2";"15,7";"15,1";"913,3";"913,6";"912,5";"1,5";"237,0";"4,0";"0,10";"0,0"
"29/08/2026";"0300";"15,1";"15,3";"15,1";"100,0";"100,0";"100,0";"15,1";"15,3";"15,1";"913,5";"914,0";"913,3";"1,2";"144,0";"4,5";"";"0,0"
"29/08/2026";"0400";"15,0";"15,3";"15,0";"100,0";"100,0";"100,0";"15,0";"15,2";"15,0";"913,9";"913,9";"913,4";"1,3";"126,0";"2,1";"";"0,0"
"29/08/2026";"0500";"14,9";"15,1";"14,8";"100,0";"100,0";"100,0";"14,9";"15,1";"14,8";"913,1";"914,0";"913,0";"1,9";"100,0";"4,0";"";"0,0"
"29/08/2026";"0600";"15,0";"15,1";"14,8";"100,0";"100,0";"100,0";"15,0";"15,1";"14,7";"913,5";"914,3";"911,9";"1,6";"131,0";"7,6";"";"1,0"
"29/08/2026";"0700";"15,1";"15,2";"14,8";"100,0";"100,0";"100,0";"15,1";"15,1";"14,8";"912,9";"913,5";"912,6";"1,5";"120,0";"2,9";"";"0,0"
"29/08/2026";"0800";"15,1";"15,2";"15,1";"100,0";"100,0";"100,0";"15,0";"15,2";"15,0";"912,5";"913,0";"912,3";"2,3";"132,0";"4,8";"0,10";"0,2"
"29/08/2026";"0900";"14,9";"15,1";"14,8";"100,0";"100,0";"100,0";"14,8";"15,1";"14,8";"912,1";"912,8";"911,3";"3,0";"114,0";"6,4";"0,10";"1,8"
"29/08/2026";"1000";"15,0";"15,0";"14,9";"100,0";"100,0";"100,0";"15,0";"15,0";"14,9";"914,1";"914,3";"911,9";"2,0";"268,0";"6,1";"0,20";"14,1"
"29/08/2026";"1100";"14,9";"15,0";"14,9";"100,0";"100,0";"100,0";"14,8";"15,0";"14,8";"913,8";"914,1";"913,2";"2,3";"168,0";"5,1";"20,40";"3,6"
"29/08/2026";"1200";"14,5";"14,8";"14,5";"100,0";"100,0";"100,0";"14,4";"14,8";"14,4";"914,2";"914,8";"913,9";"3,2";"111,0";"5,8";"40,40";"0,8"
"29/08/2026";"1300";"14,9";"14,9";"14,4";"100,0";"100,0";"100,0";"14,8";"14,9";"14,4";"915,2";"915,2";"914,0";"1,4";"130,0";"5,8";"162,00";"1,2"
"29/08/2026";"1400";"15,1";"15,3";"14,9";"100,0";"100,0";"100,0";"15,1";"15,3";"14,8";"915,1";"915,8";"914,6";"2,0";"140,0";"5,3";"253,10";"0,8"
"29/08/2026";"1500";"15,6";"16,0";"15,1";"100,0";"100,0";"100,0";"15,6";"16,0";"15,1";"915,8";"915,9";"914,5";"1,8";"109,0";"5,3";"482,20";"0,4"
"29/08/2026";"1600";"14,9";"15,9";"14,9";"99,0";"100,0";"99,0";"14,7";"15,9";"14,7";"914,8";"915,7";"914,6";"2,7";"173,0";"6,3";"242,80";"2,2"
"29/08/2026";"1700";"14,8";"15,5";"14,5";"95,0";"99,0";"94,0";"14,0";"15,3";"14,0";"913,8";"915,5";"913,7";"4,3";"130,0";"7,9";"1273,40";"1,4"
"29/08/2026";"1800";"14,4";"15,2";"14,4";"96,0";"97,0";"93,0";"13,8";"14,5";"13,8";"913,9";"914,3";"913,7";"3,6";"115,0";"6,9";"410,50";"0,0"
"29/08/2026";"1900";"13,8";"14,4";"13,8";"98,0";"98,0";"95,0";"13,5";"13,9";"13,4";"914,4";"915,9";"912,2";"4,0";"119,0";"11,0";"57,90";"13,3"
"29/08/2026";"2000";"13,6";"13,8";"13,6";"98,0";"99,0";"98,0";"13,3";"13,6";"13,3";"914,6";"915,4";"914,5";"3,2";"138,0";"5,8";"50,00";"0,6"
"29/08/2026";"2100";"13,4";"13,6";"13,4";"98,0";"99,0";"97,0";"13,1";"13,3";"13,1";"915,8";"915,8";"914,7";"3,3";"120,0";"7,6";"11,00";"2,4"
"29/08/2026";"2200";"13,3";"13,4";"13,3";"99,0";"99,0";"97,0";"13,1";"13,2";"13,0";"917,1";"917,1";"915,5";"2,5";"102,0";"7,0";"0,30";"1,6"
"29/08/2026";"2300";"13,5";"13,5";"13,2";"96,0";"99,0";"96,0";"12,9";"13,2";"12,8";"916,7";"917,1";"916,2";"4,0";"128,0";"8,7";"";"0,2"
"30/08/2026";"0000";"13,6";"13,7";"13,5";"96,0";"96,0";"94,0";"12,9";"13,0";"12,7";"917,8";"918,1";"916,8";"3,8";"123,0";"7,3";"";"0,0"
"30/08/2026";"0100";"13,6";"13,6";"13,5";"96,0";"98,0";"96,0";"13,0";"13,1";"12,9";"918,1";"918,5";"917,8";"3,4";"115,0";"7,8";"";"0,0"
"30/08/2026";"0200";"13,0";"13,6";"13,0";"87,0";"97,0";"87,0";"10,9";"13,0";"10,9";"918,8";"919,0";"918,1";"4,6";"112,0";"8,6";"";"0,0"
"30/08/2026";"0300";"12,4";"12,9";"12,2";"90,0";"90,0";"84,0";"10,7";"11,1";"10,0";"918,5";"918,8";"918,5";"4,4";"102,0";"8,2";"";"0,0"
"30/08/2026";"0400";"12,5";"12,5";"12,2";"92,0";"92,0";"87,0";"11,2";"11,2";"10,4";"918,0";"918,7";"918,0";"2,9";"81,0";"8,2";"";"0,0"
"30/08/2026";"0500";"12,6";"12,7";"12,4";"95,0";"95,0";"92,0";"11,9";"11,9";"11,2";"917,6";"918,0";"917,6";"2,9";"88,0";"8,3";"";"0,0"
"30/08/2026";"0600";"12,7";"12,9";"12,5";"94,0";"96,0";"94,0";"11,7";"12,0";"11,7";"917,6";"917,7";"917,5";"2,4";"84,0";"7,6";"";"0,0"
"30/08/2026";"0700";"12,5";"12,7";"12,5";"93,0";"95,0";"92,0";"11,5";"11,8";"11,3";"916,6";"917,6";"916,6";"3,3";"97,0";"6,3";"";"0,0"
"30/08/2026";"0800";"12,5";"12,9";"12,5";"92,0";"93,0";"90,0";"11,2";"11,8";"11,2";"917,0";"917,6";"916,6";"3,0";"105,0";"5,2";"";"0,0"
"30/08/2026";"0900";"12,7";"12,7";"12,4";"90,0";"93,0";"89,0";"11,1";"11,3";"10,9";"917,6";"917,7";"916,9";"3,0";"102,0";"5,4";"";"0,0"
"30/08/2026";"1000";"12,9";"13,0";"12,8";"89,0";"89,0";"87,0";"11,1";"11,3";"10,9";"917,9";"917,9";"917,5";"3,6";"99,0";"6,9";"3,90";"0,0"
"30/08/2026";"1100";"13,5";"13,6";"12,8";"86,0";"90,0";"85,0";"11,1";"11,5";"10,9";"918,3";"918,4";"917,7";"4,3";"101,0";"7,5";"143,60";"0,0"
"30/08/2026";"1200";"14,2";"14,3";"13,2";"85,0";"88,0";"83,0";"11,8";"12,0";"11,0";"918,5";"918,5";"918,0";"4,2";"99,0";"8,3";"375,30";"0,0"
"30/08/2026";"1300";"15,0";"15,0";"14,2";"84,0";"87,0";"83,0";"12,4";"12,9";"11,7";"919,2";"919,3";"918,4";"4,2";"98,0";"7,7";"679,40";"0,0"
"30/08/2026";"1400";"16,3";"16,6";"15,1";"81,0";"87,0";"79,0";"13,0";"13,5";"12,2";"918,6";"919,4";"918,6";"4,6";"100,0";"8,4";"1333,90";"0,0"
"30/08/2026";"1500";"16,5";"16,9";"16,3";"83,0";"84,0";"79,0";"13,6";"14,0";"13,0";"918,3";"918,7";"918,1";"3,0";"89,0";"7,9";"1028,70";"0,0"
"30/08/2026";"1600";"16,9";"17,7";"16,4";"83,0";"87,0";"79,0";"14,0";"14,7";"13,7";"917,7";"918,5";"917,5";"2,9";"91,0";"6,8";"698,70";"0,0"
"30/08/2026";"1700";"15,5";"16,9";"15,5";"93,0";"95,0";"83,0";"14,3";"14,8";"13,9";"917,1";"918,3";"916,9";"3,0";"114,0";"5,9";"272,90";"0,4"
"30/08/2026";"1800";"14,5";"15,5";"14,5";"99,0";"99,0";"92,0";"14,3";"14,8";"14,2";"916,4";"917,6";"916,2";"3,2";"110,0";"7,0";"285,10";"4,2"
"30/08/2026";"1900";"13,6";"14,5";"13,6";"99,0";"99,0";"98,0";"13,5";"14,4";"13,5";"916,3";"917,4";"915,8";"4,5";"112,0";"8,6";"105,30";"9,5"
"30/08/2026";"2000";"13,2";"13,5";"13,2";"100,0";"100,0";"99,0";"13,2";"13,4";"13,2";"917,6";"917,8";"916,0";"3,3";"117,0";"7,6";"117,80";"7,3"
"30/08/2026";"2100";"13,0";"13,2";"13,0";"100,0";"100,0";"100,0";"12,9";"13,2";"12,9";"916,1";"917,8";"915,9";"4,1";"100,0";"8,6";"27,60";"4,2"
"30/08/2026";"2200";"12,7";"13,0";"12,7";"99,0";"100,0";"99,0";"12,6";"12,9";"12,6";"917,6";"918,3";"915,3";"3,5";"120,0";"9,8";"1,20";"6,9"
"30/08/2026";"2300";"12,4";"12,7";"12,4";"100,0";"100,0";"99,0";"12,4";"12,6";"12,4";"918,2";"918,2";"916,7";"3,1";"93,0";"7,9";"";"0,6"
"31/08/2026";"0000";"12,4";"12,5";"12,4";"100,0";"100,0";"99,0";"12,4";"12,4";"12,3";"918,0";"918,4";"916,6";"2,7";"74,0";"9,0";"0,10";"1,6"
"31/08/2026";"0100";"12,5";"12,5";"12,4";"99,0";"100,0";"99,0";"12,4";"12,4";"12,3";"919,8";"919,8";"917,0";"2,9";"183,0";"9,9";"";"0,6"
"31/08/2026";"0200";"12,5";"12,6";"12,5";"100,0";"100,0";"98,0";"12,4";"12,4";"12,3";"919,3";"919,8";"918,6";"3,6";"92,0";"7,5";"0,10";"2,2"
"31/08/2026";"0300";"12,4";"12,5";"12,4";"99,0";"100,0";"99,0";"12,3";"12,4";"12,3";"918,2";"919,7";"918,1";"3,5";"90,0";"8,3";"";"0,4"
"31/08/2026";"0400";"12,4";"12,4";"12,4";"100,0";"100,0";"99,0";"12,4";"12,4";"12,3";"917,0";"918,4";"916,8";"3,5";"90,0";"7,8";"";"0,0"
"31/08/2026";"0500";"12,4";"12,5";"12,4";"100,0";"100,0";"100,0";"12,4";"12,4";"12,3";"917,2";"918,7";"916,9";"3,0";"87,0";"8,2";"";"0,0"
"31/08/2026";"0600";"12,2";"12,5";"12,2";"100,0";"100,0";"99,0";"12,2";"12,4";"12,2";"917,4";"918,3";"916,3";"2,9";"94,0";"6,4";"0,10";"4,2"
"31/08/2026";"0700";"12,3";"12,4";"12,2";"100,0";"100,0";"100,0";"12,3";"12,4";"12,2";"915,8";"917,4";"915,8";"3,6";"90,0";"6,8";"";"0,0"
"31/08/2026";"0800";"12,2";"12,3";"12,2";"100,0";"100,0";"100,0";"12,2";"12,3";"12,2";"915,1";"915,9";"915,1";"3,7";"95,0";"6,9";"";"0,0"
"31/08/2026";"0900";"12,2";"12,2";"12,1";"100,0";"100,0";"100,0";"12,1";"12,2";"12,1";"914,5";"915,1";"913,9";"3,6";"88,0";"7,8";"";"0,0"
"31/08/2026";"1000";"12,2";"12,2";"12,1";"100,0";"100,0";"100,0";"12,2";"12,2";"12,1";"915,6";"915,6";"914,5";"4,3";"96,0";"7,1";"4,80";"0,0"
"31/08/2026";"1100";"12,6";"12,6";"12,2";"100,0";"100,0";"100,0";"12,6";"12,6";"12,2";"916,4";"916,5";"915,6";"3,5";"96,0";"6,3";"30,80";"0,0"
"31/08/2026";"1200";"13,2";"13,2";"12,6";"99,0";"100,0";"99,0";"13,1";"13,1";"12,6";"916,1";"916,6";"915,9";"3,9";"94,0";"6,8";"164,20";"0,0"
"31/08/2026";"1300";"13,7";"13,7";"13,2";"98,0";"99,0";"98,0";"13,5";"13,5";"13,1";"916,3";"916,3";"915,7";"3,1";"93,0";"6,8";"183,00";"0,0"
"31/08/2026";"1400";"14,9";"14,9";"13,8";"95,0";"98,0";"94,0";"14,2";"14,2";"13,4";"916,2";"916,4";"915,7";"3,2";"97,0";"7,1";"542,00";"0,0"
"31/08/2026";"1500";"15,3";"15,3";"14,9";"96,0";"96,0";"95,0";"14,6";"14,6";"14,1";"915,8";"916,2";"915,8";"2,2";"91,0";"5,7";"309,60";"0,0"
"31/08/2026";"1600";"16,4";"16,4";"15,3";"94,0";"97,0";"94,0";"15,5";"15,6";"14,6";"915,3";"915,8";"914,8";"1,0";"40,0";"5,0";"381,50";"0,0"
"31/08/2026";"1700";"16,0";"16,4";"16,0";"96,0";"96,0";"92,0";"15,3";"15,5";"15,1";"914,5";"915,3";"914,5";"2,8";"333,0";"6,5";"180,90";"0,2"
"31/08/2026";"1800";"15,2";"16,0";"15,2";"97,0";"98,0";"96,0";"14,8";"15,4";"14,6";"914,7";"914,7";"914,1";"2,6";"326,0";"5,6";"185,00";"1,2"
"31/08/2026";"1900";"14,9";"15,2";"14,8";"99,0";"99,0";"97,0";"14,7";"14,9";"14,4";"915,4";"915,4";"914,7";"1,2";"323,0";"3,8";"182,70";"2,2"
"31/08/2026";"2000";"14,5";"14,9";"14,5";"99,0";"99,0";"99,0";"14,4";"14,7";"14,4";"915,2";"915,7";"915,2";"1,6";"293,0";"3,9";"136,80";"0,8"
"31/08/2026";"2100";"14,2";"14,5";"14,2";"100,0";"100,0";"99,0";"14,2";"14,5";"14,2";"914,3";"915,2";"913,5";"1,2";"150,0";"3,8";"34,30";"1,0"
"31/08/2026";"2200";"14,1";"14,2";"13,9";"100,0";"100,0";"100,0";"14,1";"14,2";"13,9";"913,2";"914,3";"912,2";"1,8";"93,0";"7,1";"1,00";"0,2"
"31/08/2026";"2300";"13,7";"14,1";"13,6";"100,0";"100,0";"100,0";"13,7";"14,1";"13,6";"914,8";"914,8";"912,9";"0,7";"12,0";"4,8";"";"0,0"
"01/09/2026";"0000";"13,8";"13,9";"13,7";"100,0";"100,0";"100,0";"13,8";"13,9";"13,6";"913,3";"915,8";"913,3";"1,1";"101,0";"3,0";"";"0,0"
"01/09/2026";"0100";"13,8";"13,8";"13,7";"100,0";"100,0";"100,0";"13,7";"13,8";"13,7";"915,2";"915,7";"914,3";"1,3";"275,0";"5,2";"";"0,0"
"01/09/2026";"0200";"13,7";"13,8";"13,7";"100,0";"100,0";"100,0";"13,7";"13,7";"13,7";"915,1";"915,6";"915,1";"2,4";"192,0";"4,4";"";"0,0"
"01/09/2026";"0300";"13,8";"13,8";"13,7";"99,0";"100,0";"99,0";"13,6";"13,7";"13,6";"914,3";"915,1";"914,3";"2,1";"161,0";"4,8";"";"0,0"
"01/09/2026";"0400";"13,8";"13,8";"13,8";"99,0";"99,0";"99,0";"13,7";"13,7";"13,6";"915,0";"915,1";"914,0";"0,8";"244,0";"3,9";"";"0,0"
"01/09/2026";"0500";"13,8";"13,8";"13,8";"100,0";"100,0";"99,0";"13,7";"13,8";"13,7";"914,5";"915,0";"914,2";"1,1";"232,0";"2,5";"";"0,8"
"01/09/2026";"0600";"13,7";"13,8";"13,7";"100,0";"100,0";"100,0";"13,7";"13,8";"13,7";"914,0";"914,6";"914,0";"1,5";"225,0";"4,3";"";"1,2"
"01/09/2026";"0700";"13,7";"13,7";"13,7";"100,0";"100,0";"100,0";"13,7";"13,7";"13,7";"913,8";"914,0";"913,8";"1,0";"241,0";"4,3";"";"0,8"
"01/09/2026";"0800";"13,6";"13,7";"13,6";"99,0";"100,0";"99,0";"13,4";"13,7";"13,4";"914,0";"914,0";"913,8";"2,8";"196,0";"5,4";"";"0,0"
"01/09/2026";"0900";"13,3";"13,6";"13,3";"98,0";"99,0";"97,0";"12,9";"13,4";"12,9";"914,1";"914,1";"913,9";"1,7";"216,0";"5,3";"";"0,0"
"01/09/2026";"1000";"13,2";"13,2";"13,2";"98,0";"99,0";"98,0";"12,9";"13,0";"12,9";"915,2";"915,2";"914,1";"1,9";"207,0";"4,5";"6,20";"0,0"
"01/09/2026";"1100";"13,4";"13,4";"13,2";"97,0";"98,0";"96,0";"13,0";"13,0";"12,6";"915,8";"915,8";"915,2";"1,7";"218,0";"4,2";"139,60";"0,0"
"01/09/2026";"1200";"14,3";"14,3";"13,4";"91,0";"98,0";"87,0";"12,8";"13,0";"12,1";"916,4";"916,4";"915,8";"2,4";"203,0";"5,7";"473,60";"0,0"
"01/09/2026";"1300";"13,8";"14,4";"13,4";"94,0";"94,0";"86,0";"12,8";"13,1";"11,9";"917,1";"917,1";"916,5";"1,6";"197,0";"4,9";"599,40";"0,0"
"01/09/2026";"1400";"14,6";"14,8";"13,8";"88,0";"95,0";"83,0";"12,7";"13,3";"11,9";"917,6";"917,6";"917,1";"1,8";"224,0";"5,9";"1392,90";"0,0"
"01/09/2026";"1500";"13,8";"15,4";"13,7";"96,0";"97,0";"82,0";"13,2";"13,5";"12,1";"917,7";"917,8";"917,5";"2,4";"208,0";"5,7";"1276,30";"0,4"
"01/09/2026";"1600";"15,6";"15,6";"13,8";"85,0";"97,0";"82,0";"13,1";"13,7";"12,2";"917,2";"917,7";"917,2";"2,2";"265,0";"6,5";"1659,60";"0,0"
"01/09/2026";"1700";"14,0";"16,9";"14,0";"91,0";"91,0";"76,0";"12,6";"13,8";"12,1";"917,5";"917,5";"917,1";"3,8";"208,0";"7,3";"1190,90";"0,2"
"01/09/2026";"1800";"16,0";"16,3";"13,7";"85,0";"98,0";"80,0";"13,5";"14,5";"12,6";"917,5";"917,5";"917,2";"2,6";"229,0";"8,8";"1833,90";"0,2"
"01/09/2026";"1900";"15,0";"17,1";"15,0";"82,0";"87,0";"72,0";"12,0";"14,0";"11,8";"918,2";"918,2";"917,5";"3,4";"202,0";"7,5";"1884,50";"0,0"
"01/09/2026";"2000";"14,8";"15,0";"14,1";"82,0";"86,0";"79,0";"11,7";"12,2";"11,3";"918,7";"918,7";"918,2";"2,5";"214,0";"7,9";"570,90";"0,0"
"01/09/2026";"2100";"13,7";"15,2";"13,7";"85,0";"86,0";"80,0";"11,2";"12,1";"11,1";"919,3";"919,3";"918,7";"2,0";"201,0";"5,0";"289,50";"0,0"
"01/09/2026";"2200";"12,4";"13,6";"12,4";"93,0";"93,0";"85,0";"11,3";"11,6";"11,2";"919,6";"919,6";"919,2";"2,1";"201,0";"5,8";"3,70";"0,0"
"01/09/2026";"2300";"12,1";"12,4";"12,1";"95,0";"96,0";"93,0";"11,3";"11,4";"11,2";"920,5";"920,5";"919,6";"1,8";"218,0";"4,6";"";"0,0"
"02/09/2026";"0000";"11,9";"12,1";"11,9";"95,0";"96,0";"95,0";"11,2";"11,4";"11,2";"921,1";"921,1";"920,5";"2,2";"217,0";"5,3";"";"0,0"
"02/09/2026";"0100";"11,6";"12,0";"11,6";"97,0";"97,0";"95,0";"11,1";"11,3";"11,0";"921,6";"921,6";"921,1";"1,8";"196,0";"4,3";"";"0,0"
"02/09/2026";"0200";"10,7";"11,5";"10,7";"95,0";"97,0";"94,0";"10,0";"11,1";"9,9";"921,7";"921,8";"921,5";"1,9";"206,0";"4,9";"";"0,0"
"02/09/2026";"0300";"10,4";"10,9";"10,4";"93,0";"96,0";"92,0";"9,4";"10,2";"9,3";"921,9";"921,9";"921,7";"1,3";"168,0";"4,9";"";"0,0"
"02/09/2026";"0400";"9,5";"10,4";"9,5";"94,0";"94,0";"91,0";"8,6";"9,4";"8,5";"921,8";"921,9";"921,7";"1,7";"189,0";"3,9";"";"0,0"
"02/09/2026";"0500";"8,4";"9,5";"8,4";"98,0";"98,0";"94,0";"8,2";"8,8";"8,1";"921,3";"921,9";"921,3";"0,9";"156,0";"3,5";"";"0,0"
"02/09/2026";"0600";"7,5";"8,4";"7,5";"100,0";"100,0";"98,0";"7,5";"8,2";"7,5";"921,0";"921,3";"920,8";"0,6";"161,0";"1,9";"";"0,0"
"02/09/2026";"0700";"7,4";"7,5";"7,1";"100,0";"100,0";"100,0";"7,4";"7,5";"7,1";"921,0";"921,1";"920,9";"0,7";"127,0";"2,0";"";"0,0"
"02/09/2026";"0800";"6,4";"7,4";"6,4";"100,0";"100,0";"100,0";"6,4";"7,3";"6,4";"920,9";"921,1";"920,9";"0,9";"98,0";"1,7";"";"0,0"
"02/09/2026";"0900";"6,5";"6,7";"6,3";"100,0";"100,0";"100,0";"6,5";"6,7";"6,3";"920,8";"921,0";"920,6";"1,1";"93,0";"2,0";"";"0,0"
"02/09/2026";"1000";"6,2";"6,4";"6,0";"100,0";"100,0";"100,0";"6,2";"6,4";"6,0";"921,6";"921,6";"920,8";"0,2";"50,0";"1,8";"10,20";"0,0"
"02/09/2026";"1100";"7,6";"7,8";"6,2";"100,0";"100,0";"100,0";"7,6";"7,8";"6,1";"922,5";"922,5";"921,6";"1,4";"105,0";"2,4";"117,20";"0,0"
"02/09/2026";"1200";"8,4";"8,8";"7,6";"100,0";"100,0";"100,0";"8,3";"8,8";"7,6";"922,8";"922,8";"922,5";"1,5";"86,0";"2,8";"369,40";"0,0"
"02/09/2026";"1300";"10,0";"10,0";"8,2";"97,0";"100,0";"96,0";"9,6";"9,8";"8,1";"923,1";"923,3";"922,8";"1,1";"47,0";"2,9";"1282,60";"0,0"
"02/09/2026";"1400";"13,2";"13,2";"10,2";"76,0";"96,0";"75,0";"9,0";"10,4";"8,4";"923,2";"923,2";"923,0";"0,8";"290,0";"3,0";"2523,70";"0,0"
"02/09/2026";"1500";"16,2";"16,2";"13,2";"67,0";"76,0";"61,0";"10,1";"10,9";"6,8";"922,8";"923,1";"922,8";"0,9";"319,0";"2,8";"3312,60";"0,0"
"02/09/2026";"1600";"17,4";"17,7";"16,3";"58,0";"70,0";"55,0";"9,1";"11,3";"8,5";"922,5";"922,8";"922,5";"1,9";"310,0";"3,8";"3152,90";"0,0"
"02/09/2026";"1700";"19,0";"19,2";"17,3";"43,0";"60,0";"37,0";"6,2";"9,6";"3,3";"922,0";"922,5";"922,0";"1,8";"308,0";"3,6";"2960,10";"0,0"
"02/09/2026";"1800";"19,8";"19,9";"18,7";"30,0";"49,0";"24,0";"1,8";"8,4";"-1,6";"921,4";"922,0";"921,4";"1,5";"305,0";"3,8";"2587,90";"0,0"
"02/09/2026";"1900";"20,4";"20,4";"19,6";"34,0";"40,0";"26,0";"3,8";"6,2";"-0,4";"921,2";"921,4";"921,2";"1,0";"352,0";"3,3";"1955,00";"0,0"
"02/09/2026";"2000";"20,0";"20,5";"19,8";"44,0";"44,0";"31,0";"7,4";"7,4";"2,4";"921,1";"921,2";"921,1";"1,3";"340,0";"3,3";"1344,30";"0,0"
"02/09/2026";"2100";"16,1";"20,0";"16,1";"56,0";"58,0";"40,0";"7,3";"9,3";"5,9";"921,1";"921,4";"921,1";"0,9";"318,0";"3,1";"294,90";"0,0"
"02/09/2026";"2200";"14,9";"16,0";"14,2";"48,0";"64,0";"47,0";"3,9";"8,6";"3,7";"920,8";"921,1";"920,7";"1,5";"329,0";"2,9";"1,40";"0,0"
"02/09/2026";"2300";"12,9";"15,0";"12,8";"59,0";"60,0";"45,0";"4,9";"5,3";"3,2";"920,7";"920,8";"920,6";"1,1";"331,0";"3,1";"";"0,0"
"03/09/2026";"0000";"13,4";"13,5";"12,0";"56,0";"68,0";"53,0";"4,8";"6,4";"3,8";"921,0";"921,0";"920,6";"0,9";"20,0";"2,2";"";"0,0"
"03/09/2026";"0100";"11,4";"13,3";"11,4";"68,0";"68,0";"56,0";"5,6";"5,9";"4,4";"920,7";"921,0";"920,7";"0,9";"93,0";"1,9";"";"0,0"
"03/09/2026";"0200";"10,0";"11,4";"10,0";"79,0";"79,0";"64,0";"6,5";"6,5";"4,8";"920,4";"920,7";"920,4";"1,8";"104,0";"2,3";"";"0,0"
"03/09/2026";"0300";"9,8";"10,0";"9,3";"74,0";"81,0";"73,0";"5,3";"6,6";"5,2";"920,0";"920,4";"920,0";"0,4";"95,0";"2,3";"";"0,0"
"03/09/2026";"0400";"10,6";"10,6";"9,5";"76,0";"78,0";"70,0";"6,6";"6,6";"5,2";"919,6";"920,0";"919,6";"1,1";"50,0";"4,1";"";"0,0"
"03/09/2026";"0500";"10,0";"10,6";"10,0";"85,0";"85,0";"77,0";"7,7";"7,7";"6,6";"918,9";"919,6";"918,9";"1,2";"51,0";"4,7";"";"0,0"
"03/09/2026";"0600";"9,7";"10,0";"9,6";"90,0";"91,0";"85,0";"8,2";"8,2";"7,6";"918,1";"918,9";"918,1";"1,2";"51,0";"4,9";"";"0,0"
"03/09/2026";"0700";"10,1";"10,2";"9,6";"93,0";"94,0";"90,0";"9,1";"9,1";"8,2";"917,7";"918,1";"917,7";"1,3";"35,0";"5,0";"";"0,0"
"03/09/2026";"0800";"10,1";"10,3";"10,1";"96,0";"96,0";"93,0";"9,5";"9,5";"9,1";"917,4";"917,7";"917,2";"1,6";"48,0";"7,6";"";"0,0"
"03/09/2026";"0900";"10,4";"10,4";"10,0";"96,0";"97,0";"95,0";"9,8";"9,8";"9,4";"917,1";"917,4";"917,1";"1,5";"46,0";"5,5";"";"0,0"
"03/09/2026";"1000";"10,9";"10,9";"10,3";"95,0";"97,0";"95,0";"10,1";"10,1";"9,7";"917,9";"917,9";"917,1";"1,8";"21,0";"6,0";"12,30";"0,0"
"03/09/2026";"1100";"12,2";"12,2";"10,9";"90,0";"95,0";"90,0";"10,6";"10,6";"10,0";"919,8";"919,8";"918,0";"1,8";"356,0";"5,7";"140,60";"0,0"
"03/09/2026";"1200";"13,9";"13,9";"12,2";"84,0";"91,0";"84,0";"11,3";"11,4";"10,6";"920,2";"920,2";"919,8";"2,2";"4,0";"6,5";"268,60";"0,0"
"03/09/2026";"1300";"17,0";"17,0";"14,0";"76,0";"85,0";"75,0";"12,7";"12,9";"11,2";"920,8";"920,8";"920,1";"3,1";"327,0";"6,9";"1656,90";"0,0"
"03/09/2026";"1400";"19,2";"19,2";"17,0";"62,0";"77,0";"62,0";"11,8";"13,1";"11,8";"920,1";"920,8";"920,1";"4,8";"320,0";"9,4";"2152,60";"0,0"
"03/09/2026";"1500";"19,4";"19,8";"19,2";"62,0";"66,0";"59,0";"12,0";"12,9";"11,5";"919,1";"920,1";"919,1";"6,1";"321,0";"11,6";"2548,30";"0,0"
"03/09/2026";"1600";"20,7";"20,9";"19,0";"58,0";"66,0";"57,0";"12,2";"13,5";"11,5";"918,4";"919,2";"918,4";"5,4";"317,0";"11,5";"2272,90";"0,0"
"03/09/2026";"1700";"21,4";"21,4";"20,4";"54,0";"61,0";"53,0";"11,7";"12,8";"10,7";"917,5";"918,4";"917,5";"6,4";"316,0";"11,8";"1959,80";"0,0"
"03/09/2026";"1800";"22,0";"22,2";"20,5";"52,0";"58,0";"48,0";"11,7";"12,6";"10,5";"916,6";"917,5";"916,6";"5,7";"315,0";"11,8";"2151,20";"0,0"
"03/09/2026";"1900";"22,3";"22,7";"21,5";"47,0";"54,0";"45,0";"10,5";"12,2";"9,7";"916,3";"916,7";"916,3";"5,4";"316,0";"11,6";"1792,40";"0,0"
"03/09/2026";"2000";"21,8";"22,4";"21,8";"48,0";"50,0";"45,0";"10,3";"11,3";"9,6";"916,4";"916,4";"916,2";"4,1";"321,0";"9,6";"1130,30";"0,0"
"03/09/2026";"2100";"20,8";"21,8";"20,8";"50,0";"55,0";"48,0";"9,9";"11,7";"9,8";"916,6";"916,7";"916,5";"2,8";"310,0";"6,6";"369,70";"0,0"
"03/09/2026";"2200";"17,1";"17,7";"17,1";"59,0";"60,0";"58,0";"9,0";"9,7";"8,9";"917,1";"917,1";"916,9";"1,3";"318,0";"4,6";"";"0,0"
"03/09/2026";"2300";"16,1";"17,1";"16,1";"63,0";"65,0";"59,0";"9,2";"9,7";"9,0";"917,4";"917,4";"917,1";"1,5";"313,0";"2,7";"";"0,0"
"04/09/2026";"0000";"16,3";"16,4";"16,0";"64,0";"66,0";"62,0";"9,5";"9,7";"8,9";"917,5";"917,6";"917,3";"1,5";"306,0";"3,7";"";"0,0"
"04/09/2026";"0100";"15,3";"16,1";"15,3";"69,0";"69,0";"64,0";"9,6";"9,8";"9,2";"917,4";"917,5";"917,3";"1,7";"319,0";"3,2";"";"0,0"
"04/09/2026";"0200";"15,7";"15,9";"15,3";"67,0";"69,0";"66,0";"9,6";"10,0";"9,3";"917,2";"917,4";"917,1";"1,1";"292,0";"3,4";"";"0,0"
"04/09/2026";"0300";"13,4";"15,7";"13,4";"80,0";"80,0";"67,0";"10,0";"10,1";"9,6";"917,3";"917,3";"917,2";"0,7";"323,0";"1,7";"";"0,0"
"04/09/2026";"0400";"14,4";"14,4";"13,2";"74,0";"80,0";"74,0";"9,8";"10,0";"9,7";"917,2";"917,3";"917,2";"1,1";"295,0";"2,7";"";"0,0"
"04/09/2026";"0500";"13,4";"14,4";"12,3";"81,0";"85,0";"74,0";"10,2";"10,3";"9,8";"916,8";"917,2";"916,8";"0,7";"284,0";"1,8";"";"0,0"
"04/09/2026";"0600";"13,2";"13,4";"12,1";"90,0";"90,0";"82,0";"11,5";"11,5";"10,0";"916,6";"916,8";"916,5";"1,2";"211,0";"2,1";"";"0,0"
"04/09/2026";"0700";"13,9";"14,0";"13,2";"94,0";"94,0";"89,0";"12,9";"12,9";"11,5";"916,8";"916,9";"916,6";"1,0";"262,0";"2,9";"";"0,0"
"04/09/2026";"0800";"13,4";"14,0";"13,4";"99,0";"99,0";"94,0";"13,2";"13,3";"12,9";"917,2";"917,2";"916,7";"1,6";"276,0";"4,5";"";"0,0"
"04/09/2026";"0900";"12,3";"13,4";"12,3";"100,0";"100,0";"99,0";"12,2";"13,3";"12,2";"917,8";"917,8";"917,2";"2,6";"200,0";"4,6";"0,10";"0,0"
"04/09/2026";"1000";"11,2";"12,3";"11,2";"100,0";"100,0";"100,0";"11,1";"12,2";"11,1";"918,7";"918,7";"917,8";"1,2";"224,0";"5,5";"8,20";"0,0"
"04/09/2026";"1100";"11,2";"11,2";"10,7";"99,0";"100,0";"99,0";"11,0";"11,1";"10,7";"919,1";"919,3";"918,6";"0,8";"229,0";"2,6";"106,30";"0,0"
"04/09/2026";"1200";"11,0";"11,3";"11,0";"98,0";"99,0";"97,0";"10,8";"11,0";"10,7";"919,2";"919,7";"919,1";"1,6";"185,0";"3,5";"245,50";"0,0"
"04/09/2026";"1300";"11,3";"11,3";"10,9";"99,0";"100,0";"98,0";"11,2";"11,2";"10,7";"919,1";"919,4";"918,8";"1,8";"192,0";"3,3";"485,20";"0,0"
"04/09/2026";"1400";"11,6";"11,8";"11,3";"95,0";"99,0";"95,0";"10,8";"11,5";"10,6";"918,5";"919,1";"918,5";"2,0";"182,0";"4,5";"689,10";"0,0"
"04/09/2026";"1500";"11,5";"11,7";"11,4";"93,0";"95,0";"91,0";"10,4";"10,9";"10,1";"918,8";"919,0";"918,4";"1,6";"217,0";"5,1";"688,30";"0,0"
"04/09/2026";"1600";"11,4";"11,9";"11,1";"93,0";"94,0";"90,0";"10,3";"10,7";"10,2";"918,5";"918,9";"918,5";"1,3";"223,0";"4,0";"465,10";"0,0"
"04/09/2026";"1700";"11,8";"11,8";"11,3";"91,0";"94,0";"90,0";"10,5";"10,5";"10,2";"918,3";"918,6";"918,2";"1,4";"225,0";"3,4";"489,40";"0,0"
"04/09/2026";"1800";"12,9";"13,0";"11,9";"84,0";"90,0";"78,0";"10,2";"10,6";"9,2";"918,0";"918,3";"918,0";"1,0";"253,0";"2,2";"716,10";"0,0"
"04/09/2026";"1900";"14,6";"14,6";"12,6";"81,0";"89,0";"81,0";"11,3";"11,6";"9,9";"917,5";"918,0";"917,4";"1,0";"338,0";"2,3";"754,80";"0,0"
"04/09/2026";"2000";"13,4";"14,7";"13,3";"84,0";"86,0";"79,0";"10,7";"11,7";"10,6";"917,7";"917,9";"917,5";"0,7";"17,0";"2,6";"540,10";"0,0"
"04/09/2026";"2100";"12,2";"13,3";"12,2";"91,0";"91,0";"83,0";"10,7";"11,0";"10,5";"917,9";"918,1";"917,7";"0,7";"344,0";"1,7";"117,90";"0,0"
"04/09/2026";"2200";"11,8";"12,2";"11,8";"91,0";"93,0";"90,0";"10,4";"10,8";"10,4";"918,2";"918,3";"917,9";"0,7";"262,0";"1,2";"1,40";"0,0"
"04/09/2026";"2300";"11,3";"11,8";"11,3";"94,0";"94,0";"91,0";"10,4";"10,6";"10,4";"918,5";"918,6";"918,1";"0,7";"185,0";"1,5";"";"0,0"
"05/09/2026";"0000";"10,8";"11,3";"10,8";"75,0";"94,0";"74,0";"6,6";"10,4";"6,4";"919,0";"919,0";"918,5";"0,7";"158,0";"1,8";"";"0,0"
"05/09/2026";"0100";"10,5";"11,0";"10,5";"78,0";"80,0";"74,0";"6,8";"7,2";"6,5";"919,1";"919,1";"918,9";"1,4";"158,0";"3,4";"";"0,0"
"05/09/2026";"0200";"10,0";"10,6";"10,0";"81,0";"82,0";"79,0";"6,8";"7,3";"6,6";"919,4";"919,4";"918,9";"1,2";"158,0";"4,4";"";"0,0"
"05/09/2026";"0300";"9,3";"10,0";"9,3";"83,0";"85,0";"80,0";"6,7";"7,1";"6,4";"919,0";"919,4";"919,0";"1,4";"140,0";"3,0";"";"0,0"
"05/09/2026";"0400";"8,4";"9,4";"8,4";"85,0";"88,0";"83,0";"6,1";"6,8";"6,0";"918,6";"919,0";"918,5";"1,3";"128,0";"2,4";"";"0,0"
"05/09/2026";"0500";"7,5";"8,4";"7,4";"92,0";"92,0";"85,0";"6,2";"6,3";"5,9";"918,6";"918,6";"918,3";"0,9";"121,0";"2,1";"";"0,0"
"05/09/2026";"0600";"8,4";"8,4";"7,3";"91,0";"93,0";"89,0";"7,1";"7,1";"6,2";"918,5";"918,7";"918,3";"1,9";"114,0";"3,3";"";"0,0"
"05/09/2026";"0700";"8,0";"8,4";"8,0";"94,0";"94,0";"91,0";"7,0";"7,1";"6,8";"918,2";"918,7";"918,2";"1,6";"128,0";"3,1";"";"0,0"
"05/09/2026";"0800";"7,6";"8,0";"7,6";"97,0";"97,0";"94,0";"7,2";"7,2";"7,0";"918,2";"918,2";"917,9";"1,8";"122,0";"3,0";"";"0,0"
"05/09/2026";"0900";"";"";"";"";"";"";"";"";"";"";"";"";"";"";"";"";""
"05/09/2026";"1000";"6,5";"6,9";"6,0";"100,0";"100,0";"99,0";"6,4";"6,8";"5,9";"918,8";"918,8";"918,2";"0,9";"86,0";"2,1";"16,70";"0,0"
"05/09/2026";"1100";"8,4";"8,4";"6,6";"100,0";"100,0";"100,0";"8,4";"8,4";"6,6";"919,9";"919,9";"918,8";"1,6";"103,0";"3,1";"254,10";"0,0"
"05/09/2026";"1200";"9,7";"9,8";"8,4";"90,0";"100,0";"89,0";"8,2";"8,7";"8,1";"920,3";"920,3";"919,7";"0,8";"149,0";"2,8";"658,40";"0,0"
"05/09/2026";"1300";"11,4";"11,6";"9,8";"81,0";"92,0";"79,0";"8,2";"9,4";"7,9";"920,4";"920,5";"920,2";"2,1";"107,0";"3,5";"1303,10";"0,0"
"05/09/2026";"1400";"12,9";"12,9";"11,2";"72,0";"87,0";"71,0";"7,9";"9,4";"7,7";"920,1";"920,5";"920,1";"1,1";"309,0";"3,0";"1138,30";"0,0"
"05/09/2026";"1500";"12,8";"14,2";"12,7";"72,0";"77,0";"65,0";"7,8";"9,4";"7,7";"920,0";"920,2";"920,0";"2,5";"256,0";"5,9";"2414,00";"0,0"
"05/09/2026";"1600";"13,8";"14,0";"12,9";"54,0";"76,0";"50,0";"4,7";"9,4";"3,7";"919,9";"920,1";"919,8";"2,5";"256,0";"5,9";"2987,40";"0,0"
"05/09/2026";"1700";"13,9";"14,0";"13,2";"59,0";"61,0";"53,0";"6,0";"6,5";"4,2";"919,6";"919,9";"919,6";"2,7";"278,0";"5,5";"1543,00";"0,0"
"05/09/2026";"1800";"14,6";"14,8";"13,4";"54,0";"61,0";"52,0";"5,5";"6,6";"4,3";"919,3";"919,7";"919,3";"2,7";"298,0";"5,4";"1748,90";"0,0"
"05/09/2026";"1900";"14,0";"14,7";"14,0";"45,0";"56,0";"40,0";"2,2";"5,9";"1,0";"919,4";"919,6";"919,2";"3,0";"262,0";"7,0";"1470,20";"0,0"
"05/09/2026";"2000";"13,6";"14,3";"13,5";"42,0";"48,0";"39,0";"0,9";"3,4";"0,3";"919,9";"919,9";"919,4";"1,6";"235,0";"6,6";"869,30";"0,0"
"05/09/2026";"2100";"11,8";"13,6";"11,8";"50,0";"52,0";"41,0";"1,8";"2,9";"0,5";"920,6";"920,6";"919,9";"1,5";"230,0";"3,7";"239,20";"0,0"
"05/09/2026";"2200";"9,9";"11,8";"9,9";"64,0";"64,0";"51,0";"3,3";"3,4";"2,0";"921,3";"921,3";"920,6";"1,5";"220,0";"3,8";"6,90";"0,0"
"05/09/2026";"2300";"8,7";"9,9";"8,7";"71,0";"71,0";"64,0";"3,7";"3,9";"3,3";"922,0";"922,0";"921,3";"1,1";"233,0";"2,8";"";"0,0"
"06/09/2026";"0000";"8,1";"8,7";"8,1";"72,0";"73,0";"70,0";"3,5";"3,7";"3,4";"922,4";"922,4";"921,9";"1,1";"248,0";"2,8";"";"0,0"
"06/09/2026";"0100";"7,9";"8,3";"7,8";"74,0";"74,0";"71,0";"3,5";"3,6";"3,2";"922,7";"922,7";"922,3";"1,0";"293,0";"2,5";"";"0,0"
"06/09/2026";"0200";"6,4";"7,9";"6,4";"87,0";"87,0";"74,0";"4,3";"4,3";"3,5";"922,4";"922,7";"922,3";"0,7";"314,0";"1,9";"";"0,0"
"06/09/2026";"0300";"6,5";"6,9";"6,4";"84,0";"86,0";"80,0";"3,9";"4,3";"3,5";"922,6";"922,7";"922,4";"1,2";"225,0";"2,6";"";"0,0"
"06/09/2026";"0400";"5,7";"6,5";"5,5";"91,0";"92,0";"84,0";"4,3";"4,4";"3,9";"922,7";"922,8";"922,6";"0,9";"226,0";"3,4";"";"0,0"
"06/09/2026";"0500";"5,4";"5,7";"5,0";"97,0";"97,0";"91,0";"4,9";"4,9";"4,2";"923,1";"923,1";"922,8";"1,1";"247,0";"2,8";"";"0,0"
"06/09/2026";"0600";"5,7";"6,3";"5,4";"88,0";"97,0";"87,0";"3,9";"5,4";"3,8";"923,5";"923,7";"923,1";"2,8";"215,0";"6,5";"";"0,0"
"06/09/2026";"0700";"4,8";"5,7";"4,8";"84,0";"89,0";"84,0";"2,4";"4,0";"2,4";"923,6";"923,8";"923,5";"2,3";"205,0";"6,1";"";"0,0"
"06/09/2026";"0800";"4,2";"4,8";"4,1";"90,0";"90,0";"84,0";"2,7";"2,7";"2,2";"923,7";"923,8";"923,6";"0,6";"268,0";"3,8";"";"0,0"
"06/09/2026";"0900";"4,4";"4,6";"4,2";"83,0";"89,0";"83,0";"1,9";"2,8";"1,8";"924,4";"924,4";"923,7";"2,9";"198,0";"6,1";"";"0,0"
"06/09/2026";"1000";"3,4";"4,4";"3,4";"85,0";"86,0";"82,0";"1,1";"2,1";"1,1";"925,4";"925,4";"924,4";"2,0";"217,0";"5,5";"24,40";"0,0"
"06/09/2026";"1100";"3,9";"3,9";"3,2";"78,0";"86,0";"77,0";"0,3";"1,5";"0,3";"925,8";"925,8";"925,4";"2,8";"216,0";"5,6";"175,50";"0,0"
"06/09/2026";"1200";"4,9";"4,9";"3,8";"68,0";"80,0";"65,0";"-0,6";"0,8";"-1,2";"926,0";"926,0";"925,7";"2,6";"200,0";"6,4";"296,70";"0,0"
"06/09/2026";"1300";"6,4";"6,5";"4,6";"59,0";"72,0";"55,0";"-1,1";"0,2";"-2,2";"926,0";"926,1";"925,9";"2,6";"176,0";"6,0";"1837,30";"0,0"
"06/09/2026";"1400";"7,1";"7,6";"6,3";"52,0";"60,0";"46,0";"-2,0";"-0,2";"-3,3";"926,0";"926,1";"925,9";"3,9";"180,0";"7,8";"2877,00";"0,0"
"06/09/2026";"1500";"7,7";"8,4";"6,8";"57,0";"59,0";"46,0";"-0,3";"-0,3";"-2,8";"926,2";"926,3";"925,9";"2,7";"195,0";"7,9";"2912,10";"0,0"
"06/09/2026";"1600";"8,0";"8,6";"6,6";"50,0";"58,0";"47,0";"-1,6";"-0,1";"-2,4";"925,8";"926,3";"925,8";"3,8";"210,0";"8,6";"2255,40";"0,0"
"06/09/2026";"1700";"7,9";"8,6";"7,1";"49,0";"56,0";"46,0";"-2,1";"-0,7";"-3,4";"925,5";"925,8";"925,4";"3,4";"189,0";"7,9";"2067,10";"0,0"
"06/09/2026";"1800";"7,4";"8,6";"7,0";"49,0";"56,0";"46,0";"-2,6";"-0,5";"-3,2";"925,3";"925,5";"925,3";"3,8";"190,0";"7,1";"1580,50";"0,0"
"06/09/2026";"1900";"7,7";"8,4";"6,9";"47,0";"56,0";"45,0";"-2,8";"-0,9";"-3,7";"925,4";"925,4";"925,2";"3,2";"197,0";"6,6";"1218,30";"0,0"
"06/09/2026";"2000";"6,8";"8,4";"6,7";"57,0";"58,0";"47,0";"-1,0";"-0,7";"-2,8";"926,0";"926,0";"925,4";"2,6";"192,0";"7,0";"1192,80";"0,0"
"06/09/2026";"2100";"5,4";"6,8";"5,4";"64,0";"64,0";"56,0";"-0,8";"-0,8";"-1,8";"926,4";"926,4";"926,0";"1,9";"189,0";"5,8";"202,90";"0,0"
"06/09/2026";"2200";"4,3";"5,4";"4,3";"67,0";"67,0";"63,0";"-1,4";"-0,7";"-1,6";"926,5";"926,6";"926,4";"2,0";"181,0";"4,6";"3,40";"0,0"
"06/09/2026";"2300";"3,2";"4,3";"3,2";"76,0";"76,0";"66,0";"-0,7";"-0,7";"-1,6";"927,1";"927,1";"926,4";"2,0";"167,0";"5,3";"";"0,0"
"07/09/2026";"0000";"2,2";"3,1";"2,2";"82,0";"82,0";"76,0";"-0,6";"-0,3";"-0,7";"927,6";"927,6";"927,1";"1,4";"163,0";"4,5";"";"0,0"
"07/09/2026";"0100";"1,4";"2,3";"1,2";"84,0";"86,0";"80,0";"-1,1";"-0,7";"-1,1";"927,9";"928,0";"927,6";"1,7";"118,0";"4,2";"";"0,0"
"07/09/2026";"0200";"1,3";"1,7";"1,2";"79,0";"83,0";"79,0";"-2,0";"-1,0";"-2,0";"927,8";"928,0";"927,8";"1,4";"152,0";"3,6";"";"0,0"
"07/09/2026";"0300";"1,3";"1,6";"1,2";"77,0";"79,0";"76,0";"-2,3";"-1,9";"-2,4";"927,2";"927,8";"927,2";"1,9";"179,0";"3,4";"";"0,0"
"07/09/2026";"0400";"1,5";"1,5";"1,2";"83,0";"83,0";"76,0";"-1,0";"-1,0";"-2,4";"926,8";"927,3";"926,8";"2,0";"171,0";"4,7";"";"0,0"
"07/09/2026";"0500";"0,9";"1,4";"0,9";"85,0";"86,0";"83,0";"-1,3";"-1,1";"-1,3";"926,3";"926,7";"926,3";"1,2";"173,0";"4,3";"";"0,0"
"07/09/2026";"0600";"0,4";"0,7";"0,4";"88,0";"88,0";"87,0";"-1,3";"-1,2";"-1,3";"926,2";"926,3";"926,2";"1,4";"168,0";"3,6";"";"0,0"
"07/09/2026";"0700";"1,4";"1,4";"0,4";"89,0";"90,0";"88,0";"-0,2";"-0,1";"-1,3";"926,3";"926,4";"926,1";"1,2";"137,0";"3,4";"";"0,0"
"07/09/2026";"0800";"1,3";"1,7";"1,3";"92,0";"92,0";"89,0";"0,2";"0,4";"-0,2";"926,4";"926,4";"926,2";"1,4";"112,0";"3,8";"";"0,0"
"07/09/2026";"0900";"1,1";"1,3";"1,1";"93,0";"94,0";"92,0";"0,1";"0,3";"0,0";"926,5";"926,6";"926,2";"2,0";"105,0";"4,2";"";"0,0"
"07/09/2026";"1000";"-0,4";"1,1";"-0,5";"98,0";"98,0";"93,0";"-0,7";"0,1";"-1,0";"926,8";"926,8";"926,5";"1,5";"82,0";"5,1";"28,90";"0,0"
"07/09/2026";"1100";"0,2";"0,2";"-0,5";"97,0";"99,0";"96,0";"-0,3";"-0,3";"-0,7";"926,7";"926,8";"926,7";"3,4";"94,0";"6,2";"207,70";"0,0"
"07/09/2026";"1200";"3,3";"3,3";"0,3";"76,0";"96,0";"76,0";"-0,4";"0,4";"-0,4";"927,0";"927,0";"926,5";"3,5";"94,0";"7,4";"233,30";"0,0"
"07/09/2026";"1300";"5,8";"6,3";"3,4";"64,0";"78,0";"63,0";"-0,4";"1,1";"-0,8";"927,3";"927,3";"927,0";"3,5";"105,0";"7,6";"1761,50";"0,0"
"07/09/2026";"1400";"8,3";"8,6";"6,0";"55,0";"66,0";"48,0";"-0,1";"1,3";"-2,3";"927,0";"927,3";"927,0";"2,0";"94,0";"5,4";"2816,60";"0,0"
"07/09/2026";"1500";"11,0";"11,0";"8,2";"49,0";"61,0";"45,0";"0,6";"3,0";"-1,8";"926,1";"927,0";"926,0";"1,8";"99,0";"5,2";"3027,10";"0,0"
"07/09/2026";"1600";"12,0";"12,6";"10,6";"46,0";"56,0";"44,0";"0,9";"3,0";"-0,2";"925,2";"926,1";"925,2";"2,7";"334,0";"4,6";"3207,60";"0,0"
"07/09/2026";"1700";"12,0";"13,6";"11,8";"50,0";"55,0";"44,0";"2,0";"3,6";"0,3";"924,2";"925,2";"924,2";"1,6";"305,0";"4,4";"2315,20";"0,0"
"07/09/2026";"1800";"13,4";"14,3";"11,9";"48,0";"57,0";"45,0";"2,5";"4,9";"1,5";"923,3";"924,2";"923,3";"1,9";"2,0";"4,0";"1897,80";"0,0"
"07/09/2026";"1900";"14,2";"14,7";"13,3";"48,0";"54,0";"44,0";"3,3";"5,4";"2,2";"922,9";"923,3";"922,9";"2,5";"325,0";"4,9";"1722,60";"0,0"
"07/09/2026";"2000";"14,0";"15,0";"13,9";"50,0";"53,0";"46,0";"3,7";"5,1";"2,8";"923,1";"923,1";"922,8";"1,9";"107,0";"3,9";"1152,30";"0,0"
"07/09/2026";"2100";"11,8";"14,0";"11,8";"67,0";"69,0";"48,0";"5,8";"6,4";"3,0";"923,4";"923,5";"923,1";"0,3";"99,0";"3,1";"177,00";"0,0"
"07/09/2026";"2200";"11,2";"11,8";"11,2";"65,0";"68,0";"61,0";"4,9";"5,8";"4,2";"923,8";"923,9";"923,4";"1,4";"341,0";"4,7";"";"0,0"
"07/09/2026";"2300";"9,5";"11,2";"9,5";"74,0";"74,0";"64,0";"5,2";"5,4";"4,6";"923,9";"923,9";"923,6";"0,7";"64,0";"6,1";"";"0,0"
"08/09/2026";"0000";"7,7";"9,5";"7,7";"81,0";"81,0";"74,0";"4,7";"5,2";"4,3";"924,0";"924,1";"923,9";"0,9";"78,0";"3,5";"";"0,0"
"08/09/2026";"0100";"7,1";"7,8";"7,1";"83,0";"83,0";"78,0";"4,4";"4,5";"4,1";"923,9";"924,0";"923,7";"1,5";"80,0";"4,2";"";"0,0"
"08/09/2026";"0200";"6,7";"7,2";"6,7";"85,0";"86,0";"82,0";"4,4";"4,5";"4,2";"923,9";"924,0";"923,8";"1,4";"79,0";"4,5";"";"0,0"
"08/09/2026";"0300";"6,3";"6,7";"6,3";"87,0";"87,0";"85,0";"4,3";"4,4";"4,2";"924,0";"924,1";"923,8";"2,2";"85,0";"4,2";"";"0,0"
"08/09/2026";"0400";"5,9";"6,4";"5,9";"90,0";"91,0";"86,0";"4,4";"4,5";"4,3";"923,4";"924,0";"923,4";"1,4";"86,0";"4,7";"";"0,0"
"08/09/2026";"0500";"6,4";"6,4";"5,8";"91,0";"92,0";"89,0";"5,0";"5,0";"4,4";"923,1";"923,4";"923,0";"1,0";"68,0";"3,7";"";"0,0"
"08/09/2026";"0600";"6,1";"6,4";"6,1";"93,0";"94,0";"90,0";"5,2";"5,2";"4,9";"922,7";"923,0";"922,6";"0,9";"79,0";"3,3";"";"0,0"
"08/09/2026";"0700";"6,3";"6,3";"6,1";"94,0";"95,0";"93,0";"5,4";"5,5";"5,1";"922,5";"922,7";"922,4";"0,7";"77,0";"3,1";"";"0,0"
"08/09/2026";"0800";"6,7";"6,7";"6,3";"93,0";"95,0";"93,0";"5,6";"5,7";"5,4";"922,8";"922,8";"922,4";"0,6";"117,0";"3,5";"";"0,0"
"08/09/2026";"0900";"6,8";"6,8";"6,5";"94,0";"95,0";"93,0";"5,8";"5,9";"5,5";"923,4";"923,4";"922,8";"0,9";"69,0";"3,4";"";"0,0"
"08/09/2026";"1000";"7,1";"7,1";"6,6";"94,0";"95,0";"93,0";"6,2";"6,2";"5,7";"923,9";"923,9";"923,4";"0,8";"64,0";"2,8";"19,30";"0,0"
"08/09/2026";"1100";"8,8";"8,8";"7,2";"87,0";"94,0";"87,0";"6,7";"6,9";"6,2";"924,2";"924,2";"923,9";"1,5";"50,0";"6,2";"123,10";"0,0"
"08/09/2026";"1200";"10,7";"10,7";"8,8";"82,0";"89,0";"81,0";"7,8";"7,8";"6,7";"924,5";"924,6";"924,2";"1,4";"36,0";"5,6";"218,60";"0,0"
"08/09/2026";"1300";"";"";"";"";"";"";"";"";"";"";"";"";"";"";"";"";""
"08/09/2026";"1400";"15,6";"16,1";"13,7";"65,0";"72,0";"61,0";"9,0";"10,5";"8,0";"924,3";"924,6";"924,3";"1,8";"315,0";"5,4";"2626,60";"0,0"
"08/09/2026";"1500";"17,4";"17,5";"15,2";"56,0";"69,0";"54,0";"8,4";"9,9";"7,7";"923,6";"924,3";"923,6";"2,5";"303,0";"6,1";"2990,70";"0,0"
"08/09/2026";"1600";"17,8";"18,6";"17,4";"49,0";"60,0";"48,0";"7,0";"9,7";"6,9";"922,7";"923,6";"922,7";"3,9";"298,0";"6,9";"3101,40";"0,0"
"08/09/2026";"1700";"19,3";"19,3";"17,7";"48,0";"52,0";"43,0";"7,9";"8,6";"6,1";"921,9";"922,7";"921,9";"2,9";"305,0";"6,9";"2921,10";"0,0"
"08/09/2026";"1800";"19,6";"19,8";"18,6";"41,0";"49,0";"40,0";"6,0";"8,3";"5,2";"921,2";"921,9";"921,2";"3,2";"312,0";"7,1";"2440,80";"0,0"
"08/09/2026";"1900";"19,8";"19,8";"18,5";"39,0";"49,0";"39,0";"5,6";"8,0";"5,2";"921,1";"921,2";"921,1";"1,9";"282,0";"6,3";"1692,40";"0,0"
"08/09/2026";"2000";"19,5";"19,9";"19,4";"40,0";"46,0";"38,0";"5,5";"7,8";"5,0";"921,3";"921,4";"921,1";"2,1";"275,0";"6,1";"1198,00";"0,0"
"08/09/2026";"2100";"17,1";"19,4";"17,1";"49,0";"50,0";"39,0";"6,3";"7,1";"5,2";"921,9";"921,9";"921,3";"1,0";"256,0";"3,8";"435,50";"0,0"
"08/09/2026";"2200";"17,1";"";"";"49,0";"";"";"6,3";"";"";"921,9";"";"";"1,1";"219,0";"2,7";"";"0,0"
"08/09/2026";"2300";"17,1";"";"";"49,0";"";"";"6,3";"";"";"921,9";"";"";"1,6";"184,0";"4,3";"";"0,0"
"09/09/2026";"0000";"11,7";"11,9";"11,7";"76,0";"76,0";"74,0";"7,6";"7,7";"7,5";"922,5";"922,5";"922,2";"1,6";"159,0";"4,3";"";"0,0"
"09/09/2026";"0100";"10,8";"11,4";"10,6";"81,0";"82,0";"77,0";"7,6";"7,7";"7,5";"922,7";"922,7";"922,4";"2,0";"124,0";"3,5";"";"0,0"
"09/09/2026";"0200";"10,2";"10,8";"10,2";"85,0";"85,0";"81,0";"7,8";"7,8";"7,6";"922,5";"922,8";"922,5";"1,9";"116,0";"3,5";"";"0,0"
"09/09/2026";"0300";"10,1";"10,4";"10,1";"92,0";"93,0";"85,0";"9,0";"9,0";"7,8";"922,3";"922,6";"922,2";"2,1";"107,0";"3,9";"";"0,0"
"09/09/2026";"0400";"9,6";"10,2";"9,6";"96,0";"96,0";"92,0";"9,0";"9,0";"8,8";"921,7";"922,4";"921,7";"2,0";"117,0";"3,4";"";"0,0"
"09/09/2026";"0500";"9,3";"9,6";"9,3";"98,0";"98,0";"96,0";"9,0";"9,1";"8,9";"921,2";"921,7";"921,2";"2,3";"109,0";"3,5";"";"0,0"
"09/09/2026";"0600";"8,7";"9,3";"8,7";"99,0";"99,0";"98,0";"8,6";"9,0";"8,6";"920,8";"921,2";"920,7";"1,6";"91,0";"3,6";"";"0,0"
"09/09/2026";"0700";"8,4";"8,7";"8,4";"100,0";"100,0";"99,0";"8,3";"8,6";"8,3";"920,2";"920,8";"920,2";"1,4";"90,0";"4,0";"";"0,0"
"09/09/2026";"0800";"8,9";"8,9";"8,3";"100,0";"100,0";"100,0";"8,9";"8,9";"8,3";"920,6";"920,7";"920,2";"2,4";"115,0";"3,4";"";"0,0"
"09/09/2026";"0900";"8,9";"9,1";"8,9";"99,0";"100,0";"99,0";"8,7";"9,0";"8,7";"920,9";"921,1";"920,6";"2,8";"107,0";"4,0";"";"0,0"
"09/09/2026";"1000";"9,0";"9,2";"8,7";"97,0";"99,0";"96,0";"8,5";"8,8";"8,5";"921,6";"921,6";"920,9";"2,3";"108,0";"4,5";"19,70";"0,0"
"09/09/2026";"1100";"10,4";"10,5";"8,9";"90,0";"98,0";"90,0";"8,9";"9,4";"8,5";"921,7";"921,8";"921,6";"2,2";"96,0";"4,3";"239,00";"0,0"
"09/09/2026";"1200";"12,5";"12,5";"10,3";"81,0";"91,0";"81,0";"9,4";"9,6";"8,6";"922,0";"922,0";"921,7";"2,4";"99,0";"4,7";"290,80";"0,0"
"09/09/2026";"1300";"17,2";"17,2";"12,6";"64,0";"81,0";"62,0";"10,4";"11,1";"8,9";"921,5";"922,0";"921,5";"1,1";"42,0";"3,8";"2027,50";"0,0"
"09/09/2026";"1400";"18,1";"19,6";"17,3";"63,0";"68,0";"56,0";"10,9";"12,7";"10,0";"921,5";"921,7";"921,5";"1,3";"15,0";"4,1";"2184,20";"0,0"
"09/09/2026";"1500";"21,2";"21,3";"18,2";"62,0";"65,0";"55,0";"13,6";"13,6";"10,9";"920,8";"921,5";"920,8";"1,7";"333,0";"4,5";"1858,60";"0,0"
"09/09/2026";"1600";"22,4";"22,8";"20,6";"53,0";"61,0";"51,0";"12,4";"13,7";"11,8";"919,8";"920,7";"919,8";"1,3";"13,0";"5,9";"1063,40";"0,0"
"09/09/2026";"1700";"21,4";"22,4";"21,2";"59,0";"62,0";"51,0";"13,0";"13,7";"11,6";"918,8";"919,9";"918,8";"1,3";"83,0";"4,3";"1063,40";"0,0"
"09/09/2026";"1800";"20,9";"22,2";"20,9";"61,0";"65,0";"54,0";"13,1";"14,4";"12,3";"917,7";"918,8";"917,7";"1,1";"105,0";"2,6";"1063,40";"0,0"
"09/09/2026";"1900";"21,0";"21,5";"20,9";"65,0";"65,0";"58,0";"14,3";"14,3";"12,5";"917,3";"917,7";"917,3";"0,6";"132,0";"2,0";"1063,40";"0,0"
"09/09/2026";"2000";"20,2";"20,9";"20,2";"69,0";"71,0";"63,0";"14,3";"14,9";"13,4";"917,2";"917,3";"917,2";"0,9";"170,0";"1,6";"1063,40";"0,0"
"09/09/2026";"2100";"16,1";"18,7";"16,1";"86,0";"86,0";"81,0";"13,8";"15,3";"13,7";"917,2";"917,2";"917,0";"2,7";"128,0";"6,5";"10,20";"0,4"
"09/09/2026";"2200";"14,3";"16,1";"14,3";"97,0";"97,0";"86,0";"13,9";"14,5";"13,7";"918,1";"918,8";"917,3";"1,9";"122,0";"4,3";"0,70";"5,0"
"09/09/2026";"2300";"13,4";"14,3";"13,4";"99,0";"99,0";"97,0";"13,2";"13,9";"13,1";"918,7";"918,7";"918,0";"2,5";"121,0";"5,4";"0,90";"2,8"
"10/09/2026";"0000";"13,4";"13,4";"13,3";"99,0";"99,0";"98,0";"13,2";"13,2";"13,1";"918,9";"918,9";"918,7";"1,6";"149,0";"4,2";"0,20";"3,2"
"10/09/2026";"0100";"12,6";"12,9";"12,6";"99,0";"99,0";"99,0";"12,5";"12,8";"12,5";"918,5";"919,4";"918,5";"2,5";"142,0";"4,8";"0,60";"1,2"
"10/09/2026";"0200";"12,5";"12,6";"12,4";"100,0";"100,0";"99,0";"12,5";"12,5";"12,4";"918,8";"918,8";"917,7";"2,3";"116,0";"5,6";"0,10";"1,6"
"10/09/2026";"0300";"12,4";"12,6";"12,4";"100,0";"100,0";"100,0";"12,4";"12,6";"12,4";"918,1";"918,9";"918,0";"3,2";"108,0";"5,0";"0,10";"0,0"
"10/09/2026";"0400";"12,6";"12,6";"12,4";"100,0";"100,0";"100,0";"12,6";"12,6";"12,4";"917,9";"918,6";"917,9";"3,4";"105,0";"5,6";"0,10";"0,0"
"10/09/2026";"0500";"12,6";"12,6";"12,5";"100,0";"100,0";"100,0";"12,6";"12,6";"12,5";"916,8";"918,0";"916,8";"3,7";"100,0";"5,9";"";"0,0"
"10/09/2026";"0600";"12,7";"12,7";"12,6";"100,0";"100,0";"100,0";"12,7";"12,7";"12,6";"916,4";"916,7";"916,3";"2,4";"96,0";"6,0";"";"0,0"
"10/09/2026";"0700";"12,9";"12,9";"12,7";"100,0";"100,0";"100,0";"12,8";"12,8";"12,6";"916,1";"916,4";"916,0";"1,1";"102,0";"4,5";"";"0,0"
"10/09/2026";"0800";"13,3";"13,4";"12,8";"100,0";"100,0";"100,0";"13,3";"13,4";"12,8";"915,7";"916,1";"915,6";"0,6";"84,0";"2,4";"";"0,0"
"10/09/2026";"0900";"14,2";"14,2";"13,4";"100,0";"100,0";"100,0";"14,2";"14,2";"13,4";"916,6";"916,6";"915,7";"1,0";"358,0";"3,3";"";"0,0"
"10/09/2026";"1000";"14,2";"14,7";"14,2";"100,0";"100,0";"100,0";"14,2";"14,7";"14,2";"916,3";"916,6";"916,1";"0,8";"89,0";"2,6";"9,20";"0,0"
"10/09/2026";"1100";"14,6";"14,6";"14,1";"100,0";"100,0";"100,0";"14,6";"14,6";"14,1";"916,7";"916,7";"916,3";"0,7";"116,0";"1,4";"68,30";"0,2"
"10/09/2026";"1200";"15,1";"15,3";"14,6";"100,0";"100,0";"100,0";"15,1";"15,3";"14,6";"917,4";"917,4";"916,7";"0,8";"13,0";"2,4";"333,60";"0,2"
"10/09/2026";"1300";"15,7";"15,9";"15,2";"100,0";"100,0";"100,0";"15,7";"15,9";"15,2";"916,7";"917,4";"916,7";"1,4";"360,0";"4,0";"635,40";"0,0"
"10/09/2026";"1400";"16,6";"16,6";"15,7";"97,0";"100,0";"97,0";"16,1";"16,3";"15,7";"916,8";"916,8";"916,5";"1,1";"359,0";"3,1";"883,50";"0,0"
"10/09/2026";"1500";"17,0";"17,4";"16,7";"94,0";"98,0";"91,0";"16,1";"16,8";"15,7";"916,7";"916,9";"916,7";"1,1";"9,0";"3,3";"849,20";"0,0"
"10/09/2026";"1600";"17,2";"17,2";"16,9";"94,0";"96,0";"93,0";"16,3";"16,4";"15,9";"917,0";"917,1";"916,7";"1,2";"32,0";"3,0";"536,00";"0,0"
"10/09/2026";"1700";"19,3";"19,3";"17,3";"84,0";"95,0";"82,0";"16,6";"17,4";"15,8";"916,0";"917,0";"916,0";"0,8";"20,0";"2,7";"1127,60";"0,0"
"10/09/2026";"1800";"18,7";"19,2";"18,7";"88,0";"88,0";"82,0";"16,6";"16,8";"15,7";"915,8";"916,0";"915,7";"2,1";"313,0";"4,0";"895,50";"0,0"
"10/09/2026";"1900";"18,7";"19,3";"18,7";"90,0";"90,0";"83,0";"17,1";"17,4";"16,2";"915,1";"915,8";"914,9";"1,3";"96,0";"2,6";"642,00";"0,0"
"10/09/2026";"2000";"17,9";"18,7";"17,9";"94,0";"94,0";"87,0";"16,9";"17,3";"16,6";"915,2";"915,2";"914,6";"0,6";"76,0";"2,8";"302,30";"0,0"
"10/09/2026";"2100";"17,4";"17,9";"17,3";"95,0";"95,0";"94,0";"16,6";"17,0";"16,4";"914,2";"915,2";"913,9";"1,8";"102,0";"3,3";"189,90";"0,0"
"10/09/2026";"2200";"16,5";"17,4";"16,2";"99,0";"99,0";"95,0";"16,3";"16,5";"15,9";"914,3";"914,4";"914,0";"1,3";"116,0";"3,1";"8,90";"0,0"
"10/09/2026";"2300";"16,6";"16,7";"16,5";"98,0";"99,0";"98,0";"16,3";"16,4";"16,2";"914,3";"914,8";"914,1";"1,8";"98,0";"3,8";"";"0,0"
"11/09/2026";"0000";"16,3";"16,6";"16,1";"99,0";"99,0";"98,0";"16,1";"16,3";"15,9";"916,0";"916,1";"913,8";"1,4";"305,0";"4,0";"";"0,0"
"11/09/2026";"0100";"16,1";"16,4";"16,1";"99,0";"100,0";"99,0";"16,0";"16,2";"16,0";"914,4";"916,2";"914,4";"0,9";"82,0";"4,0";"";"0,0"
"11/09/2026";"0200";"16,2";"16,2";"16,0";"100,0";"100,0";"99,0";"16,2";"16,2";"15,9";"915,7";"915,7";"914,4";"1,1";"4,0";"3,2";"";"0,0"
"11/09/2026";"0300";"16,2";"16,2";"16,0";"100,0";"100,0";"99,0";"16,1";"16,2";"16,0";"918,0";"918,0";"915,7";"1,4";"316,0";"3,1";"";"0,2"
"11/09/2026";"0400";"15,6";"16,1";"15,6";"100,0";"100,0";"100,0";"15,6";"16,1";"15,6";"915,7";"918,0";"915,7";"0,6";"55,0";"3,6";"";"0,4"
"11/09/2026";"0500";"15,2";"15,6";"15,2";"100,0";"100,0";"100,0";"15,2";"15,6";"15,2";"914,7";"915,6";"914,7";"0,9";"55,0";"3,8";"";"0,0"
"11/09/2026";"0600";"14,8";"15,2";"14,8";"98,0";"100,0";"98,0";"14,6";"15,2";"14,6";"913,3";"915,0";"913,3";"1,0";"76,0";"4,1";"";"0,4"
"11/09/2026";"0700";"14,8";"14,8";"14,6";"98,0";"99,0";"98,0";"14,4";"14,6";"14,4";"912,7";"913,6";"912,3";"1,0";"71,0";"3,1";"";"0,0"
"11/09/2026";"0800";"14,5";"14,9";"14,5";"98,0";"98,0";"97,0";"14,2";"14,5";"14,2";"912,4";"914,1";"912,1";"2,3";"96,0";"5,2";"";"0,4"
"11/09/2026";"0900";"14,9";"14,9";"14,4";"97,0";"99,0";"97,0";"14,3";"14,4";"14,2";"913,6";"913,7";"911,6";"1,0";"65,0";"5,8";"";"1,0"
"11/09/2026";"1000";"14,4";"14,9";"14,4";"100,0";"100,0";"97,0";"14,4";"14,4";"14,3";"912,5";"913,4";"912,4";"3,5";"98,0";"5,6";"6,80";"4,2"
"11/09/2026";"1100";"14,5";"14,5";"14,4";"100,0";"100,0";"100,0";"14,5";"14,5";"14,4";"911,4";"912,7";"911,1";"3,8";"94,0";"6,9";"71,80";"0,2"
"11/09/2026";"1200";"14,7";"14,7";"14,5";"100,0";"100,0";"100,0";"14,7";"14,7";"14,5";"912,2";"912,4";"911,0";"1,7";"63,0";"6,4";"62,00";"3,4"
"11/09/2026";"1300";"14,1";"15,2";"14,1";"99,0";"100,0";"96,0";"13,9";"14,9";"13,8";"914,9";"915,0";"912,3";"1,6";"220,0";"9,8";"44,60";"5,9"
"11/09/2026";"1400";"14,1";"14,3";"14,1";"100,0";"100,0";"98,0";"14,1";"14,2";"13,9";"912,8";"915,0";"912,8";"3,3";"101,0";"6,7";"76,00";"6,3"
"11/09/2026";"1500";"14,4";"14,5";"14,1";"100,0";"100,0";"100,0";"14,4";"14,5";"14,1";"912,6";"913,3";"911,9";"1,9";"131,0";"7,4";"180,10";"3,0"
"11/09/2026";"1600";"14,7";"14,7";"14,5";"100,0";"100,0";"100,0";"14,7";"14,7";"14,4";"912,9";"914,1";"912,5";"1,5";"121,0";"3,9";"114,40";"11,1"
"11/09/2026";"1700";"14,8";"15,0";"14,7";"97,0";"100,0";"97,0";"14,4";"14,9";"14,4";"913,3";"913,3";"912,6";"2,7";"303,0";"5,6";"157,90";"6,7"
"11/09/2026";"1800";"14,3";"14,8";"14,3";"99,0";"99,0";"97,0";"14,1";"14,4";"14,1";"913,9";"914,0";"913,1";"3,2";"292,0";"10,2";"70,30";"5,0"
"11/09/2026";"1900";"14,2";"14,4";"14,2";"100,0";"100,0";"99,0";"14,2";"14,3";"14,0";"910,8";"913,7";"910,1";"1,6";"19,0";"6,1";"161,60";"1,8"
"11/09/2026";"2000";"14,5";"14,5";"14,2";"98,0";"100,0";"98,0";"14,3";"14,5";"14,2";"911,0";"911,1";"909,9";"2,5";"308,0";"4,5";"397,80";"0,2"
"11/09/2026";"2100";"14,5";"14,8";"14,5";"99,0";"99,0";"98,0";"14,4";"14,7";"14,3";"912,1";"912,2";"911,0";"2,3";"318,0";"4,5";"280,90";"0,0"
"11/09/2026";"2200";"14,4";"14,5";"14,4";"100,0";"100,0";"99,0";"14,3";"14,4";"14,3";"912,1";"912,4";"911,9";"1,8";"315,0";"4,6";"6,90";"0,0"
"11/09/2026";"2300";"14,1";"14,4";"13,9";"100,0";"100,0";"99,0";"14,1";"14,4";"13,8";"913,3";"913,4";"912,1";"1,7";"338,0";"4,4";"";"0,0"
"12/09/2026";"0000";"14,4";"14,4";"14,1";"100,0";"100,0";"100,0";"14,4";"14,4";"14,1";"914,1";"914,2";"913,3";"1,3";"277,0";"3,7";"";"0,0"
"12/09/2026";"0100";"14,5";"14,5";"14,4";"100,0";"100,0";"100,0";"14,4";"14,5";"14,4";"914,9";"914,9";"914,2";"1,6";"244,0";"4,4";"";"0,0"
"12/09/2026";"0200";"13,6";"14,4";"13,6";"100,0";"100,0";"100,0";"13,6";"14,4";"13,6";"915,5";"915,5";"915,0";"1,0";"236,0";"5,2";"0,20";"0,2"
"12/09/2026";"0300";"13,5";"13,6";"13,4";"100,0";"100,0";"100,0";"13,4";"13,6";"13,3";"916,1";"916,2";"915,5";"1,2";"238,0";"3,0";"";"0,0"
"12/09/2026";"0400";"13,1";"13,5";"13,1";"99,0";"100,0";"99,0";"12,9";"13,5";"12,9";"916,3";"916,4";"916,1";"1,7";"203,0";"3,9";"";"0,0"
"12/09/2026";"0500";"13,0";"13,1";"13,0";"100,0";"100,0";"99,0";"12,9";"13,0";"12,9";"916,2";"916,3";"916,0";"1,1";"210,0";"3,5";"";"0,0"
"12/09/2026";"0600";"12,8";"13,0";"12,8";"100,0";"100,0";"100,0";"12,8";"13,0";"12,8";"916,6";"916,6";"916,3";"2,2";"204,0";"4,1";"";"0,0"
"12/09/2026";"0700";"12,3";"12,8";"12,3";"98,0";"100,0";"98,0";"12,0";"12,8";"12,0";"917,1";"917,1";"916,7";"1,9";"189,0";"4,2";"";"0,2"
"12/09/2026";"0800";"12,0";"12,4";"12,0";"98,0";"98,0";"98,0";"11,8";"12,1";"11,7";"917,4";"917,4";"917,1";"2,0";"181,0";"4,8";"";"0,0"
"12/09/2026";"0900";"11,5";"12,0";"11,5";"99,0";"99,0";"98,0";"11,4";"11,8";"11,3";"918,4";"918,4";"917,4";"2,2";"198,0";"4,8";"";"0,0"
"12/09/2026";"1000";"11,3";"11,5";"11,2";"99,0";"100,0";"99,0";"11,1";"11,5";"11,1";"919,5";"919,5";"918,4";"1,9";"181,0";"5,9";"20,10";"0,0"
"12/09/2026";"1100";"11,0";"11,3";"10,9";"99,0";"99,0";"98,0";"10,8";"11,2";"10,7";"920,8";"920,8";"919,5";"1,9";"209,0";"5,4";"167,50";"0,0"
"12/09/2026";"1200";"11,0";"11,0";"10,8";"99,0";"99,0";"98,0";"10,8";"10,9";"10,6";"921,6";"921,6";"920,7";"1,9";"223,0";"5,6";"349,40";"0,0"
"12/09/2026";"1300";"11,4";"11,6";"10,7";"93,0";"99,0";"89,0";"10,2";"10,8";"9,6";"921,8";"921,9";"921,6";"2,2";"176,0";"4,7";"802,00";"0,0"
"12/09/2026";"1400";"13,0";"13,1";"11,5";"86,0";"94,0";"84,0";"10,7";"11,3";"10,1";"921,5";"921,8";"920,9";"1,9";"170,0";"4,7";"1119,90";"0,0"
"12/09/2026";"1500";"11,5";"13,0";"11,3";"93,0";"94,0";"85,0";"10,4";"10,8";"10,2";"922,3";"922,5";"921,5";"2,4";"209,0";"5,2";"611,20";"0,0"
"12/09/2026";"1600";"12,6";"12,7";"11,5";"86,0";"92,0";"84,0";"10,4";"10,7";"9,9";"922,3";"922,4";"922,0";"2,2";"226,0";"5,2";"983,60";"0,0"
"12/09/2026";"1700";"11,4";"12,6";"11,4";"89,0";"91,0";"84,0";"9,7";"10,6";"9,7";"922,7";"922,7";"922,2";"2,9";"212,0";"6,8";"914,60";"0,0"
"12/09/2026";"1800";"10,7";"11,5";"10,7";"95,0";"96,0";"88,0";"10,0";"10,3";"9,6";"923,1";"923,2";"922,6";"3,0";"202,0";"6,5";"721,20";"0,0"
"12/09/2026";"1900";"11,4";"11,4";"10,5";"89,0";"96,0";"88,0";"9,6";"10,1";"9,5";"923,7";"923,7";"923,1";"2,0";"194,0";"6,2";"611,30";"0,0"
"12/09/2026";"2000";"10,6";"11,6";"10,6";"94,0";"95,0";"86,0";"9,7";"10,0";"9,3";"924,3";"924,3";"923,7";"2,6";"177,0";"5,4";"292,20";"0,0"
"12/09/2026";"2100";"10,4";"10,5";"10,4";"93,0";"96,0";"93,0";"9,4";"9,8";"9,4";"924,9";"924,9";"924,2";"2,5";"178,0";"6,8";"145,40";"0,0"
"12/09/2026";"2200";"10,3";"10,5";"10,3";"93,0";"94,0";"91,0";"9,2";"9,5";"9,0";"925,4";"925,4";"924,9";"1,9";"180,0";"5,8";"3,80";"0,0"
"12/09/2026";"2300";"9,7";"10,4";"9,7";"94,0";"94,0";"91,0";"8,8";"9,1";"8,7";"925,9";"925,9";"925,3";"1,6";"179,0";"5,1";"";"0,0"
"13/09/2026";"0000";"9,9";"10,0";"9,7";"93,0";"95,0";"93,0";"8,8";"9,1";"8,8";"926,2";"926,2";"925,9";"2,1";"174,0";"4,4";"";"0,0"
"13/09/2026";"0100";"9,3";"9,7";"9,3";"91,0";"92,0";"89,0";"7,9";"8,5";"7,9";"926,6";"926,7";"926,3";"3,3";"179,0";"6,6";"";"0,0"
"13/09/2026";"0200";"8,6";"9,3";"8,6";"93,0";"93,0";"91,0";"7,5";"7,9";"7,5";"926,7";"926,8";"926,6";"2,4";"169,0";"6,4";"";"0,0"
"13/09/2026";"0300";"7,8";"8,6";"7,8";"95,0";"96,0";"93,0";"7,1";"7,5";"7,1";"926,7";"926,8";"926,6";"2,2";"170,0";"5,5";"";"0,0"
"13/09/2026";"0400";"7,9";"8,0";"7,8";"93,0";"95,0";"92,0";"6,9";"7,1";"6,8";"926,8";"926,9";"926,6";"2,7";"178,0";"7,3";"";"0,0"
"13/09/2026";"0500";"7,3";"7,9";"7,2";"98,0";"98,0";"93,0";"7,0";"7,0";"6,7";"926,8";"926,9";"926,8";"0,7";"106,0";"3,6";"";"0,0"
"13/09/2026";"0600";"7,5";"7,6";"7,1";"98,0";"99,0";"97,0";"7,3";"7,4";"6,7";"926,5";"926,8";"926,5";"0,4";"110,0";"2,1";"";"0,0"
"13/09/2026";"0700";"6,2";"7,5";"6,2";"100,0";"100,0";"97,0";"6,1";"7,2";"6,1";"926,2";"926,5";"926,1";"0,7";"155,0";"1,8";"";"0,0"
"13/09/2026";"0800";"7,2";"7,2";"6,8";"96,0";"98,0";"96,0";"6,7";"6,7";"6,6";"926,3";"926,3";"926,1";"2,1";"185,0";"4,0";"";"0,0"
"13/09/2026";"0900";"7,7";"7,7";"7,2";"95,0";"97,0";"95,0";"6,9";"7,0";"6,6";"927,0";"927,0";"926,3";"2,1";"193,0";"5,2";"";"0,0"
"13/09/2026";"1000";"7,7";"7,7";"7,7";"91,0";"95,0";"90,0";"6,4";"6,9";"6,2";"927,3";"927,3";"926,9";"2,3";"191,0";"5,4";"29,50";"0,0"
"13/09/2026";"1100";"7,8";"8,0";"7,7";"89,0";"91,0";"88,0";"6,2";"6,5";"6,0";"928,2";"928,2";"927,3";"1,7";"176,0";"6,1";"268,70";"0,0"
"13/09/2026";"1200";"8,6";"9,3";"7,9";"86,0";"90,0";"81,0";"6,4";"6,8";"6,1";"928,4";"928,5";"928,1";"1,5";"168,0";"5,5";"639,40";"0,0"
"13/09/2026";"1300";"9,6";"9,7";"8,6";"77,0";"86,0";"75,0";"5,7";"6,6";"5,3";"928,5";"928,7";"928,4";"1,9";"135,0";"5,2";"752,40";"0,0"
"13/09/2026";"1400";"10,0";"10,0";"9,5";"77,0";"81,0";"73,0";"6,1";"6,5";"5,2";"928,4";"928,7";"928,3";"2,2";"139,0";"5,7";"932,50";"0,0"
"13/09/2026";"1500";"10,6";"10,9";"9,9";"71,0";"77,0";"66,0";"5,6";"6,3";"4,6";"928,2";"928,5";"928,2";"2,5";"154,0";"6,6";"1181,50";"0,0"
"13/09/2026";"1600";"11,6";"12,0";"10,8";"66,0";"72,0";"61,0";"5,4";"6,4";"4,5";"927,4";"928,2";"927,3";"2,5";"140,0";"5,8";"1762,30";"0,0"
"13/09/2026";"1700";"12,3";"13,5";"11,7";"62,0";"68,0";"58,0";"5,2";"6,8";"4,5";"926,2";"927,3";"926,2";"2,7";"137,0";"6,0";"2279,40";"0,0"
"13/09/2026";"1800";"13,5";"13,8";"12,1";"59,0";"66,0";"55,0";"5,8";"6,4";"4,4";"925,3";"926,3";"925,3";"2,6";"134,0";"5,6";"1938,10";"0,0"
"13/09/2026";"1900";"13,9";"13,9";"12,8";"59,0";"64,0";"56,0";"5,9";"6,9";"4,8";"925,1";"925,3";"925,0";"2,1";"134,0";"6,4";"1811,60";"0,0"
"13/09/2026";"2000";"12,4";"14,1";"12,0";"68,0";"68,0";"56,0";"6,7";"6,8";"5,4";"925,4";"925,5";"925,1";"2,7";"187,0";"5,8";"697,00";"0,0"
"13/09/2026";"2100";"10,6";"12,6";"10,6";"74,0";"77,0";"64,0";"6,1";"6,9";"5,8";"926,2";"926,3";"925,4";"2,4";"185,0";"5,7";"293,90";"0,0"
"13/09/2026";"2200";"9,6";"10,6";"9,6";"85,0";"85,0";"74,0";"7,1";"7,2";"6,2";"926,5";"926,5";"926,2";"2,3";"182,0";"6,0";"2,90";"0,0"
"13/09/2026";"2300";"9,0";"9,6";"9,0";"88,0";"89,0";"85,0";"7,1";"7,2";"6,8";"926,5";"926,6";"926,2";"1,9";"152,0";"5,4";"";"0,0"
"14/09/2026";"0000";"8,8";"8,9";"8,8";"90,0";"90,0";"87,0";"7,3";"7,3";"6,9";"926,5";"926,7";"926,4";"1,9";"137,0";"6,0";"";"0,0"
"14/09/2026";"0100";"8,6";"8,7";"8,6";"91,0";"91,0";"89,0";"7,2";"7,2";"7,0";"926,5";"926,6";"926,4";"2,8";"129,0";"5,4";"";"0,0"
"14/09/2026";"0200";"8,3";"8,6";"8,3";"95,0";"96,0";"91,0";"7,6";"7,7";"7,2";"926,2";"926,5";"926,1";"2,6";"112,0";"6,5";"";"0,0"
"14/09/2026";"0300";"8,5";"8,5";"8,3";"88,0";"95,0";"88,0";"6,6";"7,6";"6,6";"925,9";"926,3";"925,9";"2,9";"111,0";"7,2";"";"0,0"
"14/09/2026";"0400";"7,4";"8,5";"7,4";"90,0";"90,0";"86,0";"5,8";"6,8";"5,8";"925,6";"926,2";"925,6";"2,3";"95,0";"6,3";"";"0,0"
"14/09/2026";"0500";"7,3";"7,3";"7,1";"89,0";"92,0";"89,0";"5,6";"5,9";"5,6";"924,8";"925,6";"924,8";"3,0";"107,0";"6,0";"";"0,0"
"14/09/2026";"0600";"7,2";"7,3";"7,1";"91,0";"91,0";"89,0";"5,8";"5,8";"5,5";"923,8";"924,8";"923,8";"3,1";"100,0";"6,2";"";"0,0"
"14/09/2026";"0700";"7,4";"7,4";"7,2";"91,0";"91,0";"89,0";"6,0";"6,0";"5,7";"923,4";"923,8";"923,3";"2,6";"91,0";"6,6";"";"0,0"
"14/09/2026";"0800";"7,5";"7,5";"7,4";"90,0";"91,0";"90,0";"6,0";"6,1";"5,8";"923,5";"923,5";"923,4";"2,7";"96,0";"5,7";"";"0,0"
"14/09/2026";"0900";"7,5";"7,6";"7,5";"91,0";"92,0";"90,0";"6,1";"6,3";"5,9";"923,3";"923,5";"923,3";"3,0";"96,0";"5,6";"";"0,0"
"14/09/2026";"1000";"7,8";"7,8";"7,4";"90,0";"92,0";"90,0";"6,3";"6,4";"6,1";"923,6";"923,7";"923,4";"3,0";"93,0";"5,5";"26,90";"0,0"
"14/09/2026";"1100";"8,8";"8,8";"7,8";"87,0";"91,0";"86,0";"6,7";"6,8";"6,3";"923,0";"923,6";"922,9";"3,2";"95,0";"5,8";"299,60";"0,0"
"14/09/2026";"1200";"9,1";"9,1";"8,9";"94,0";"94,0";"86,0";"8,2";"8,3";"6,7";"923,9";"923,9";"923,1";"1,6";"83,0";"5,7";"556,60";"0,0"
"14/09/2026";"1300";"10,3";"10,3";"8,9";"89,0";"96,0";"89,0";"8,7";"8,9";"8,0";"923,8";"924,0";"923,8";"1,8";"98,0";"4,7";"1048,40";"0,0"
"14/09/2026";"1400";"12,4";"12,4";"10,3";"79,0";"92,0";"78,0";"9,0";"9,4";"8,4";"923,9";"924,0";"923,8";"0,8";"6,0";"2,8";"1154,00";"0,0"
"14/09/2026";"1500";"14,0";"14,1";"12,5";"74,0";"80,0";"70,0";"9,4";"9,8";"8,5";"923,4";"924,0";"923,4";"1,7";"13,0";"5,5";"1613,30";"0,0"
"14/09/2026";"1600";"13,8";"14,0";"13,4";"71,0";"77,0";"71,0";"8,7";"9,9";"8,6";"922,4";"923,3";"922,4";"1,3";"13,0";"4,8";"899,00";"0,0"
"14/09/2026";"1700";"13,8";"13,8";"13,4";"77,0";"78,0";"72,0";"9,9";"9,9";"8,6";"921,6";"922,4";"921,6";"0,9";"342,0";"3,1";"606,10";"0,0"
"14/09/2026";"1800";"13,9";"14,2";"13,8";"74,0";"77,0";"70,0";"9,5";"10,2";"8,5";"920,9";"921,6";"920,9";"1,0";"313,0";"2,5";"629,40";"0,0"
"14/09/2026";"1900";"13,7";"14,2";"13,7";"76,0";"78,0";"70,0";"9,5";"10,0";"8,7";"920,6";"920,9";"920,6";"1,6";"313,0";"3,6";"575,40";"0,0"
"14/09/2026";"2000";"13,8";"14,3";"13,7";"75,0";"79,0";"72,0";"9,5";"10,2";"9,3";"920,8";"920,9";"920,6";"1,1";"312,0";"3,1";"518,30";"0,0"
"14/09/2026";"2100";"12,8";"14,3";"12,8";"85,0";"85,0";"73,0";"10,3";"10,8";"9,4";"920,8";"920,9";"920,6";"0,6";"225,0";"2,6";"216,20";"0,0"
"14/09/2026";"2200";"12,3";"12,8";"12,3";"91,0";"91,0";"85,0";"10,8";"10,8";"10,2";"921,0";"921,1";"920,8";"0,2";"67,0";"1,6";"3,10";"0,0"
"14/09/2026";"2300";"11,9";"12,3";"11,9";"92,0";"92,0";"90,0";"10,6";"10,9";"10,5";"921,2";"921,2";"921,0";"0,6";"87,0";"1,7";"";"0,0"
"15/09/2026";"0000";"10,8";"11,9";"10,8";"95,0";"96,0";"91,0";"10,1";"10,7";"10,0";"921,3";"921,4";"921,2";"0,4";"142,0";"2,5";"";"0,0"
"15/09/2026";"0100";"10,9";"11,1";"10,7";"94,0";"96,0";"93,0";"9,9";"10,3";"9,9";"921,3";"921,5";"921,3";"0,6";"112,0";"2,6";"";"0,0"
"15/09/2026";"0200";"11,0";"11,1";"10,7";"93,0";"95,0";"92,0";"9,9";"10,0";"9,8";"921,3";"921,5";"921,3";"1,5";"358,0";"3,5";"";"0,0"
"15/09/2026";"0300";"10,0";"11,0";"10,0";"97,0";"97,0";"93,0";"9,7";"10,0";"9,6";"921,2";"921,3";"921,1";"0,6";"320,0";"2,7";"";"0,0"
"15/09/2026";"0400";"10,1";"10,3";"10,0";"97,0";"98,0";"97,0";"9,7";"9,8";"9,7";"920,8";"921,3";"920,8";"0,6";"357,0";"2,5";"";"0,0"
"15/09/2026";"0500";"9,8";"10,1";"9,8";"99,0";"99,0";"97,0";"9,6";"9,8";"9,6";"920,4";"920,9";"920,4";"2,5";"329,0";"4,0";"";"0,0"
"15/09/2026";"0600";"9,5";"9,8";"9,5";"100,0";"100,0";"98,0";"9,4";"9,6";"9,4";"919,9";"920,3";"919,8";"1,8";"336,0";"4,5";"";"0,0"
"15/09/2026";"0700";"9,5";"9,5";"9,4";"100,0";"100,0";"100,0";"9,5";"9,5";"9,4";"919,7";"919,9";"919,7";"0,9";"355,0";"2,9";"";"0,0"
"15/09/2026";"0800";"9,7";"9,7";"9,5";"100,0";"100,0";"100,0";"9,7";"9,7";"9,5";"920,1";"920,2";"919,7";"1,1";"307,0";"2,0";"";"0,0"
"15/09/2026";"0900";"9,3";"9,7";"9,2";"100,0";"100,0";"100,0";"9,3";"9,7";"9,2";"920,7";"920,7";"920,1";"1,6";"295,0";"3,5";"";"0,0"
"15/09/2026";"1000";"8,6";"9,3";"8,4";"97,0";"100,0";"97,0";"8,1";"9,3";"8,0";"921,8";"921,8";"920,7";"1,5";"268,0";"3,9";"50,90";"0,0"
"15/09/2026";"1100";"9,4";"9,4";"8,5";"85,0";"97,0";"85,0";"7,0";"8,1";"7,0";"922,7";"922,7";"921,8";"2,7";"265,0";"6,1";"336,40";"0,0"
"15/09/2026";"1200";"10,5";"10,5";"9,2";"78,0";"86,0";"75,0";"6,9";"7,2";"5,9";"923,5";"923,6";"922,7";"2,7";"253,0";"6,9";"975,50";"0,0"
"15/09/2026";"1300";"11,1";"11,1";"9,9";"69,0";"79,0";"68,0";"5,6";"6,8";"5,1";"923,5";"923,7";"923,4";"2,7";"272,0";"6,0";"1549,20";"0,0"
"15/09/2026";"1400";"12,1";"12,4";"10,8";"55,0";"72,0";"49,0";"3,3";"6,0";"2,1";"923,3";"923,6";"923,3";"2,8";"265,0";"7,1";"2456,00";"0,0"
"15/09/2026";"1500";"13,1";"13,1";"11,8";"46,0";"59,0";"46,0";"1,7";"4,5";"1,7";"922,8";"923,4";"922,8";"3,0";"253,0";"5,9";"2696,60";"0,0"
"15/09/2026";"1600";"14,2";"14,2";"12,7";"37,0";"54,0";"35,0";"-0,1";"3,8";"-1,6";"922,4";"922,8";"922,4";"2,7";"236,0";"8,4";"3404,00";"0,0"
"15/09/2026";"1700";"";"";"";"";"";"";"";"";"";"";"";"";"";"";"";"";""
"15/09/2026";"1800";"";"";"";"";"";"";"";"";"";"";"";"";"";"";"";"";""
"15/09/2026";"1900";"";"";"";"";"";"";"";"";"";"";"";"";"";"";"";"";""
"15/09/2026";"2000";"";"";"";"";"";"";"";"";"";"";"";"";"";"";"";"";""
"15/09/2026";"2100";"";"";"";"";"";"";"";"";"";"";"";"";"";"";"";"";""
"15/09/2026";"2200";"";"";"";"";"";"";"";"";"";"";"";"";"";"";"";"";""
"15/09/2026";"2300";"";"";"";"";"";"";"";"";"";"";"";"";"";"";"";"";""